Nombre de Curso,Star,Seccion,Modalidad,Edificio,Salon,Inicio,Final,Dias,Catedratico,Aux,Restricciones,Inicio_Min,Final_Min,Codigo,Nombre_Limpio,Dias_Lista
0001 ETICA PROFESIONAL,Clase normal,A,PRESENCIAL,T-3,404,12:20,13:10,"['X', None, 'X', None, 'X', None, None]",ROGELIO ALFREDO SALAZAR DE LEON,SIN AUXILIAR,Sin restricciones,740,790,0001,ETICA PROFESIONAL,"['Lunes', 'Miercoles', 'Viernes']"
0001 ETICA PROFESIONAL,Clase normal,P,PRESENCIAL,T-1,L-II-1,13:10,14:00,"['X', None, 'X', None, 'X', None, None]",ROGELIO ALFREDO SALAZAR DE LEON,SIN AUXILIAR,Sin restricciones,790,840,0001,ETICA PROFESIONAL,"['Lunes', 'Miercoles', 'Viernes']"
0001 ETICA PROFESIONAL,Clase normal,Q,PRESENCIAL,T-3,109,17:20,18:10,"['X', 'X', 'X', None, None, None, None]",MILDRED CATALINA HERNANDEZ ROLDAN,SIN AUXILIAR,Sin restricciones,1040,1090,0001,ETICA PROFESIONAL,"['Lunes', 'Martes', 'Miercoles']"
0001 ETICA PROFESIONAL,Clase normal,R,PRESENCIAL,T-3,109,18:10,19:00,"['X', 'X', 'X', None, None, None, None]",MILDRED CATALINA HERNANDEZ ROLDAN,SIN AUXILIAR,Sin restricciones,1090,1140,0001,ETICA PROFESIONAL,"['Lunes', 'Martes', 'Miercoles']"
0005 TECNICAS DE ESTUDIO E INVESTIGACION,Clase normal,A,PRESENCIAL,S-12,104,10:40,11:30,"[None, 'X', None, 'X', None, None, None]",EDUARDO MARTIN RIVERA PÉREZ,SIN AUXILIAR,Sin restricciones,640,690,0005,TECNICAS DE ESTUDIO E INVESTIGACION,"['Martes', 'Jueves']"
0005 TECNICAS DE ESTUDIO E INVESTIGACION,Clase normal,D,PRESENCIAL,T-1,L-II-1,14:00,14:50,"['X', 'X', None, None, None, None, None]",CARLOS ENRIQUE GÓMEZ DONIS,SIN AUXILIAR,Sin restricciones,840,890,0005,TECNICAS DE ESTUDIO E INVESTIGACION,"['Lunes', 'Martes']"
0005 TECNICAS DE ESTUDIO E INVESTIGACION,Clase normal,F,PRESENCIAL,S-12,409,09:00,09:50,"[None, 'X', 'X', None, None, None, None]",DENNIS STANLEY BARRIOS GONZALEZ,SIN AUXILIAR,Sin restricciones,540,590,0005,TECNICAS DE ESTUDIO E INVESTIGACION,"['Martes', 'Miercoles']"
0005 TECNICAS DE ESTUDIO E INVESTIGACION,Clase normal,G,PRESENCIAL,S-12,401,09:00,09:50,"['X', None, 'X', None, None, None, None]",WILLIAM ESTUARDO ESCOBAR ARGUETA,SIN AUXILIAR,Sin restricciones,540,590,0005,TECNICAS DE ESTUDIO E INVESTIGACION,"['Lunes', 'Miercoles']"
0005 TECNICAS DE ESTUDIO E INVESTIGACION,Clase normal,H,PRESENCIAL,S-12,304,10:40,11:30,"['X', None, 'X', None, None, None, None]",CINTHYA PATRICIA ORTIZ QUIROA,SIN AUXILIAR,Sin restricciones,640,690,0005,TECNICAS DE ESTUDIO E INVESTIGACION,"['Lunes', 'Miercoles']"
0005 TECNICAS DE ESTUDIO E INVESTIGACION,Clase normal,L,PRESENCIAL,T-3,310,08:50,10:30,"[None, None, None, None, None, 'X', None]",EDWIN JOSUE IXPATA REYES,SIN AUXILIAR,Sin restricciones,530,630,0005,TECNICAS DE ESTUDIO E INVESTIGACION,['Sabado']
0005 TECNICAS DE ESTUDIO E INVESTIGACION,Clase normal,O,PRESENCIAL,T-3,313,15:40,17:20,"[None, None, 'X', None, None, None, None]",EDGAR YANUARIO LAJ HUN,SIN AUXILIAR,Sin restricciones,940,1040,0005,TECNICAS DE ESTUDIO E INVESTIGACION,['Miercoles']
0005 TECNICAS DE ESTUDIO E INVESTIGACION,Clase normal,R,PRESENCIAL,T-3,105,17:20,19:00,"[None, None, 'X', None, None, None, None]",EDGAR YANUARIO LAJ HUN,SIN AUXILIAR,Sin restricciones,1040,1140,0005,TECNICAS DE ESTUDIO E INVESTIGACION,['Miercoles']
0005 TECNICAS DE ESTUDIO E INVESTIGACION,Clase normal,T,PRESENCIAL,T-3,404,15:40,16:30,"['X', None, 'X', None, None, None, None]",INGRID MARISOL FLORES ESTRADA,SIN AUXILIAR,Sin restricciones,940,990,0005,TECNICAS DE ESTUDIO E INVESTIGACION,"['Lunes', 'Miercoles']"
0005 TECNICAS DE ESTUDIO E INVESTIGACION,laboratorio,F,PRESENCIAL,T-7,102,11:20,12:10,"[None, None, None, None, None, 'X', None]",KENNETH ISSUR ESTRADA RUIZ,SIN AUXILIAR,Sin restricciones,680,730,0005,TECNICAS DE ESTUDIO E INVESTIGACION,['Sabado']
0005 TECNICAS DE ESTUDIO E INVESTIGACION,laboratorio,G,PRESENCIAL,T-7,102,12:10,13:00,"[None, None, None, None, None, 'X', None]",KENNETH ISSUR ESTRADA RUIZ,SIN AUXILIAR,Sin restricciones,730,780,0005,TECNICAS DE ESTUDIO E INVESTIGACION,['Sabado']
0005 TECNICAS DE ESTUDIO E INVESTIGACION,laboratorio,H,PRESENCIAL,T-7,102,13:10,14:00,"[None, None, None, None, None, 'X', None]",KENNETH ISSUR ESTRADA RUIZ,SIN AUXILIAR,Sin restricciones,790,840,0005,TECNICAS DE ESTUDIO E INVESTIGACION,['Sabado']
0005 TECNICAS DE ESTUDIO E INVESTIGACION,laboratorio,L,PRESENCIAL,T-7,102,10:30,11:20,"[None, None, None, None, None, 'X', None]",KENNETH ISSUR ESTRADA RUIZ,SIN AUXILIAR,Sin restricciones,630,680,0005,TECNICAS DE ESTUDIO E INVESTIGACION,['Sabado']
0005 TECNICAS DE ESTUDIO E INVESTIGACION,laboratorio,O,PRESENCIAL,T-3,410,10:30,11:20,"[None, None, None, None, None, 'X', None]",KENNETH ISSUR ESTRADA RUIZ,SIN AUXILIAR,Sin restricciones,630,680,0005,TECNICAS DE ESTUDIO E INVESTIGACION,['Sabado']
0005 TECNICAS DE ESTUDIO E INVESTIGACION,laboratorio,T,PRESENCIAL,T-7,102,14:00,14:50,"[None, None, 'X', None, None, None, None]",INGRID MARISOL FLORES ESTRADA,SIN AUXILIAR,Sin restricciones,840,890,0005,TECNICAS DE ESTUDIO E INVESTIGACION,['Miercoles']
0006 IDIOMA TECNICO 1,Clase normal,EI,PRESENCIAL,S-12,301,11:30,12:20,"[None, None, None, 'X', None, None, None]",ERICKA NATHALIE LOPEZ TORRES,SIN AUXILIAR,Ver Restricciones,690,740,0006,IDIOMA TECNICO 1,['Jueves']
0006 IDIOMA TECNICO 1,Clase normal,EI,PRESENCIAL,S-12,301,12:20,13:10,"['X', None, 'X', 'X', None, None, None]",ERICKA NATHALIE LOPEZ TORRES,SIN AUXILIAR,Ver Restricciones,740,790,0006,IDIOMA TECNICO 1,"['Lunes', 'Miercoles', 'Jueves']"
0006 IDIOMA TECNICO 1,Clase normal,F,PRESENCIAL,T-3,305,11:30,13:10,"[None, None, 'X', None, 'X', None, None]",CARLOS LEONEL MUÑOZ LEMUS,SIN AUXILIAR,Ver Restricciones,690,790,0006,IDIOMA TECNICO 1,"['Miercoles', 'Viernes']"
0006 IDIOMA TECNICO 1,Clase normal,G,PRESENCIAL,S-12,102,09:00,09:50,"[None, 'X', None, None, None, None, None]",ERICKA NATHALIE LOPEZ TORRES,SIN AUXILIAR,Ver Restricciones,540,590,0006,IDIOMA TECNICO 1,['Martes']
0006 IDIOMA TECNICO 1,Clase normal,G,PRESENCIAL,S-12,102,09:50,10:40,"['X', 'X', 'X', None, None, None, None]",ERICKA NATHALIE LOPEZ TORRES,SIN AUXILIAR,Ver Restricciones,590,640,0006,IDIOMA TECNICO 1,"['Lunes', 'Martes', 'Miercoles']"
0006 IDIOMA TECNICO 1,Clase normal,J,PRESENCIAL,S-12,102,07:10,08:50,"[None, 'X', 'X', None, None, None, None]",ERICKA NATHALIE LOPEZ TORRES,SIN AUXILIAR,Ver Restricciones,430,530,0006,IDIOMA TECNICO 1,"['Martes', 'Miercoles']"
0006 IDIOMA TECNICO 1,Clase normal,K,PRESENCIAL,S-12,102,10:40,12:20,"['X', None, 'X', None, None, None, None]",ERICKA NATHALIE LOPEZ TORRES,SIN AUXILIAR,Sin restricciones,640,740,0006,IDIOMA TECNICO 1,"['Lunes', 'Miercoles']"
0006 IDIOMA TECNICO 1,Clase normal,M,PRESENCIAL,S-12,307,10:40,12:20,"[None, 'X', None, 'X', None, None, None]",CARLOS LEONEL MUÑOZ LEMUS,SIN AUXILIAR,Ver Restricciones,640,740,0006,IDIOMA TECNICO 1,"['Martes', 'Jueves']"
0006 IDIOMA TECNICO 1,Clase normal,P,PRESENCIAL,T-3,105,15:40,16:30,"['X', 'X', 'X', 'X', None, None, None]",HELEN JEANNETH MARTINEZ SUM,SIN AUXILIAR,Sin restricciones,940,990,0006,IDIOMA TECNICO 1,"['Lunes', 'Martes', 'Miercoles', 'Jueves']"
0006 IDIOMA TECNICO 1,Clase normal,Q,PRESENCIAL,T-3,402,14:00,14:50,"['X', 'X', 'X', 'X', None, None, None]",HELEN JEANNETH MARTINEZ SUM,SIN AUXILIAR,Sin restricciones,840,890,0006,IDIOMA TECNICO 1,"['Lunes', 'Martes', 'Miercoles', 'Jueves']"
0008 IDIOMA TECNICO 2,Clase normal,A,PRESENCIAL,T-3,410,09:00,09:50,"['X', 'X', 'X', 'X', None, None, None]",SORAYA DEL ROSARIO MARTINEZ SUM,SIN AUXILIAR,Sin restricciones,540,590,0008,IDIOMA TECNICO 2,"['Lunes', 'Martes', 'Miercoles', 'Jueves']"
0008 IDIOMA TECNICO 2,Clase normal,O,PRESENCIAL,T-3,404,13:10,14:00,"['X', 'X', 'X', 'X', None, None, None]",HELEN JEANNETH MARTINEZ SUM,SIN AUXILIAR,Sin restricciones,790,840,0008,IDIOMA TECNICO 2,"['Lunes', 'Martes', 'Miercoles', 'Jueves']"
0009 IDIOMA TECNICO 3,Clase normal,A,PRESENCIAL,S-12,307,09:00,09:50,"['X', 'X', 'X', 'X', None, None, None]",CARLOS LEONEL MUÑOZ LEMUS,SIN AUXILIAR,Sin restricciones,540,590,0009,IDIOMA TECNICO 3,"['Lunes', 'Martes', 'Miercoles', 'Jueves']"
0009 IDIOMA TECNICO 3,Clase normal,N,HÍBRIDA,HIBR,VIRTUAL,14:00,15:40,"['X', None, 'X', None, None, None, None]",ERICKA NATHALIE LOPEZ TORRES,SIN AUXILIAR,Sin restricciones,840,940,0009,IDIOMA TECNICO 3,"['Lunes', 'Miercoles']"
0011 IDIOMA TECNICO 4,Clase normal,A,PRESENCIAL,T-3,105,12:20,14:00,"[None, 'X', None, 'X', None, None, None]",CARLOS LEONEL MUÑOZ LEMUS,SIN AUXILIAR,Sin restricciones,740,840,0011,IDIOMA TECNICO 4,"['Martes', 'Jueves']"
0011 IDIOMA TECNICO 4,Clase normal,N,PRESENCIAL,T-3,402,14:50,15:40,"['X', 'X', 'X', 'X', None, None, None]",HELEN JEANNETH MARTINEZ SUM,SIN AUXILIAR,Sin restricciones,890,940,0011,IDIOMA TECNICO 4,"['Lunes', 'Martes', 'Miercoles', 'Jueves']"
0014 ECONOMIA,Clase normal,A+,VIRTUAL,MEET,VIRTUAL,10:30,12:10,"[None, None, None, None, None, 'X', None]",ILEANA GUISELA RALDA R. DE ILLESCAS,KEVIN ESTUARDO SOTOJ GARCÍA,Sin restricciones,630,730,0014,ECONOMIA,['Sabado']
0014 ECONOMIA,Clase normal,A-,VIRTUAL,MEET,VIRTUAL,10:30,12:10,"[None, None, None, None, None, 'X', None]",EVELYN CAROLINA MORALES RUIZ,LUIS CARLOS CORLETO MARROQUIN,Sin restricciones,630,730,0014,ECONOMIA,['Sabado']
0017 AREA SOCIAL HUMANISTICA 1,Clase normal,A,PRESENCIAL,S-12,404,09:00,09:50,"['X', 'X', 'X', None, 'X', None, None]",ANA VELA CASTRO MELLADO,SIN AUXILIAR,Ver Restricciones,540,590,0017,AREA SOCIAL HUMANISTICA 1,"['Lunes', 'Martes', 'Miercoles', 'Viernes']"
0017 AREA SOCIAL HUMANISTICA 1,Clase normal,B,PRESENCIAL,S-12,310,09:50,10:40,"['X', None, 'X', 'X', 'X', None, None]",MONICA MARLENI QUIÑONEZ ANDRADE,SIN AUXILIAR,Ver Restricciones,590,640,0017,AREA SOCIAL HUMANISTICA 1,"['Lunes', 'Miercoles', 'Jueves', 'Viernes']"
0017 AREA SOCIAL HUMANISTICA 1,Clase normal,C,PRESENCIAL,S-12,103,08:00,08:50,"['X', 'X', 'X', None, 'X', None, None]",ANA VELA CASTRO MELLADO,SIN AUXILIAR,Ver Restricciones,480,530,0017,AREA SOCIAL HUMANISTICA 1,"['Lunes', 'Martes', 'Miercoles', 'Viernes']"
0017 AREA SOCIAL HUMANISTICA 1,Clase normal,D,PRESENCIAL,S-12,108,08:00,08:50,"['X', 'X', 'X', None, 'X', None, None]",MONICA MARLENI QUIÑONEZ ANDRADE,SIN AUXILIAR,Ver Restricciones,480,530,0017,AREA SOCIAL HUMANISTICA 1,"['Lunes', 'Martes', 'Miercoles', 'Viernes']"
0017 AREA SOCIAL HUMANISTICA 1,Clase normal,E,PRESENCIAL,S-12,305,11:30,12:20,"['X', 'X', 'X', None, 'X', None, None]",MONICA MARLENI QUIÑONEZ ANDRADE,SIN AUXILIAR,Ver Restricciones,690,740,0017,AREA SOCIAL HUMANISTICA 1,"['Lunes', 'Martes', 'Miercoles', 'Viernes']"
0017 AREA SOCIAL HUMANISTICA 1,Clase normal,F,PRESENCIAL,S-12,301,09:50,10:40,"['X', 'X', 'X', None, 'X', None, None]",CRISTOBAL MARDOQUEO ARRIOLA MAIREN,SIN AUXILIAR,Ver Restricciones,590,640,0017,AREA SOCIAL HUMANISTICA 1,"['Lunes', 'Martes', 'Miercoles', 'Viernes']"
0017 AREA SOCIAL HUMANISTICA 1,Clase normal,G,PRESENCIAL,S-12,107,10:40,11:30,"['X', 'X', 'X', None, 'X', None, None]",CRISTOBAL MARDOQUEO ARRIOLA MAIREN,SIN AUXILIAR,Ver Restricciones,640,690,0017,AREA SOCIAL HUMANISTICA 1,"['Lunes', 'Martes', 'Miercoles', 'Viernes']"
0017 AREA SOCIAL HUMANISTICA 1,Clase normal,H,PRESENCIAL,S-12,108,12:20,13:10,"['X', 'X', 'X', None, 'X', None, None]",EDGAR HAROLDO TORRES SOTO,SIN AUXILIAR,Ver Restricciones,740,790,0017,AREA SOCIAL HUMANISTICA 1,"['Lunes', 'Martes', 'Miercoles', 'Viernes']"
0017 AREA SOCIAL HUMANISTICA 1,Clase normal,I,PRESENCIAL,S-12,405,10:40,11:30,"['X', 'X', 'X', None, 'X', None, None]",PEDRO RAFAEL MORAN ARAGON,SIN AUXILIAR,Ver Restricciones,640,690,0017,AREA SOCIAL HUMANISTICA 1,"['Lunes', 'Martes', 'Miercoles', 'Viernes']"
0017 AREA SOCIAL HUMANISTICA 1,Clase normal,J,PRESENCIAL,S-12,310,10:40,11:30,"['X', 'X', 'X', None, 'X', None, None]",MONICA MARLENI QUIÑONEZ ANDRADE,SIN AUXILIAR,Ver Restricciones,640,690,0017,AREA SOCIAL HUMANISTICA 1,"['Lunes', 'Martes', 'Miercoles', 'Viernes']"
0017 AREA SOCIAL HUMANISTICA 1,Clase normal,L,PRESENCIAL,S-12,303,09:50,10:40,"['X', 'X', 'X', 'X', None, None, None]",PEDRO RAFAEL MORAN ARAGON,SIN AUXILIAR,Ver Restricciones,590,640,0017,AREA SOCIAL HUMANISTICA 1,"['Lunes', 'Martes', 'Miercoles', 'Jueves']"
0017 AREA SOCIAL HUMANISTICA 1,Clase normal,M,PRESENCIAL,S-12,408,09:00,09:50,"['X', 'X', None, 'X', 'X', None, None]",PEDRO RAFAEL MORAN ARAGON,SIN AUXILIAR,Ver Restricciones,540,590,0017,AREA SOCIAL HUMANISTICA 1,"['Lunes', 'Martes', 'Jueves', 'Viernes']"
0017 AREA SOCIAL HUMANISTICA 1,Clase normal,N,PRESENCIAL,T-3,110,14:00,14:50,"['X', 'X', 'X', None, 'X', None, None]",ANA VELA CASTRO MELLADO,SIN AUXILIAR,Ver Restricciones,840,890,0017,AREA SOCIAL HUMANISTICA 1,"['Lunes', 'Martes', 'Miercoles', 'Viernes']"
0017 AREA SOCIAL HUMANISTICA 1,Clase normal,R,PRESENCIAL,T-3,114,13:10,14:00,"['X', 'X', 'X', None, 'X', None, None]",CRISTOBAL MARDOQUEO ARRIOLA MAIREN,SIN AUXILIAR,Sin restricciones,790,840,0017,AREA SOCIAL HUMANISTICA 1,"['Lunes', 'Martes', 'Miercoles', 'Viernes']"
0018 FILOSOFIA DE LA CIENCIA,Clase normal,A,PRESENCIAL,S-12,104,08:00,08:50,"[None, 'X', None, 'X', None, None, None]",ROGELIO ALFREDO SALAZAR DE LEON,SIN AUXILIAR,Sin restricciones,480,530,0018,FILOSOFIA DE LA CIENCIA,"['Martes', 'Jueves']"
0018 FILOSOFIA DE LA CIENCIA,Clase normal,B,PRESENCIAL,S-12,305,09:50,10:40,"[None, 'X', None, 'X', None, None, None]",ROGELIO ALFREDO SALAZAR DE LEON,SIN AUXILIAR,Sin restricciones,590,640,0018,FILOSOFIA DE LA CIENCIA,"['Martes', 'Jueves']"
0018 FILOSOFIA DE LA CIENCIA,Clase normal,D,PRESENCIAL,S-12,305,10:40,11:30,"['X', None, 'X', None, None, None, None]",ROGELIO ALFREDO SALAZAR DE LEON,SIN AUXILIAR,Sin restricciones,640,690,0018,FILOSOFIA DE LA CIENCIA,"['Lunes', 'Miercoles']"
0018 FILOSOFIA DE LA CIENCIA,Clase normal,E,PRESENCIAL,S-12,303,09:00,09:50,"[None, 'X', None, 'X', None, None, None]",ROGELIO ALFREDO SALAZAR DE LEON,SIN AUXILIAR,Sin restricciones,540,590,0018,FILOSOFIA DE LA CIENCIA,"['Martes', 'Jueves']"
0018 FILOSOFIA DE LA CIENCIA,Clase normal,P,PRESENCIAL,T-3,313,14:00,14:50,"[None, 'X', None, 'X', None, None, None]",MILDRED CATALINA HERNANDEZ ROLDAN,SIN AUXILIAR,Sin restricciones,840,890,0018,FILOSOFIA DE LA CIENCIA,"['Martes', 'Jueves']"
0018 FILOSOFIA DE LA CIENCIA,Clase normal,R,PRESENCIAL,T-3,313,14:50,15:40,"[None, 'X', None, 'X', None, None, None]",MILDRED CATALINA HERNANDEZ ROLDAN,SIN AUXILIAR,Sin restricciones,890,940,0018,FILOSOFIA DE LA CIENCIA,"['Martes', 'Jueves']"
0019 AREA SOCIAL HUMANISTICA 2,Clase normal,A,PRESENCIAL,S-12,103,07:10,08:00,"['X', 'X', 'X', None, 'X', None, None]",HILDA MYRIAM MÉNDEZ CASTILLO DE AVILA,SIN AUXILIAR,Sin restricciones,430,480,0019,AREA SOCIAL HUMANISTICA 2,"['Lunes', 'Martes', 'Miercoles', 'Viernes']"
0019 AREA SOCIAL HUMANISTICA 2,Clase normal,B,PRESENCIAL,S-12,106,10:40,11:30,"['X', 'X', 'X', None, 'X', None, None]",EDGAR HAROLDO TORRES SOTO,SIN AUXILIAR,Sin restricciones,640,690,0019,AREA SOCIAL HUMANISTICA 2,"['Lunes', 'Martes', 'Miercoles', 'Viernes']"
0022 PSICOLOGIA INDUSTRIAL,Clase normal,A,VIRTUAL,MEET,VIRTUAL,08:00,08:50,"[None, 'X', None, 'X', None, None, None]",OTTO LEONEL SUÁREZ MOTA,SIN AUXILIAR,Sin restricciones,480,530,0022,PSICOLOGIA INDUSTRIAL,"['Martes', 'Jueves']"
0022 PSICOLOGIA INDUSTRIAL,Clase normal,B,HÍBRIDA,HIBR,VIRTUAL,08:00,08:50,"[None, 'X', None, 'X', None, None, None]",MIRIAM PATRICIA RUBIO CONTRERAS DE AKU,SIN AUXILIAR,Sin restricciones,480,530,0022,PSICOLOGIA INDUSTRIAL,"['Martes', 'Jueves']"
0022 PSICOLOGIA INDUSTRIAL,Clase normal,D,HÍBRIDA,HIBR,VIRTUAL,09:00,09:50,"[None, 'X', None, 'X', None, None, None]",MIRIAM PATRICIA RUBIO CONTRERAS DE AKU,SIN AUXILIAR,Sin restricciones,540,590,0022,PSICOLOGIA INDUSTRIAL,"['Martes', 'Jueves']"
0022 PSICOLOGIA INDUSTRIAL,Clase normal,N+,PRESENCIAL,T-3,114,17:20,18:10,"[None, 'X', None, 'X', None, None, None]",ERWIN DANILO GONZALEZ TREJO,SIN AUXILIAR,Sin restricciones,1040,1090,0022,PSICOLOGIA INDUSTRIAL,"['Martes', 'Jueves']"
0022 PSICOLOGIA INDUSTRIAL,Clase normal,N-,PRESENCIAL,T-3,112,17:20,18:10,"[None, 'X', None, 'X', None, None, None]",KARLA LIZBETH MARTÍNEZ VARGAS,SIN AUXILIAR,Sin restricciones,1040,1090,0022,PSICOLOGIA INDUSTRIAL,"['Martes', 'Jueves']"
0022 PSICOLOGIA INDUSTRIAL,Clase normal,P,PRESENCIAL,T-3,112,18:10,19:00,"[None, 'X', None, 'X', None, None, None]",KARLA LIZBETH MARTÍNEZ VARGAS,SIN AUXILIAR,Sin restricciones,1090,1140,0022,PSICOLOGIA INDUSTRIAL,"['Martes', 'Jueves']"
0027 BIOLOGIA,Clase normal,A,PRESENCIAL,S-12,307,10:40,11:30,"['X', None, 'X', None, 'X', None, None]",PABLO ENRIQUE MORALES PANIAGUA,SIN AUXILIAR,Sin restricciones,640,690,0027,BIOLOGIA,"['Lunes', 'Miercoles', 'Viernes']"
0027 BIOLOGIA,Clase normal,N,PRESENCIAL,T-3,211,17:20,18:10,"['X', None, 'X', None, 'X', None, None]",PABLO ENRIQUE MORALES PANIAGUA,SIN AUXILIAR,Sin restricciones,1040,1090,0027,BIOLOGIA,"['Lunes', 'Miercoles', 'Viernes']"
0028 ECOLOGIA,Clase normal,A+,PRESENCIAL,T-3,316,10:40,11:30,"['X', None, 'X', None, 'X', None, None]",MARILYN CARIBEL ROJAS MALDONADO,SIN AUXILIAR,Sin restricciones,640,690,0028,ECOLOGIA,"['Lunes', 'Miercoles', 'Viernes']"
0028 ECOLOGIA,Clase normal,A-,PRESENCIAL,T-3,110,10:40,11:30,"['X', None, 'X', None, 'X', None, None]",GERARDO ORDONEZ,SIN AUXILIAR,Sin restricciones,640,690,0028,ECOLOGIA,"['Lunes', 'Miercoles', 'Viernes']"
0028 ECOLOGIA,Clase normal,N,PRESENCIAL,T-3,401,14:00,14:50,"['X', None, 'X', None, 'X', None, None]",GERARDO ORDONEZ,SIN AUXILIAR,Sin restricciones,840,890,0028,ECOLOGIA,"['Lunes', 'Miercoles', 'Viernes']"
0028 ECOLOGIA,Clase normal,Q,PRESENCIAL,T-3,214,19:00,19:50,"['X', None, 'X', None, 'X', None, None]",JAIME DOMINGO CARRANZA GONZALEZ,SIN AUXILIAR,Sin restricciones,1140,1190,0028,ECOLOGIA,"['Lunes', 'Miercoles', 'Viernes']"
0030 GEOGRAFIA,Clase normal,A,HÍBRIDA,HIBR,VIRTUAL,07:10,08:50,"[None, 'X', None, None, None, None, None]",ALAN GIOVANI COSILLO PINTO,SIN AUXILIAR,Sin restricciones,430,530,0030,GEOGRAFIA,['Martes']
0030 GEOGRAFIA,Clase normal,B,HÍBRIDA,HIBR,VIRTUAL,09:00,10:40,"[None, None, None, 'X', None, None, None]",ALAN GIOVANI COSILLO PINTO,SIN AUXILIAR,Sin restricciones,540,640,0030,GEOGRAFIA,['Jueves']
0030 GEOGRAFIA,Clase normal,N,HÍBRIDA,HIBR,VIRTUAL,19:00,20:40,"[None, None, None, 'X', None, None, None]",ALAN GIOVANI COSILLO PINTO,SIN AUXILIAR,Sin restricciones,1140,1240,0030,GEOGRAFIA,['Jueves']
0039 DEPORTES 1,Clase normal,B,PRESENCIAL,T-3,317,11:30,12:20,"[None, 'X', None, None, None, None, None]",MARIO ENRIQUE RIVERA GONZALEZ,SIN AUXILIAR,Ver Restricciones,690,740,0039,DEPORTES 1,['Martes']
0039 DEPORTES 1,Clase normal,D,PRESENCIAL,T-3,317,10:40,11:30,"[None, 'X', None, None, None, None, None]",NOEL JOEL GRAMAJO MONTERROSO,SIN AUXILIAR,Ver Restricciones,640,690,0039,DEPORTES 1,['Martes']
0039 DEPORTES 1,Clase normal,E,PRESENCIAL,T-3,317,14:00,14:50,"[None, None, None, None, 'X', None, None]",NOEL JOEL GRAMAJO MONTERROSO,SIN AUXILIAR,Ver Restricciones,840,890,0039,DEPORTES 1,['Viernes']
0039 DEPORTES 1,Clase normal,F,PRESENCIAL,T-3,317,13:10,14:00,"[None, None, 'X', None, None, None, None]",MARIO ENRIQUE RIVERA GONZALEZ,SIN AUXILIAR,Ver Restricciones,790,840,0039,DEPORTES 1,['Miercoles']
0039 DEPORTES 1,Clase normal,G,PRESENCIAL,T-3,317,11:30,12:20,"[None, None, None, None, 'X', None, None]",MARIO ENRIQUE RIVERA GONZALEZ,SIN AUXILIAR,Ver Restricciones,690,740,0039,DEPORTES 1,['Viernes']
0039 DEPORTES 1,Clase normal,H,PRESENCIAL,T-3,317,13:10,14:00,"[None, 'X', None, None, None, None, None]",MARIO ENRIQUE RIVERA GONZALEZ,SIN AUXILIAR,Ver Restricciones,790,840,0039,DEPORTES 1,['Martes']
0039 DEPORTES 1,Clase normal,I,PRESENCIAL,T-3,317,10:40,11:30,"[None, None, None, 'X', None, None, None]",NOEL JOEL GRAMAJO MONTERROSO,SIN AUXILIAR,Ver Restricciones,640,690,0039,DEPORTES 1,['Jueves']
0039 DEPORTES 1,Clase normal,J,PRESENCIAL,T-3,317,12:20,13:10,"[None, None, None, None, 'X', None, None]",NOEL JOEL GRAMAJO MONTERROSO,SIN AUXILIAR,Ver Restricciones,740,790,0039,DEPORTES 1,['Viernes']
0039 DEPORTES 1,Clase normal,L,PRESENCIAL,T-3,317,09:00,09:50,"[None, None, 'X', None, None, None, None]",NOEL JOEL GRAMAJO MONTERROSO,SIN AUXILIAR,Ver Restricciones,540,590,0039,DEPORTES 1,['Miercoles']
0039 DEPORTES 1,Clase normal,M,PRESENCIAL,T-3,317,11:30,12:20,"[None, None, 'X', None, None, None, None]",MARIO ENRIQUE RIVERA GONZALEZ,SIN AUXILIAR,Ver Restricciones,690,740,0039,DEPORTES 1,['Miercoles']
0039 DEPORTES 1,Clase normal,N,PRESENCIAL,T-3,317,16:30,17:20,"[None, None, None, 'X', None, None, None]",NOEL JOEL GRAMAJO MONTERROSO,SIN AUXILIAR,Ver Restricciones,990,1040,0039,DEPORTES 1,['Jueves']
0039 DEPORTES 1,Clase normal,Q,PRESENCIAL,T-3,317,14:50,15:40,"[None, 'X', None, None, None, None, None]",NOEL JOEL GRAMAJO MONTERROSO,SIN AUXILIAR,Sin restricciones,890,940,0039,DEPORTES 1,['Martes']
0039 DEPORTES 1,Clase normal,U,PRESENCIAL,T-3,317,12:20,13:10,"['X', None, None, None, None, None, None]",MARIO ENRIQUE RIVERA GONZALEZ,SIN AUXILIAR,Sin restricciones,740,790,0039,DEPORTES 1,['Lunes']
0039 DEPORTES 1,Clase normal,W,PRESENCIAL,T-3,317,15:40,16:30,"[None, None, None, 'X', None, None, None]",NOEL JOEL GRAMAJO MONTERROSO,SIN AUXILIAR,Sin restricciones,940,990,0039,DEPORTES 1,['Jueves']
0060 TALLER DE SIST DE INF GEOGRAFICA,Clase normal,N,HÍBRIDA,HIBR,VIRTUAL,18:10,19:00,"['X', None, 'X', None, 'X', None, None]",PABLO FERNANDO SANTOS SAMAYOA,SIN AUXILIAR,Sin restricciones,1090,1140,0060,TALLER DE SIST DE INF GEOGRAFICA,"['Lunes', 'Miercoles', 'Viernes']"
0069 AREA TECNICA COMPLEMENTARIA 1,Clase normal,A,PRESENCIAL,S-11,105-DIB,10:40,12:20,"['X', None, None, None, None, None, None]",JUAN ALBERTO ORTIZ ESTURBAN,SIN AUXILIAR,Ver Restricciones,640,740,0069,AREA TECNICA COMPLEMENTARIA 1,['Lunes']
0069 AREA TECNICA COMPLEMENTARIA 1,Clase normal,B,PRESENCIAL,S-11,105-DIB,09:00,10:40,"[None, 'X', None, None, None, None, None]",JUAN ALBERTO ORTIZ ESTURBAN,SIN AUXILIAR,Ver Restricciones,540,640,0069,AREA TECNICA COMPLEMENTARIA 1,['Martes']
0069 AREA TECNICA COMPLEMENTARIA 1,Clase normal,C,PRESENCIAL,S-11,105-DIB,10:40,12:20,"[None, None, None, 'X', None, None, None]",ALLEN EDUARDO RAMIREZ TOLEDO,SIN AUXILIAR,Ver Restricciones,640,740,0069,AREA TECNICA COMPLEMENTARIA 1,['Jueves']
0069 AREA TECNICA COMPLEMENTARIA 1,Clase normal,D,PRESENCIAL,S-11,105-DIB,10:40,12:20,"[None, None, 'X', None, None, None, None]",JUAN ALBERTO ORTIZ ESTURBAN,SIN AUXILIAR,Ver Restricciones,640,740,0069,AREA TECNICA COMPLEMENTARIA 1,['Miercoles']
0069 AREA TECNICA COMPLEMENTARIA 1,Clase normal,E+,PRESENCIAL,S-11,105-DIB,07:10,08:50,"[None, None, 'X', None, None, None, None]",ALLEN EDUARDO RAMIREZ TOLEDO,SIN AUXILIAR,Ver Restricciones,430,530,0069,AREA TECNICA COMPLEMENTARIA 1,['Miercoles']
0069 AREA TECNICA COMPLEMENTARIA 1,Clase normal,E-,PRESENCIAL,S-11,105-DIB,07:10,08:50,"['X', None, None, None, None, None, None]",ALLEN EDUARDO RAMIREZ TOLEDO,SIN AUXILIAR,Ver Restricciones,430,530,0069,AREA TECNICA COMPLEMENTARIA 1,['Lunes']
0069 AREA TECNICA COMPLEMENTARIA 1,Clase normal,F,PRESENCIAL,S-11,105-DIB,10:40,12:20,"[None, 'X', None, None, None, None, None]",ALLEN EDUARDO RAMIREZ TOLEDO,SIN AUXILIAR,Sin restricciones,640,740,0069,AREA TECNICA COMPLEMENTARIA 1,['Martes']
0069 AREA TECNICA COMPLEMENTARIA 1,Clase normal,G,PRESENCIAL,S-11,105-DIB,09:00,10:40,"['X', None, None, None, None, None, None]",ANDREA SUSANA LÓPEZ RAMÍREZ,SIN AUXILIAR,Sin restricciones,540,640,0069,AREA TECNICA COMPLEMENTARIA 1,['Lunes']
0069 AREA TECNICA COMPLEMENTARIA 1,Clase normal,I,PRESENCIAL,S-11,105-DIB,07:10,08:50,"[None, 'X', None, None, None, None, None]",ANDREA SUSANA LÓPEZ RAMÍREZ,SIN AUXILIAR,Sin restricciones,430,530,0069,AREA TECNICA COMPLEMENTARIA 1,['Martes']
0069 AREA TECNICA COMPLEMENTARIA 1,Clase normal,L,PRESENCIAL,S-11,105-DIB,09:00,10:40,"[None, None, None, None, 'X', None, None]",JUAN ALBERTO ORTIZ ESTURBAN,SIN AUXILIAR,Ver Restricciones,540,640,0069,AREA TECNICA COMPLEMENTARIA 1,['Viernes']
0069 AREA TECNICA COMPLEMENTARIA 1,Clase normal,M,PRESENCIAL,S-11,105-DIB,09:00,10:40,"[None, None, 'X', None, None, None, None]",ANDREA SUSANA LÓPEZ RAMÍREZ,SIN AUXILIAR,Ver Restricciones,540,640,0069,AREA TECNICA COMPLEMENTARIA 1,['Miercoles']
0069 AREA TECNICA COMPLEMENTARIA 1,Clase normal,N,PRESENCIAL,S-11,106-DIB,14:00,15:40,"[None, None, None, 'X', None, None, None]",ALLEN EDUARDO RAMIREZ TOLEDO,SIN AUXILIAR,Ver Restricciones,840,940,0069,AREA TECNICA COMPLEMENTARIA 1,['Jueves']
0069 AREA TECNICA COMPLEMENTARIA 1,Clase normal,P,PRESENCIAL,S-11,106-DIB,13:10,14:50,"['X', None, None, None, None, None, None]",ALLEN EDUARDO RAMIREZ TOLEDO,SIN AUXILIAR,Sin restricciones,790,890,0069,AREA TECNICA COMPLEMENTARIA 1,['Lunes']
0069 AREA TECNICA COMPLEMENTARIA 1,Clase normal,Q,PRESENCIAL,S-11,106-DIB,14:50,16:30,"[None, None, 'X', None, None, None, None]",ALLEN EDUARDO RAMIREZ TOLEDO,SIN AUXILIAR,Sin restricciones,890,990,0069,AREA TECNICA COMPLEMENTARIA 1,['Miercoles']
0073 DIBUJO TECNICO MECANICO,Clase normal,N,VIRTUAL,MEET,VIRTUAL,19:00,19:50,"['X', None, None, None, None, None, None]",ESDRAS FELICIANO MIRANDA OROZCO,SIN AUXILIAR,Sin restricciones,1140,1190,0073,DIBUJO TECNICO MECANICO,['Lunes']
0073 DIBUJO TECNICO MECANICO,Clase normal,P,VIRTUAL,MEET,VIRTUAL,19:50,20:40,"[None, None, 'X', None, None, None, None]",ESDRAS FELICIANO MIRANDA OROZCO,SIN AUXILIAR,Sin restricciones,1190,1240,0073,DIBUJO TECNICO MECANICO,['Miercoles']
0073 DIBUJO TECNICO MECANICO,laboratorio,N,VIRTUAL,MEET,VIRTUAL,19:00,19:50,"[None, 'X', None, None, None, None, None]",ESDRAS FELICIANO MIRANDA OROZCO,SIN AUXILIAR,Sin restricciones,1140,1190,0073,DIBUJO TECNICO MECANICO,['Martes']
0073 DIBUJO TECNICO MECANICO,laboratorio,P,VIRTUAL,MEET,VIRTUAL,19:50,20:40,"[None, None, None, 'X', None, None, None]",ESDRAS FELICIANO MIRANDA OROZCO,SIN AUXILIAR,Sin restricciones,1190,1240,0073,DIBUJO TECNICO MECANICO,['Jueves']
0074 DIBUJO CONSTRUCTIVO PARA INGENIERIA,Clase normal,A,PRESENCIAL,S-11,106-DIB,09:00,10:40,"[None, None, None, 'X', None, None, None]",ANDREA SUSANA LÓPEZ RAMÍREZ,SIN AUXILIAR,Sin restricciones,540,640,0074,DIBUJO CONSTRUCTIVO PARA INGENIERIA,['Jueves']
0074 DIBUJO CONSTRUCTIVO PARA INGENIERIA,Clase normal,R,PRESENCIAL,S-11,106-DIB,14:50,16:30,"[None, 'X', None, None, None, None, None]",ALLEN EDUARDO RAMIREZ TOLEDO,SIN AUXILIAR,Sin restricciones,890,990,0074,DIBUJO CONSTRUCTIVO PARA INGENIERIA,['Martes']
0074 DIBUJO CONSTRUCTIVO PARA INGENIERIA,laboratorio,X,PRESENCIAL,S-11,106-DIB,13:10,14:50,"['X', None, None, None, None, None, None]",JUAN ALBERTO ORTIZ ESTURBAN,SIN AUXILIAR,Sin restricciones,790,890,0074,DIBUJO CONSTRUCTIVO PARA INGENIERIA,['Lunes']
0074 DIBUJO CONSTRUCTIVO PARA INGENIERIA,laboratorio,Y,PRESENCIAL,S-11,106-DIB,13:10,14:50,"[None, None, 'X', None, None, None, None]",JUAN ALBERTO ORTIZ ESTURBAN,SIN AUXILIAR,Sin restricciones,790,890,0074,DIBUJO CONSTRUCTIVO PARA INGENIERIA,['Miercoles']
0074 DIBUJO CONSTRUCTIVO PARA INGENIERIA,laboratorio,Z,PRESENCIAL,S-11,106-DIB,13:10,14:50,"[None, None, None, 'X', None, None, None]",JUAN ALBERTO ORTIZ ESTURBAN,SIN AUXILIAR,Sin restricciones,790,890,0074,DIBUJO CONSTRUCTIVO PARA INGENIERIA,['Jueves']
0080 TOPOGRAFIA 1,Clase normal,A,PRESENCIAL,T-3,210,08:00,08:50,"['X', None, 'X', None, 'X', None, None]",NICOLAS DE JESUS GUZMAN SAENZ,SIN AUXILIAR,Sin restricciones,480,530,0080,TOPOGRAFIA 1,"['Lunes', 'Miercoles', 'Viernes']"
0080 TOPOGRAFIA 1,dibujo,1,PRESENCIAL,S-11,104-DIB,07:10,09:40,"[None, 'X', None, None, None, None, None]",MARIO ESTUARDO ARRIOLA AVILA,SIN AUXILIAR,Sin restricciones,430,580,0080,TOPOGRAFIA 1,['Martes']
0080 TOPOGRAFIA 1,dibujo,2,PRESENCIAL,S-11,104-DIB,07:10,09:40,"[None, None, None, None, None, 'X', None]",NICOLAS DE JESUS GUZMAN SAENZ,SIN AUXILIAR,Sin restricciones,430,580,0080,TOPOGRAFIA 1,['Sabado']
0080 TOPOGRAFIA 1,dibujo,3,PRESENCIAL,S-11,104-DIB,09:40,12:10,"[None, None, None, None, None, 'X', None]",MARIO ESTUARDO ARRIOLA AVILA,SIN AUXILIAR,Sin restricciones,580,730,0080,TOPOGRAFIA 1,['Sabado']
0080 TOPOGRAFIA 1,practica,5,PRESENCIAL,T-3,402,07:10,08:50,"[None, None, None, None, None, 'X', None]",JORGE ALEJANDRO AREVALO VALDEZ,SIN AUXILIAR,Sin restricciones,430,530,0080,TOPOGRAFIA 1,['Sabado']
0080 TOPOGRAFIA 1,practica,6+,PRESENCIAL,T-3,211,13:00,14:40,"[None, None, None, None, None, 'X', None]",FERNANDO AMILCAR BOITON VELASQUEZ,SIN AUXILIAR,Ver Restricciones,780,880,0080,TOPOGRAFIA 1,['Sabado']
0080 TOPOGRAFIA 1,practica,6-,PRESENCIAL,T-3,212,13:00,14:40,"[None, None, None, None, None, 'X', None]",LUIS MARTINOLY GODINEZ OROZCO,SIN AUXILIAR,Sin restricciones,780,880,0080,TOPOGRAFIA 1,['Sabado']
0080 TOPOGRAFIA 1,laboratorio,_A,VIRTUAL,MEET,VIRTUAL,07:10,08:50,"[None, None, None, 'X', None, None, None]",JONATHAN ALEXANDER AJBAL CHEGUEN,SIN AUXILIAR,Sin restricciones,430,530,0080,TOPOGRAFIA 1,['Jueves']
0080 TOPOGRAFIA 1,laboratorio,_N,VIRTUAL,MEET,VIRTUAL,16:20,18:00,"[None, None, None, None, None, 'X', None]",JORGE MIGUEL MALDONADO ACEVEDO,SIN AUXILIAR,Sin restricciones,980,1080,0080,TOPOGRAFIA 1,['Sabado']
0082 TOPOGRAFIA 2,Clase normal,A,PRESENCIAL,T-3,210,07:10,08:00,"['X', None, 'X', None, 'X', None, None]",NICOLAS DE JESUS GUZMAN SAENZ,SIN AUXILIAR,Sin restricciones,430,480,0082,TOPOGRAFIA 2,"['Lunes', 'Miercoles', 'Viernes']"
0082 TOPOGRAFIA 2,Clase normal,N,HÍBRIDA,HIBR,VIRTUAL,19:00,19:50,"['X', None, 'X', None, 'X', None, None]",FERNANDO AMILCAR BOITON VELASQUEZ,SIN AUXILIAR,Sin restricciones,1140,1190,0082,TOPOGRAFIA 2,"['Lunes', 'Miercoles', 'Viernes']"
0082 TOPOGRAFIA 2,dibujo,1,PRESENCIAL,S-11,104-DIB,07:10,09:40,"[None, None, None, 'X', None, None, None]",MARIO ESTUARDO ARRIOLA AVILA,SIN AUXILIAR,Sin restricciones,430,580,0082,TOPOGRAFIA 2,['Jueves']
0082 TOPOGRAFIA 2,dibujo,2,PRESENCIAL,S-11,105-DIB,07:10,09:40,"[None, None, None, None, None, 'X', None]",MARIO ESTUARDO ARRIOLA AVILA,SIN AUXILIAR,Sin restricciones,430,580,0082,TOPOGRAFIA 2,['Sabado']
0082 TOPOGRAFIA 2,dibujo,3,PRESENCIAL,S-11,105-DIB,09:40,12:10,"[None, None, None, None, None, 'X', None]",MARIO ESTUARDO ARRIOLA AVILA,SIN AUXILIAR,Sin restricciones,580,730,0082,TOPOGRAFIA 2,['Sabado']
0082 TOPOGRAFIA 2,practica,4,PRESENCIAL,T-3,213,07:10,12:20,"[None, None, None, 'X', None, None, None]",ESTUARDO AUGUSTO GARRIDO CHINCHILLA,SIN AUXILIAR,Sin restricciones,430,740,0082,TOPOGRAFIA 2,['Jueves']
0082 TOPOGRAFIA 2,laboratorio,_N,VIRTUAL,MEET,VIRTUAL,13:50,15:30,"[None, None, None, None, None, 'X', None]",JORGE MIGUEL MALDONADO ACEVEDO,SIN AUXILIAR,Sin restricciones,830,930,0082,TOPOGRAFIA 2,['Sabado']
0082 TOPOGRAFIA 2,laboratorio,_P,VIRTUAL,MEET,VIRTUAL,16:30,18:10,"[None, 'X', None, None, None, None, None]",JONATHAN ALEXANDER AJBAL CHEGUEN,SIN AUXILIAR,Sin restricciones,990,1090,0082,TOPOGRAFIA 2,['Martes']
0084 TOPOGRAFIA 3,Clase normal,N,HÍBRIDA,HIBR,VIRTUAL,17:20,18:10,"['X', None, 'X', None, 'X', None, None]",JORGE ALEJANDRO AREVALO VALDEZ,SIN AUXILIAR,Sin restricciones,1040,1090,0084,TOPOGRAFIA 3,"['Lunes', 'Miercoles', 'Viernes']"
0084 TOPOGRAFIA 3,practica,1,PRESENCIAL,T-3,211,11:20,13:00,"[None, None, None, None, None, 'X', None]",NICOLAS DE JESUS GUZMAN SAENZ,SIN AUXILIAR,Sin restricciones,680,780,0084,TOPOGRAFIA 3,['Sabado']
0084 TOPOGRAFIA 3,laboratorio,_A,VIRTUAL,MEET,VIRTUAL,07:10,11:20,"[None, None, None, None, None, 'X', None]",FERNANDO AMILCAR BOITON VELASQUEZ,SIN AUXILIAR,Sin restricciones,430,680,0084,TOPOGRAFIA 3,['Sabado']
0090 PROGRAMACION DE COMPUTADORAS 1,Clase normal,N,HÍBRIDA,HIBR,VIRTUAL,13:10,14:00,"['X', None, None, None, 'X', None, None]",WILLIAM ESTUARDO ESCOBAR ARGUETA,MARIO ERNESTO MARROQUIN PEREZ,Sin restricciones,790,840,0090,PROGRAMACION DE COMPUTADORAS 1,"['Lunes', 'Viernes']"
0090 PROGRAMACION DE COMPUTADORAS 1,Clase normal,P,VIRTUAL,MEET,VIRTUAL,17:20,18:10,"['X', None, 'X', None, None, None, None]",JURGEN ANDONI RAMIREZ RAMÍREZ,KEVIN JOSUÉ XILOJ SUBUYÚ,Sin restricciones,1040,1090,0090,PROGRAMACION DE COMPUTADORAS 1,"['Lunes', 'Miercoles']"
0090 PROGRAMACION DE COMPUTADORAS 1,laboratorio,N,HÍBRIDA,HIBR,VIRTUAL,12:20,14:00,"[None, 'X', None, None, None, None, None]",MARIO ERNESTO MARROQUIN PEREZ,SIN AUXILIAR,Sin restricciones,740,840,0090,PROGRAMACION DE COMPUTADORAS 1,['Martes']
0090 PROGRAMACION DE COMPUTADORAS 1,laboratorio,P,HÍBRIDA,HIBR,VIRTUAL,12:20,14:00,"[None, 'X', None, None, None, None, None]",KEVIN JOSUÉ XILOJ SUBUYÚ,SIN AUXILIAR,Sin restricciones,740,840,0090,PROGRAMACION DE COMPUTADORAS 1,['Martes']
0092 PROGRAMACION DE COMPUTADORAS 2,Clase normal,N,VIRTUAL,MEET,VIRTUAL,16:30,17:20,"['X', None, 'X', None, None, None, None]",HERMAN IGOR VELIZ LINARES,UZZI LIBNI AARON PINEDA SOLORZANO,Sin restricciones,990,1040,0092,PROGRAMACION DE COMPUTADORAS 2,"['Lunes', 'Miercoles']"
0092 PROGRAMACION DE COMPUTADORAS 2,Clase normal,P,VIRTUAL,MEET,VIRTUAL,18:10,19:00,"[None, 'X', None, 'X', None, None, None]",HERMAN IGOR VELIZ LINARES,JOSUÉ ALEJANDRO PÉREZ BENITO,Sin restricciones,1090,1140,0092,PROGRAMACION DE COMPUTADORAS 2,"['Martes', 'Jueves']"
0092 PROGRAMACION DE COMPUTADORAS 2,Clase normal,Q,VIRTUAL,MEET,VIRTUAL,17:20,18:10,"['X', None, 'X', None, None, None, None]",JOSE ANIBAL SILVA DE LOS ANGELES,JOAB ISRAEL AJSIVINAC AJSIVINAC,Sin restricciones,1040,1090,0092,PROGRAMACION DE COMPUTADORAS 2,"['Lunes', 'Miercoles']"
0092 PROGRAMACION DE COMPUTADORAS 2,Clase normal,R,HÍBRIDA,HIBR,VIRTUAL,13:10,14:00,"[None, None, 'X', None, None, None, None]",WILLIAM ESTUARDO ESCOBAR ARGUETA,JULIO ALFREDO FERNÁNDEZ RODRÍGUEZ,Sin restricciones,790,840,0092,PROGRAMACION DE COMPUTADORAS 2,['Miercoles']
0092 PROGRAMACION DE COMPUTADORAS 2,Clase normal,R,HÍBRIDA,HIBR,VIRTUAL,12:20,13:10,"[None, None, None, None, 'X', None, None]",WILLIAM ESTUARDO ESCOBAR ARGUETA,JULIO ALFREDO FERNÁNDEZ RODRÍGUEZ,Sin restricciones,740,790,0092,PROGRAMACION DE COMPUTADORAS 2,['Viernes']
0092 PROGRAMACION DE COMPUTADORAS 2,laboratorio,N,HÍBRIDA,HIBR,VIRTUAL,12:20,14:00,"[None, 'X', None, None, None, None, None]",UZZI LIBNI AARON PINEDA SOLORZANO,SIN AUXILIAR,Sin restricciones,740,840,0092,PROGRAMACION DE COMPUTADORAS 2,['Martes']
0092 PROGRAMACION DE COMPUTADORAS 2,laboratorio,P,HÍBRIDA,HIBR,VIRTUAL,12:20,14:00,"[None, 'X', None, None, None, None, None]",JOSUÉ ALEJANDRO PÉREZ BENITO,SIN AUXILIAR,Sin restricciones,740,840,0092,PROGRAMACION DE COMPUTADORAS 2,['Martes']
0092 PROGRAMACION DE COMPUTADORAS 2,laboratorio,Q,HÍBRIDA,HIBR,VIRTUAL,12:20,14:00,"[None, 'X', None, None, None, None, None]",JOAB ISRAEL AJSIVINAC AJSIVINAC,SIN AUXILIAR,Sin restricciones,740,840,0092,PROGRAMACION DE COMPUTADORAS 2,['Martes']
0092 PROGRAMACION DE COMPUTADORAS 2,laboratorio,R,HÍBRIDA,HIBR,VIRTUAL,12:20,14:00,"[None, 'X', None, None, None, None, None]",JULIO ALFREDO FERNÁNDEZ RODRÍGUEZ,SIN AUXILIAR,Sin restricciones,740,840,0092,PROGRAMACION DE COMPUTADORAS 2,['Martes']
0101 AREA MATEMATICA BASICA 1,Clase normal,A,PRESENCIAL,S-12,402,07:10,08:50,"['X', 'X', 'X', None, 'X', None, None]",SHARONN PRYSCILA PU MORALES,JOSE DANIEL ELÍAS TEJAXUN SAY,Ver Restricciones,430,530,0101,AREA MATEMATICA BASICA 1,"['Lunes', 'Martes', 'Miercoles', 'Viernes']"
0101 AREA MATEMATICA BASICA 1,Clase normal,B,PRESENCIAL,S-12,405,07:10,08:50,"['X', 'X', 'X', None, 'X', None, None]",RAMON BENJAMIN PIEDRASANTA BATZ,CRISTHIAN RODRIGO MEJIA CACAO,Ver Restricciones,430,530,0101,AREA MATEMATICA BASICA 1,"['Lunes', 'Martes', 'Miercoles', 'Viernes']"
0101 AREA MATEMATICA BASICA 1,Clase normal,C,PRESENCIAL,S-12,402,09:00,10:40,"['X', 'X', 'X', None, 'X', None, None]",MARIO RENE DE LEON GARCIA,HERIBERTO ALEJANDRO VELÁSQUEZ Y VELÁSQUEZ,Ver Restricciones,540,640,0101,AREA MATEMATICA BASICA 1,"['Lunes', 'Martes', 'Miercoles', 'Viernes']"
0101 AREA MATEMATICA BASICA 1,Clase normal,D,PRESENCIAL,S-12,104,09:00,10:40,"['X', 'X', 'X', None, 'X', None, None]",RENATO GIOVANNI PONCIANO SANDOVAL,EDWIN JOSUÉ CASTILLO MENÉNDEZ,Ver Restricciones,540,640,0101,AREA MATEMATICA BASICA 1,"['Lunes', 'Martes', 'Miercoles', 'Viernes']"
0101 AREA MATEMATICA BASICA 1,Clase normal,E,PRESENCIAL,S-12,403,09:00,10:40,"['X', 'X', 'X', None, 'X', None, None]",GUSTAVO ADOLFO SANTOS OROZCO,GABRIEL CANDELARIO ICUTE YUCUTE,Ver Restricciones,540,640,0101,AREA MATEMATICA BASICA 1,"['Lunes', 'Martes', 'Miercoles', 'Viernes']"
0101 AREA MATEMATICA BASICA 1,Clase normal,F,PRESENCIAL,S-12,309,07:10,08:50,"['X', 'X', 'X', None, 'X', None, None]",ERICK GEOVANI AGUSTIN MARROQUIN,ABEL ALEJANDRO SALGUERO UCELO,Ver Restricciones,430,530,0101,AREA MATEMATICA BASICA 1,"['Lunes', 'Martes', 'Miercoles', 'Viernes']"
0101 AREA MATEMATICA BASICA 1,Clase normal,G,PRESENCIAL,S-12,401,07:10,08:50,"['X', 'X', 'X', None, 'X', None, None]",ERICKA JOHANA CANO DIAZ,DIANA LISSETH MORALES MORALES,Ver Restricciones,430,530,0101,AREA MATEMATICA BASICA 1,"['Lunes', 'Martes', 'Miercoles', 'Viernes']"
0101 AREA MATEMATICA BASICA 1,Clase normal,H,PRESENCIAL,S-12,103,09:00,10:40,"['X', 'X', 'X', None, 'X', None, None]",ANGEL DANIEL LOPEZ LOPEZ,LUDDIN FERNANDO ALVAREZ CAMEY,Ver Restricciones,540,640,0101,AREA MATEMATICA BASICA 1,"['Lunes', 'Martes', 'Miercoles', 'Viernes']"
0101 AREA MATEMATICA BASICA 1,Clase normal,I,PRESENCIAL,S-12,405,09:00,10:40,"['X', 'X', 'X', None, 'X', None, None]",FRANCISCO BERNARDO R DE LA ROSA,VICTOR DANIEL TEPÁZ MORENTE,Sin restricciones,540,640,0101,AREA MATEMATICA BASICA 1,"['Lunes', 'Martes', 'Miercoles', 'Viernes']"
0101 AREA MATEMATICA BASICA 1,Clase normal,J,PRESENCIAL,S-12,407,09:00,10:40,"['X', 'X', 'X', None, 'X', None, None]",SILVIA CAROLINA LEMUS CASTRO,WERNNER STEV VÁSQUEZ BRAN,Ver Restricciones,540,640,0101,AREA MATEMATICA BASICA 1,"['Lunes', 'Martes', 'Miercoles', 'Viernes']"
0101 AREA MATEMATICA BASICA 1,Clase normal,K,PRESENCIAL,S-12,404,07:10,08:50,"['X', 'X', 'X', None, 'X', None, None]",FABIOLA BEATRIZ RAMIREZ PINTO,DILAN CARLOS ROLANDO GARCÍA MÉNDEZ,Sin restricciones,430,530,0101,AREA MATEMATICA BASICA 1,"['Lunes', 'Martes', 'Miercoles', 'Viernes']"
0101 AREA MATEMATICA BASICA 1,Clase normal,L,PRESENCIAL,S-12,106,07:10,08:50,"['X', 'X', 'X', None, 'X', None, None]",OSCAR ALBERTO MARTINEZ LOBOS,SAUL ALEJANDRO CIFUENTES VIVAR,Ver Restricciones,430,530,0101,AREA MATEMATICA BASICA 1,"['Lunes', 'Martes', 'Miercoles', 'Viernes']"
0101 AREA MATEMATICA BASICA 1,Clase normal,M,PRESENCIAL,S-12,408,07:10,08:50,"['X', 'X', 'X', None, 'X', None, None]",EDER KEITH PAZ TIGUILA,EDGARD ABRAHAM GARCÍA CUTZ,Ver Restricciones,430,530,0101,AREA MATEMATICA BASICA 1,"['Lunes', 'Martes', 'Miercoles', 'Viernes']"
0101 AREA MATEMATICA BASICA 1,Clase normal,N,PRESENCIAL,T-3,110,14:50,16:30,"['X', 'X', 'X', None, 'X', None, None]",MARIO RENE DE LEON GARCIA,ABEL ALEJANDRO SALGUERO UCELO,Ver Restricciones,890,990,0101,AREA MATEMATICA BASICA 1,"['Lunes', 'Martes', 'Miercoles', 'Viernes']"
0101 AREA MATEMATICA BASICA 1,Clase normal,O,PRESENCIAL,T-3,411,12:20,14:00,"['X', 'X', 'X', None, 'X', None, None]",FRANCISCO BERNARDO R DE LA ROSA,JORGE PABLO ORTIZ SOTO,Ver Restricciones,740,840,0101,AREA MATEMATICA BASICA 1,"['Lunes', 'Martes', 'Miercoles', 'Viernes']"
0101 AREA MATEMATICA BASICA 1,Clase normal,P,PRESENCIAL,T-3,310,14:50,16:30,"['X', 'X', 'X', None, 'X', None, None]",EMELINE LORENA PAREDES SANTIZO,SAUL ALEJANDRO CIFUENTES VIVAR,Sin restricciones,890,990,0101,AREA MATEMATICA BASICA 1,"['Lunes', 'Martes', 'Miercoles', 'Viernes']"
0101 AREA MATEMATICA BASICA 1,Clase normal,Q,PRESENCIAL,T-3,110,09:00,10:40,"['X', 'X', 'X', None, 'X', None, None]",LAURA ROSMERY BRIONES ZELADA,JASMINE MELISSA MARCELA VÁSQUEZ MORALES,Sin restricciones,540,640,0101,AREA MATEMATICA BASICA 1,"['Lunes', 'Martes', 'Miercoles', 'Viernes']"
0101 AREA MATEMATICA BASICA 1,Clase normal,U,PRESENCIAL,T-3,310,18:10,19:50,"['X', 'X', 'X', None, 'X', None, None]",ANGEL DANIEL LOPEZ LOPEZ,ELSA JULISSA GARCÍA LÉMUS,Sin restricciones,1090,1190,0101,AREA MATEMATICA BASICA 1,"['Lunes', 'Martes', 'Miercoles', 'Viernes']"
0101 AREA MATEMATICA BASICA 1,Clase normal,X,PRESENCIAL,S-12,108,09:00,10:40,"['X', 'X', 'X', None, 'X', None, None]",ALEJANDRO ESTRADA MARTINEZ,ELSA JULISSA GARCÍA LÉMUS,Sin restricciones,540,640,0101,AREA MATEMATICA BASICA 1,"['Lunes', 'Martes', 'Miercoles', 'Viernes']"
0101 AREA MATEMATICA BASICA 1,Clase normal,Y,PRESENCIAL,T-3,111,10:40,12:20,"['X', 'X', 'X', None, 'X', None, None]",ERICKA JOHANA CANO DIAZ,STHEEVEN ADONIAS COC CHAN,Sin restricciones,640,740,0101,AREA MATEMATICA BASICA 1,"['Lunes', 'Martes', 'Miercoles', 'Viernes']"
0101 AREA MATEMATICA BASICA 1,Clase normal,Z,PRESENCIAL,T-3,404,07:10,08:50,"['X', 'X', 'X', None, 'X', None, None]",MARIO ENRIQUE RIVERA GONZALEZ,ADONIAS EMANUEL MONROY LOPEZ,Sin restricciones,430,530,0101,AREA MATEMATICA BASICA 1,"['Lunes', 'Martes', 'Miercoles', 'Viernes']"
0103 AREA MATEMATICA BASICA 2,Clase normal,A,PRESENCIAL,T-3,109,07:10,08:50,"['X', 'X', 'X', None, 'X', None, None]",GLENDA PATRICIA GARCIA SORIA,EDWIN JOSUÉ CASTILLO MENÉNDEZ,Sin restricciones,430,530,0103,AREA MATEMATICA BASICA 2,"['Lunes', 'Martes', 'Miercoles', 'Viernes']"
0103 AREA MATEMATICA BASICA 2,Clase normal,C,PRESENCIAL,S-12,301,07:10,08:50,"['X', 'X', 'X', None, 'X', None, None]",JOSE MARIA SAQUIMUX CANASTUJ,HERIBERTO ALEJANDRO VELÁSQUEZ Y VELÁSQUEZ,Sin restricciones,430,530,0103,AREA MATEMATICA BASICA 2,"['Lunes', 'Martes', 'Miercoles', 'Viernes']"
0103 AREA MATEMATICA BASICA 2,Clase normal,E,PRESENCIAL,T-3,402,09:00,10:40,"['X', 'X', 'X', None, 'X', None, None]",CARLOS ALFREDO ANGULO HUERGO,MILDER ALEXANDER MAZARIEGOS MAZARIEGOS,Sin restricciones,540,640,0103,AREA MATEMATICA BASICA 2,"['Lunes', 'Martes', 'Miercoles', 'Viernes']"
0103 AREA MATEMATICA BASICA 2,Clase normal,F,PRESENCIAL,T-3,114,09:00,10:40,"['X', 'X', 'X', None, 'X', None, None]",JOSE ALBERTO BOY PIEDRASANTA,BRYAN ESTUARDO DE LEÓN ESTRADA,Sin restricciones,540,640,0103,AREA MATEMATICA BASICA 2,"['Lunes', 'Martes', 'Miercoles', 'Viernes']"
0103 AREA MATEMATICA BASICA 2,Clase normal,G,PRESENCIAL,T-3,414,09:00,10:40,"['X', 'X', 'X', None, 'X', None, None]",CARLOS AUGUSTO MORALES SANTACRUZ,ABEL ALEJANDRO SALGUERO UCELO,Sin restricciones,540,640,0103,AREA MATEMATICA BASICA 2,"['Lunes', 'Martes', 'Miercoles', 'Viernes']"
0103 AREA MATEMATICA BASICA 2,Clase normal,H,PRESENCIAL,S-12,301,09:00,10:40,"['X', 'X', 'X', None, 'X', None, None]",HELEN ROCIO RAMIREZ LUCAS,MICHELLE CAROLINA RIZZO LÓPEZ,Sin restricciones,540,640,0103,AREA MATEMATICA BASICA 2,"['Lunes', 'Martes', 'Miercoles', 'Viernes']"
0103 AREA MATEMATICA BASICA 2,Clase normal,M,PRESENCIAL,T-3,111,13:10,14:50,"['X', 'X', 'X', None, 'X', None, None]",SILVIA PATRICIA HURTARTE HERNANDEZ,DILAN CARLOS ROLANDO GARCÍA MÉNDEZ,Sin restricciones,790,890,0103,AREA MATEMATICA BASICA 2,"['Lunes', 'Martes', 'Miercoles', 'Viernes']"
0103 AREA MATEMATICA BASICA 2,Clase normal,N,PRESENCIAL,T-3,309,14:50,16:30,"['X', 'X', 'X', None, 'X', None, None]",GUSTAVO ADOLFO SANTOS OROZCO,EDWIN JOSUÉ CASTILLO MENÉNDEZ,Sin restricciones,890,990,0103,AREA MATEMATICA BASICA 2,"['Lunes', 'Martes', 'Miercoles', 'Viernes']"
0103 AREA MATEMATICA BASICA 2,Clase normal,P,PRESENCIAL,T-3,112,14:50,16:30,"['X', 'X', 'X', None, 'X', None, None]",JOSE ALBERTO BOY PIEDRASANTA,EDGARD ABRAHAM GARCÍA CUTZ,Sin restricciones,890,990,0103,AREA MATEMATICA BASICA 2,"['Lunes', 'Martes', 'Miercoles', 'Viernes']"
0103 AREA MATEMATICA BASICA 2,Clase normal,S,PRESENCIAL,T-3,111,19:00,20:40,"['X', 'X', 'X', None, 'X', None, None]",OSWALDO ROMEO ESCOBAR ALVAREZ,MAXEL ANTONI YONATHAN FAJARDO ESPINO,Sin restricciones,1140,1240,0103,AREA MATEMATICA BASICA 2,"['Lunes', 'Martes', 'Miercoles', 'Viernes']"
0107 AREA MATEMATICA INTERMEDIA 1,Clase normal,A,PRESENCIAL,T-3,105,09:00,10:40,"['X', 'X', 'X', None, 'X', None, None]",ARTURO RODRIGO SAMAYOA DARDON,PEDRO PABLO GUZMAN MILIAN,Sin restricciones,540,640,0107,AREA MATEMATICA INTERMEDIA 1,"['Lunes', 'Martes', 'Miercoles', 'Viernes']"
0107 AREA MATEMATICA INTERMEDIA 1,Clase normal,B,PRESENCIAL,T-3,209,09:00,10:40,"['X', 'X', 'X', None, 'X', None, None]",CESAR ARIEL VILLELA RODAS,BERTI GABRIELA ZEPEDA SANDOVAL,Sin restricciones,540,640,0107,AREA MATEMATICA INTERMEDIA 1,"['Lunes', 'Martes', 'Miercoles', 'Viernes']"
0107 AREA MATEMATICA INTERMEDIA 1,Clase normal,D,PRESENCIAL,T-3,112,09:00,10:40,"['X', 'X', 'X', None, 'X', None, None]",ANGEL ROBERTO SIC GARCIA,SOFIA PAOLA ARDIANO SOLIS,Sin restricciones,540,640,0107,AREA MATEMATICA INTERMEDIA 1,"['Lunes', 'Martes', 'Miercoles', 'Viernes']"
0107 AREA MATEMATICA INTERMEDIA 1,Clase normal,E,PRESENCIAL,S-12,411,09:00,10:40,"['X', 'X', 'X', None, 'X', None, None]",DOUGLAS KENEDY ROMAN AVILA,CRISTHIAN RODRIGO MEJIA CACAO,Sin restricciones,540,640,0107,AREA MATEMATICA INTERMEDIA 1,"['Lunes', 'Martes', 'Miercoles', 'Viernes']"
0107 AREA MATEMATICA INTERMEDIA 1,Clase normal,F,PRESENCIAL,S-12,106,09:00,10:40,"['X', 'X', 'X', None, 'X', None, None]",NERY AMILCAR MEJIA GODINEZ,DIANA LISSETH MORALES MORALES,Sin restricciones,540,640,0107,AREA MATEMATICA INTERMEDIA 1,"['Lunes', 'Martes', 'Miercoles', 'Viernes']"
0107 AREA MATEMATICA INTERMEDIA 1,Clase normal,G,PRESENCIAL,S-12,107,09:00,10:40,"['X', 'X', 'X', None, 'X', None, None]",SILVIA PATRICIA HURTARTE HERNANDEZ,DILAN CARLOS ROLANDO GARCÍA MÉNDEZ,Sin restricciones,540,640,0107,AREA MATEMATICA INTERMEDIA 1,"['Lunes', 'Martes', 'Miercoles', 'Viernes']"
0107 AREA MATEMATICA INTERMEDIA 1,Clase normal,H,PRESENCIAL,S-12,308,07:10,08:50,"['X', 'X', 'X', None, 'X', None, None]",AMAHAN SANCHEZ ALVAREZ,JASMINE MELISSA MARCELA VÁSQUEZ MORALES,Sin restricciones,430,530,0107,AREA MATEMATICA INTERMEDIA 1,"['Lunes', 'Martes', 'Miercoles', 'Viernes']"
0107 AREA MATEMATICA INTERMEDIA 1,Clase normal,I,PRESENCIAL,T-3,109,09:50,11:30,"['X', 'X', 'X', None, 'X', None, None]",GLENDA PATRICIA GARCIA SORIA,EDVIN YAHIR PERNILLO MORATAYA,Sin restricciones,590,690,0107,AREA MATEMATICA INTERMEDIA 1,"['Lunes', 'Martes', 'Miercoles', 'Viernes']"
0107 AREA MATEMATICA INTERMEDIA 1,Clase normal,N,PRESENCIAL,T-3,111,14:50,16:30,"['X', 'X', 'X', None, 'X', None, None]",NERY AMILCAR MEJIA GODINEZ,DIANA LISSETH MORALES MORALES,Sin restricciones,890,990,0107,AREA MATEMATICA INTERMEDIA 1,"['Lunes', 'Martes', 'Miercoles', 'Viernes']"
0107 AREA MATEMATICA INTERMEDIA 1,Clase normal,Q,PRESENCIAL,T-3,309,18:10,19:50,"['X', 'X', 'X', None, 'X', None, None]",OSCAR HUMBERTO MONTES ESTRADA,WILBER STEVEN ZUÑIGA RUANO,Sin restricciones,1090,1190,0107,AREA MATEMATICA INTERMEDIA 1,"['Lunes', 'Martes', 'Miercoles', 'Viernes']"
0112 AREA MATEMATICA INTERMEDIA 2,Clase normal,C,PRESENCIAL,T-3,211,09:00,09:50,"['X', 'X', 'X', None, 'X', None, None]",FRANCISCO JAVIER GARCIA FLORES,SAUL ALEJANDRO CIFUENTES VIVAR,Sin restricciones,540,590,0112,AREA MATEMATICA INTERMEDIA 2,"['Lunes', 'Martes', 'Miercoles', 'Viernes']"
0112 AREA MATEMATICA INTERMEDIA 2,Clase normal,D,PRESENCIAL,T-3,310,09:00,09:50,"['X', 'X', 'X', None, 'X', None, None]",GERSON JONATAN RAMIREZ BACH,ENNER ESAÍ MENDIZABAL CASTRO,Sin restricciones,540,590,0112,AREA MATEMATICA INTERMEDIA 2,"['Lunes', 'Martes', 'Miercoles', 'Viernes']"
0112 AREA MATEMATICA INTERMEDIA 2,Clase normal,E,PRESENCIAL,T-7,201,09:00,09:50,"['X', 'X', 'X', None, 'X', None, None]",PABLO RODOLFO ZUÑIGA RAMIREZ,DIEGO ALESSANDRO CONSTANZA PADILLA,Sin restricciones,540,590,0112,AREA MATEMATICA INTERMEDIA 2,"['Lunes', 'Martes', 'Miercoles', 'Viernes']"
0112 AREA MATEMATICA INTERMEDIA 2,Clase normal,F,PRESENCIAL,T-3,312,08:00,08:50,"['X', 'X', 'X', None, 'X', None, None]",CARLOS ALFREDO ANGULO HUERGO,MILDER ALEXANDER MAZARIEGOS MAZARIEGOS,Sin restricciones,480,530,0112,AREA MATEMATICA INTERMEDIA 2,"['Lunes', 'Martes', 'Miercoles', 'Viernes']"
0112 AREA MATEMATICA INTERMEDIA 2,Clase normal,M,PRESENCIAL,T-3,209,14:00,14:50,"['X', 'X', 'X', None, 'X', None, None]",FRANCISCO JAVIER GARCIA FLORES,JORGE PABLO ORTIZ SOTO,Sin restricciones,840,890,0112,AREA MATEMATICA INTERMEDIA 2,"['Lunes', 'Martes', 'Miercoles', 'Viernes']"
0112 AREA MATEMATICA INTERMEDIA 2,Clase normal,N,PRESENCIAL,T-7,101,14:50,15:40,"['X', 'X', 'X', None, 'X', None, None]",OSCAR ALBERTO MARTINEZ LOBOS,JOSÉ DANIEL FUENTES OROZCO,Sin restricciones,890,940,0112,AREA MATEMATICA INTERMEDIA 2,"['Lunes', 'Martes', 'Miercoles', 'Viernes']"
0112 AREA MATEMATICA INTERMEDIA 2,Clase normal,P,PRESENCIAL,T-3,314,15:40,16:30,"['X', 'X', 'X', None, 'X', None, None]",ALEJANDRO ESTRADA MARTINEZ,GABRIEL CANDELARIO ICUTE YUCUTE,Sin restricciones,940,990,0112,AREA MATEMATICA INTERMEDIA 2,"['Lunes', 'Martes', 'Miercoles', 'Viernes']"
0112 AREA MATEMATICA INTERMEDIA 2,Clase normal,Q,PRESENCIAL,T-3,315,14:50,15:40,"['X', 'X', 'X', None, 'X', None, None]",OSCAR HUMBERTO MONTES ESTRADA,BRAYAN ALEXANDER MEJÍA BARRIENTOS,Sin restricciones,890,940,0112,AREA MATEMATICA INTERMEDIA 2,"['Lunes', 'Martes', 'Miercoles', 'Viernes']"
0112 AREA MATEMATICA INTERMEDIA 2,Clase normal,R,PRESENCIAL,T-3,401,17:20,18:10,"['X', 'X', 'X', None, 'X', None, None]",JUAN ORLANDO LOPEZ OROZCO,MAXEL ANTONI YONATHAN FAJARDO ESPINO,Sin restricciones,1040,1090,0112,AREA MATEMATICA INTERMEDIA 2,"['Lunes', 'Martes', 'Miercoles', 'Viernes']"
0114 AREA MATEMATICA INTERMEDIA 3,Clase normal,C,PRESENCIAL,T-3,211,09:50,10:40,"['X', 'X', 'X', None, 'X', None, None]",FRANCISCO JAVIER GARCIA FLORES,SAUL ALEJANDRO CIFUENTES VIVAR,Sin restricciones,590,640,0114,AREA MATEMATICA INTERMEDIA 3,"['Lunes', 'Martes', 'Miercoles', 'Viernes']"
0114 AREA MATEMATICA INTERMEDIA 3,Clase normal,D,PRESENCIAL,T-3,310,09:50,10:40,"['X', 'X', 'X', None, 'X', None, None]",SHARONN PRYSCILA PU MORALES,STHEEVEN ADONIAS COC CHAN,Sin restricciones,590,640,0114,AREA MATEMATICA INTERMEDIA 3,"['Lunes', 'Martes', 'Miercoles', 'Viernes']"
0114 AREA MATEMATICA INTERMEDIA 3,Clase normal,E,PRESENCIAL,T-7,201,09:50,10:40,"['X', 'X', 'X', None, 'X', None, None]",PABLO RODOLFO ZUÑIGA RAMIREZ,DIEGO ALESSANDRO CONSTANZA PADILLA,Sin restricciones,590,640,0114,AREA MATEMATICA INTERMEDIA 3,"['Lunes', 'Martes', 'Miercoles', 'Viernes']"
0114 AREA MATEMATICA INTERMEDIA 3,Clase normal,F,PRESENCIAL,T-3,114,08:00,08:50,"['X', 'X', 'X', None, 'X', None, None]",SILVIA CAROLINA LEMUS CASTRO,JOHAN ESTIVEN SABÁN LÓPEZ,Sin restricciones,480,530,0114,AREA MATEMATICA INTERMEDIA 3,"['Lunes', 'Martes', 'Miercoles', 'Viernes']"
0114 AREA MATEMATICA INTERMEDIA 3,Clase normal,G,PRESENCIAL,T-3,305,13:10,14:00,"['X', 'X', 'X', None, 'X', None, None]",ALEJANDRO ESTRADA MARTINEZ,EDVIN YAHIR PERNILLO MORATAYA,Sin restricciones,790,840,0114,AREA MATEMATICA INTERMEDIA 3,"['Lunes', 'Martes', 'Miercoles', 'Viernes']"
0114 AREA MATEMATICA INTERMEDIA 3,Clase normal,M,PRESENCIAL,T-3,209,14:50,15:40,"['X', 'X', 'X', None, 'X', None, None]",FRANCISCO JAVIER GARCIA FLORES,JORGE PABLO ORTIZ SOTO,Sin restricciones,890,940,0114,AREA MATEMATICA INTERMEDIA 3,"['Lunes', 'Martes', 'Miercoles', 'Viernes']"
0114 AREA MATEMATICA INTERMEDIA 3,Clase normal,N,PRESENCIAL,T-7,101,15:40,16:30,"['X', 'X', 'X', None, 'X', None, None]",OSCAR ALBERTO MARTINEZ LOBOS,JOSÉ DANIEL FUENTES OROZCO,Sin restricciones,940,990,0114,AREA MATEMATICA INTERMEDIA 3,"['Lunes', 'Martes', 'Miercoles', 'Viernes']"
0114 AREA MATEMATICA INTERMEDIA 3,Clase normal,P,PRESENCIAL,T-3,315,15:40,16:30,"['X', 'X', 'X', None, 'X', None, None]",OSCAR HUMBERTO MONTES ESTRADA,BRAYAN ALEXANDER MEJÍA BARRIENTOS,Sin restricciones,940,990,0114,AREA MATEMATICA INTERMEDIA 3,"['Lunes', 'Martes', 'Miercoles', 'Viernes']"
0114 AREA MATEMATICA INTERMEDIA 3,Clase normal,Q,PRESENCIAL,T-3,210,16:30,17:20,"['X', 'X', 'X', None, 'X', None, None]",SHARONN PRYSCILA PU MORALES,ELSA JULISSA GARCÍA LÉMUS,Sin restricciones,990,1040,0114,AREA MATEMATICA INTERMEDIA 3,"['Lunes', 'Martes', 'Miercoles', 'Viernes']"
0116 MATEMATICA APLICADA 3,Clase normal,A,PRESENCIAL,T-3,113,09:00,09:50,"['X', None, 'X', None, 'X', None, None]",EDER KEITH PAZ TIGUILA,EDGARD ABRAHAM GARCÍA CUTZ,Sin restricciones,540,590,0116,MATEMATICA APLICADA 3,"['Lunes', 'Miercoles', 'Viernes']"
0116 MATEMATICA APLICADA 3,Clase normal,B,PRESENCIAL,T-3,109,09:00,09:50,"['X', None, 'X', None, 'X', None, None]",RENALDO GIRON ALVARADO,JOSE DANIEL ELÍAS TEJAXUN SAY,Sin restricciones,540,590,0116,MATEMATICA APLICADA 3,"['Lunes', 'Miercoles', 'Viernes']"
0116 MATEMATICA APLICADA 3,Clase normal,C,PRESENCIAL,T-3,105,11:30,12:20,"['X', None, 'X', None, 'X', None, None]",RENATO GIOVANNI PONCIANO SANDOVAL,BRAYAN ALEXANDER MEJÍA BARRIENTOS,Sin restricciones,690,740,0116,MATEMATICA APLICADA 3,"['Lunes', 'Miercoles', 'Viernes']"
0116 MATEMATICA APLICADA 3,Clase normal,N,PRESENCIAL,T-3,109,14:00,14:50,"['X', None, 'X', None, 'X', None, None]",RENALDO GIRON ALVARADO,BRAYAN ALEXANDER MEJÍA BARRIENTOS,Sin restricciones,840,890,0116,MATEMATICA APLICADA 3,"['Lunes', 'Miercoles', 'Viernes']"
0116 MATEMATICA APLICADA 3,Clase normal,P,PRESENCIAL,T-3,113,14:50,15:40,"['X', None, 'X', None, 'X', None, None]",EDER KEITH PAZ TIGUILA,GABRIEL CANDELARIO ICUTE YUCUTE,Sin restricciones,890,940,0116,MATEMATICA APLICADA 3,"['Lunes', 'Miercoles', 'Viernes']"
0116 MATEMATICA APLICADA 3,Clase normal,Q,PRESENCIAL,T-3,112,15:40,16:30,"['X', None, 'X', None, 'X', None, None]",CARLOS ALBERTO GARRIDO LOPEZ,EDVIN YAHIR PERNILLO MORATAYA,Sin restricciones,940,990,0116,MATEMATICA APLICADA 3,"['Lunes', 'Miercoles', 'Viernes']"
0116 MATEMATICA APLICADA 3,Clase normal,R,PRESENCIAL,T-3,210,17:20,18:10,"['X', None, 'X', None, 'X', None, None]",MARIO GUSTAVO LOPEZ HERNANDEZ,ELSA JULISSA GARCÍA LÉMUS,Sin restricciones,1040,1090,0116,MATEMATICA APLICADA 3,"['Lunes', 'Miercoles', 'Viernes']"
0118 MATEMATICA APLICADA 1,Clase normal,A,PRESENCIAL,T-3,113,09:50,10:40,"['X', None, 'X', None, 'X', None, None]",ERICK GEOVANI AGUSTIN MARROQUIN,EDGARD ABRAHAM GARCÍA CUTZ,Sin restricciones,590,640,0118,MATEMATICA APLICADA 1,"['Lunes', 'Miercoles', 'Viernes']"
0118 MATEMATICA APLICADA 1,Clase normal,B,PRESENCIAL,T-3,109,09:50,10:40,"['X', None, 'X', None, 'X', None, None]",RENALDO GIRON ALVARADO,JOSE DANIEL ELÍAS TEJAXUN SAY,Sin restricciones,590,640,0118,MATEMATICA APLICADA 1,"['Lunes', 'Miercoles', 'Viernes']"
0118 MATEMATICA APLICADA 1,Clase normal,C,PRESENCIAL,T-3,305,10:40,11:30,"['X', None, 'X', None, 'X', None, None]",GERSON JONATAN RAMIREZ BACH,SOFIA PAOLA ARDIANO SOLIS,Sin restricciones,640,690,0118,MATEMATICA APLICADA 1,"['Lunes', 'Miercoles', 'Viernes']"
0118 MATEMATICA APLICADA 1,Clase normal,N,PRESENCIAL,T-3,213,16:30,17:20,"['X', None, 'X', None, 'X', None, None]",DOUGLAS KENEDY ROMAN AVILA,WILBER STEVEN ZUÑIGA RUANO,Sin restricciones,990,1040,0118,MATEMATICA APLICADA 1,"['Lunes', 'Miercoles', 'Viernes']"
0118 MATEMATICA APLICADA 1,Clase normal,O,PRESENCIAL,T-3,402,15:40,16:30,"['X', None, 'X', None, 'X', None, None]",JUAN ORLANDO LOPEZ OROZCO,MICHELLE CAROLINA RIZZO LÓPEZ,Sin restricciones,940,990,0118,MATEMATICA APLICADA 1,"['Lunes', 'Miercoles', 'Viernes']"
0118 MATEMATICA APLICADA 1,Clase normal,Q,PRESENCIAL,T-3,401,18:10,19:00,"['X', None, 'X', None, 'X', None, None]",JUAN ORLANDO LOPEZ OROZCO,MAXEL ANTONI YONATHAN FAJARDO ESPINO,Sin restricciones,1090,1140,0118,MATEMATICA APLICADA 1,"['Lunes', 'Miercoles', 'Viernes']"
0118 MATEMATICA APLICADA 1,Clase normal,R,PRESENCIAL,T-3,213,17:20,18:10,"['X', None, 'X', None, 'X', None, None]",DOUGLAS KENEDY ROMAN AVILA,WILBER STEVEN ZUÑIGA RUANO,Sin restricciones,1040,1090,0118,MATEMATICA APLICADA 1,"['Lunes', 'Miercoles', 'Viernes']"
0120 MATEMATICA APLICADA 2,Clase normal,N,PRESENCIAL,T-3,312,15:40,16:30,"['X', None, 'X', None, 'X', None, None]",JOSE MARIA SAQUIMUX CANASTUJ,HERIBERTO ALEJANDRO VELÁSQUEZ Y VELÁSQUEZ,Sin restricciones,940,990,0120,MATEMATICA APLICADA 2,"['Lunes', 'Miercoles', 'Viernes']"
0122 MATEMATICA APLICADA 4,Clase normal,N,PRESENCIAL,T-3,414,14:50,15:40,"['X', None, 'X', None, 'X', None, None]",CARLOS AUGUSTO MORALES SANTACRUZ,EDVIN YAHIR PERNILLO MORATAYA,Sin restricciones,890,940,0122,MATEMATICA APLICADA 4,"['Lunes', 'Miercoles', 'Viernes']"
0123 MATEMATICA APLICADA 5,Clase normal,A,PRESENCIAL,T-3,309,07:10,08:00,"['X', None, 'X', None, 'X', None, None]",LUIS CARLOS BOLANOS MENDEZ,JOHAN ESTIVEN SABÁN LÓPEZ,Sin restricciones,430,480,0123,MATEMATICA APLICADA 5,"['Lunes', 'Miercoles', 'Viernes']"
0123 MATEMATICA APLICADA 5,Clase normal,N,PRESENCIAL,T-3,312,16:30,17:20,"['X', None, 'X', None, 'X', None, None]",JOSE MARIA SAQUIMUX CANASTUJ,HERIBERTO ALEJANDRO VELÁSQUEZ Y VELÁSQUEZ,Sin restricciones,990,1040,0123,MATEMATICA APLICADA 5,"['Lunes', 'Miercoles', 'Viernes']"
0147 FISICA BASICA,Clase normal,A,PRESENCIAL,T-3,209,07:10,08:00,"['X', 'X', None, 'X', 'X', None, None]",OSWALDO ROMEO ESCOBAR ALVAREZ,MICHELLE CAROLINA RIZZO LÓPEZ,Sin restricciones,430,480,0147,FISICA BASICA,"['Lunes', 'Martes', 'Jueves', 'Viernes']"
0147 FISICA BASICA,Clase normal,C+,PRESENCIAL,S-12,310,08:00,08:50,"['X', 'X', None, 'X', 'X', None, None]",RODOLFO ESTUARDO QUIROA MELENDRES,PEDRO PABLO MOLINA MARTÍNEZ,Ver Restricciones,480,530,0147,FISICA BASICA,"['Lunes', 'Martes', 'Jueves', 'Viernes']"
0147 FISICA BASICA,Clase normal,C-,PRESENCIAL,S-12,411,08:00,08:50,"['X', 'X', None, 'X', 'X', None, None]",JOSE ADOLFO TUNA AGUILAR,ANGEL FERNANDO NAJERA CON,Ver Restricciones,480,530,0147,FISICA BASICA,"['Lunes', 'Martes', 'Jueves', 'Viernes']"
0147 FISICA BASICA,Clase normal,D+,PRESENCIAL,S-12,310,09:00,09:50,"['X', 'X', None, 'X', 'X', None, None]",RODOLFO ESTUARDO QUIROA MELENDRES,SIN AUXILIAR,Ver Restricciones,540,590,0147,FISICA BASICA,"['Lunes', 'Martes', 'Jueves', 'Viernes']"
0147 FISICA BASICA,Clase normal,D-,PRESENCIAL,S-12,305,09:00,09:50,"['X', 'X', None, 'X', 'X', None, None]",EDDY JOSUE SOLARES ESPINOZA,SIN AUXILIAR,Ver Restricciones,540,590,0147,FISICA BASICA,"['Lunes', 'Martes', 'Jueves', 'Viernes']"
0147 FISICA BASICA,Clase normal,E1,PRESENCIAL,T-1,L-II-2,11:30,12:20,"['X', 'X', None, 'X', 'X', None, None]",RONAL NOE GALVEZ GARCIA,MARGARITA LETICIA AJPOP SIPAC,Ver Restricciones,690,740,0147,FISICA BASICA,"['Lunes', 'Martes', 'Jueves', 'Viernes']"
0147 FISICA BASICA,Clase normal,E2,PRESENCIAL,S-12,105,11:30,12:20,"['X', 'X', None, 'X', 'X', None, None]",LUIS ALBERTO BAUTISTA,MARGARITA LETICIA AJPOP SIPAC,Sin restricciones,690,740,0147,FISICA BASICA,"['Lunes', 'Martes', 'Jueves', 'Viernes']"
0147 FISICA BASICA,Clase normal,E3,PRESENCIAL,S-12,106,11:30,12:20,"['X', 'X', None, 'X', 'X', None, None]",JOSE ADOLFO TUNA AGUILAR,MARGARITA LETICIA AJPOP SIPAC,Ver Restricciones,690,740,0147,FISICA BASICA,"['Lunes', 'Martes', 'Jueves', 'Viernes']"
0147 FISICA BASICA,Clase normal,F1,PRESENCIAL,T-1,SA-VIRT,12:20,13:10,"['X', 'X', None, 'X', 'X', None, None]",ANGELICA BECILIA PACHECO MAZARIEGOS,JUAN MIGUEL MONTEALEGRE GOMEZ,Ver Restricciones,740,790,0147,FISICA BASICA,"['Lunes', 'Martes', 'Jueves', 'Viernes']"
0147 FISICA BASICA,Clase normal,F2,PRESENCIAL,T-1,L-II-1,12:20,13:10,"['X', 'X', None, 'X', 'X', None, None]",PAMELA CRISTINA SIKAHALL URIZAR,JUAN MIGUEL MONTEALEGRE GOMEZ,Sin restricciones,740,790,0147,FISICA BASICA,"['Lunes', 'Martes', 'Jueves', 'Viernes']"
0147 FISICA BASICA,Clase normal,N+,PRESENCIAL,T-1,L-II-2,13:10,14:00,"['X', 'X', None, 'X', 'X', None, None]",BAYRON ARMANDO CUYAN CULAJAY,LUIS ARTURO SABAN LOPEZ,Ver Restricciones,790,840,0147,FISICA BASICA,"['Lunes', 'Martes', 'Jueves', 'Viernes']"
0147 FISICA BASICA,Clase normal,N-,PRESENCIAL,T-3,113,13:10,14:00,"['X', 'X', None, 'X', 'X', None, None]",LUIS ALBERTO BAUTISTA,LUIS ARTURO SABAN LOPEZ,Ver Restricciones,790,840,0147,FISICA BASICA,"['Lunes', 'Martes', 'Jueves', 'Viernes']"
0147 FISICA BASICA,Clase normal,P,PRESENCIAL,T-3,211,14:00,14:50,"['X', 'X', None, 'X', 'X', None, None]",RONAL NOE GALVEZ GARCIA,LUIS ARTURO SABAN LOPEZ,Sin restricciones,840,890,0147,FISICA BASICA,"['Lunes', 'Martes', 'Jueves', 'Viernes']"
0147 FISICA BASICA,Clase normal,Q,PRESENCIAL,T-3,404,14:00,14:50,"['X', 'X', None, 'X', 'X', None, None]",EDDY JOSUE SOLARES ESPINOZA,MIGUEL ALEJANDRO CARDONA URIZAR,Sin restricciones,840,890,0147,FISICA BASICA,"['Lunes', 'Martes', 'Jueves', 'Viernes']"
0147 FISICA BASICA,Clase normal,R,PRESENCIAL,T-3,113,15:40,16:30,"['X', 'X', None, 'X', 'X', None, None]",LUIS ADOLFO DE LEON GOMEZ,WERNNER STEV VÁSQUEZ BRAN,Sin restricciones,940,990,0147,FISICA BASICA,"['Lunes', 'Martes', 'Jueves', 'Viernes']"
0147 FISICA BASICA,Clase normal,S,PRESENCIAL,T-3,109,16:30,17:20,"['X', 'X', None, 'X', 'X', None, None]",JORGE GILBERTO GONZALEZ PADILLA,MAYNOR GEOVANI CUMEZ GONZÁLEZ,Sin restricciones,990,1040,0147,FISICA BASICA,"['Lunes', 'Martes', 'Jueves', 'Viernes']"
0147 FISICA BASICA,Clase normal,Z,PRESENCIAL,T-3,105,07:10,10:30,"[None, None, None, None, None, 'X', None]",BAYRON ARMANDO CUYAN CULAJAY,MARIO AUGUSTO LÓPEZ ORDOÑEZ,Sin restricciones,430,630,0147,FISICA BASICA,['Sabado']
0147 FISICA BASICA,laboratorio,A1,PRESENCIAL,S-11,LAB-FIS1,07:10,08:50,"[None, None, 'X', None, None, None, None]",JUAN MIGUEL MONTEALEGRE GOMEZ,SIN AUXILIAR,Sin restricciones,430,530,0147,FISICA BASICA,['Miercoles']
0147 FISICA BASICA,laboratorio,A2,PRESENCIAL,S-11,LAB-FIS2,07:10,08:50,"[None, None, 'X', None, None, None, None]",SERGIO LUIS VALDÉZ PÉREZ,SIN AUXILIAR,Sin restricciones,430,530,0147,FISICA BASICA,['Miercoles']
0147 FISICA BASICA,laboratorio,A3,PRESENCIAL,S-11,LAB-FIS1,07:10,08:50,"[None, None, 'X', None, None, None, None]",LUIS ENRIQUE IZQUIERDO OCHOA,SIN AUXILIAR,Sin restricciones,430,530,0147,FISICA BASICA,['Miercoles']
0147 FISICA BASICA,laboratorio,B1,PRESENCIAL,S-11,LAB-FIS2,09:00,10:40,"[None, None, 'X', None, None, None, None]",JUAN MIGUEL MONTEALEGRE GOMEZ,SIN AUXILIAR,Sin restricciones,540,640,0147,FISICA BASICA,['Miercoles']
0147 FISICA BASICA,laboratorio,B2,PRESENCIAL,S-11,LAB-FIS1,09:00,10:40,"[None, None, 'X', None, None, None, None]",JORGE PABLO ORTIZ SOTO,SIN AUXILIAR,Sin restricciones,540,640,0147,FISICA BASICA,['Miercoles']
0147 FISICA BASICA,laboratorio,B3,PRESENCIAL,S-11,LAB-FIS3,09:00,10:40,"[None, None, 'X', None, None, None, None]",DIEGO JOSE PORRES ALMEDA,SIN AUXILIAR,Sin restricciones,540,640,0147,FISICA BASICA,['Miercoles']
0147 FISICA BASICA,laboratorio,D1,PRESENCIAL,S-11,LAB-FIS1,12:20,14:00,"[None, None, 'X', None, None, None, None]",JOHAN ESTIVEN SABÁN LÓPEZ,SIN AUXILIAR,Sin restricciones,740,840,0147,FISICA BASICA,['Miercoles']
0147 FISICA BASICA,laboratorio,D2,PRESENCIAL,S-11,LAB-FIS2,12:20,14:00,"[None, None, 'X', None, None, None, None]",OSCAR GIOVANNI HERNÁNDEZ CARIAS,SIN AUXILIAR,Sin restricciones,740,840,0147,FISICA BASICA,['Miercoles']
0147 FISICA BASICA,laboratorio,D3,PRESENCIAL,S-11,LAB-FIS3,12:20,14:00,"[None, None, 'X', None, None, None, None]",JOSE DANIEL ELÍAS TEJAXUN SAY,SIN AUXILIAR,Sin restricciones,740,840,0147,FISICA BASICA,['Miercoles']
0147 FISICA BASICA,laboratorio,E1,PRESENCIAL,S-11,LAB-FIS1,14:00,15:40,"[None, None, 'X', None, None, None, None]",PEDRO PABLO GUZMAN MILIAN,SIN AUXILIAR,Sin restricciones,840,940,0147,FISICA BASICA,['Miercoles']
0147 FISICA BASICA,laboratorio,G1,PRESENCIAL,S-11,LAB-FIS1,18:10,19:50,"[None, None, 'X', None, None, None, None]",KARINA NOHEMI RAMIREZ ORELLANA,SIN AUXILIAR,Sin restricciones,1090,1190,0147,FISICA BASICA,['Miercoles']
0147 FISICA BASICA,laboratorio,H1,PRESENCIAL,S-11,LAB-FIS1,10:40,12:20,"[None, None, 'X', None, None, None, None]",JOHAN ESTIVEN SABÁN LÓPEZ,SIN AUXILIAR,Sin restricciones,640,740,0147,FISICA BASICA,['Miercoles']
0147 FISICA BASICA,laboratorio,H2,PRESENCIAL,S-11,LAB-FIS2,10:40,12:20,"[None, None, 'X', None, None, None, None]",DIEGO JOSE PORRES ALMEDA,SIN AUXILIAR,Sin restricciones,640,740,0147,FISICA BASICA,['Miercoles']
0147 FISICA BASICA,laboratorio,H3,PRESENCIAL,S-11,LAB-FIS3,10:40,12:20,"[None, None, 'X', None, None, None, None]",LUIS ANGEL AGUILAR CHAMALE,SIN AUXILIAR,Sin restricciones,640,740,0147,FISICA BASICA,['Miercoles']
0147 FISICA BASICA,laboratorio,J1,PRESENCIAL,S-11,LAB-FIS1,16:30,18:10,"[None, None, 'X', None, None, None, None]",PEDRO PABLO GUZMAN MILIAN,SIN AUXILIAR,Sin restricciones,990,1090,0147,FISICA BASICA,['Miercoles']
0147 FISICA BASICA,laboratorio,J2,PRESENCIAL,S-11,LAB-FIS2,16:30,18:10,"[None, None, 'X', None, None, None, None]",KARINA NOHEMI RAMIREZ ORELLANA,SIN AUXILIAR,Sin restricciones,990,1090,0147,FISICA BASICA,['Miercoles']
0150 FISICA 1,Clase normal,A+,PRESENCIAL,S-12,303,07:10,08:00,"['X', None, 'X', 'X', 'X', None, None]",ERIC JOSUE JACOBS MAZARIEGOS,PEDRO PABLO MOLINA MARTÍNEZ,Ver Restricciones,430,480,0150,FISICA 1,"['Lunes', 'Miercoles', 'Jueves', 'Viernes']"
0150 FISICA 1,Clase normal,A-,PRESENCIAL,S-12,304,07:10,08:00,"['X', None, 'X', 'X', 'X', None, None]",PAMELA CRISTINA SIKAHALL URIZAR,ANGEL FERNANDO NAJERA CON,Ver Restricciones,430,480,0150,FISICA 1,"['Lunes', 'Miercoles', 'Jueves', 'Viernes']"
0150 FISICA 1,Clase normal,B+,PRESENCIAL,T-3,305,08:00,08:50,"['X', None, 'X', 'X', 'X', None, None]",BRIAN ENRIQUE CHICOL MORALES,ANGEL FERNANDO NAJERA CON,Ver Restricciones,480,530,0150,FISICA 1,"['Lunes', 'Miercoles', 'Jueves', 'Viernes']"
0150 FISICA 1,Clase normal,B-,PRESENCIAL,S-12,303,08:00,08:50,"['X', None, 'X', 'X', 'X', None, None]",ERIC JOSUE JACOBS MAZARIEGOS,MARGARITA LETICIA AJPOP SIPAC,Ver Restricciones,480,530,0150,FISICA 1,"['Lunes', 'Miercoles', 'Jueves', 'Viernes']"
0150 FISICA 1,Clase normal,C,PRESENCIAL,S-12,301,09:00,09:50,"['X', None, 'X', 'X', 'X', None, None]",PAMELA CRISTINA SIKAHALL URIZAR,SIN AUXILIAR,Sin restricciones,540,590,0150,FISICA 1,"['Lunes', 'Miercoles', 'Jueves', 'Viernes']"
0150 FISICA 1,Clase normal,E+,PRESENCIAL,S-12,311,10:40,11:30,"['X', None, 'X', 'X', 'X', None, None]",PAMELA CRISTINA SIKAHALL URIZAR,MARGARITA LETICIA AJPOP SIPAC,Ver Restricciones,640,690,0150,FISICA 1,"['Lunes', 'Miercoles', 'Jueves', 'Viernes']"
0150 FISICA 1,Clase normal,E-,PRESENCIAL,T-3,114,10:40,11:30,"['X', None, 'X', 'X', 'X', None, None]",EDDY JOSUE SOLARES ESPINOZA,MARGARITA LETICIA AJPOP SIPAC,Ver Restricciones,640,690,0150,FISICA 1,"['Lunes', 'Miercoles', 'Jueves', 'Viernes']"
0150 FISICA 1,Clase normal,F+,PRESENCIAL,T-3,110,11:30,12:20,"['X', None, 'X', 'X', 'X', None, None]",RODOLFO ESTUARDO QUIROA MELENDRES,DIEGO JOSE PORRES ALMEDA,Ver Restricciones,690,740,0150,FISICA 1,"['Lunes', 'Miercoles', 'Jueves', 'Viernes']"
0150 FISICA 1,Clase normal,F-,PRESENCIAL,T-3,114,11:30,12:20,"['X', None, 'X', 'X', 'X', None, None]",EDDY JOSUE SOLARES ESPINOZA,JUAN MIGUEL MONTEALEGRE GOMEZ,Ver Restricciones,690,740,0150,FISICA 1,"['Lunes', 'Miercoles', 'Jueves', 'Viernes']"
0150 FISICA 1,Clase normal,G,PRESENCIAL,T-3,110,12:20,13:10,"['X', None, 'X', 'X', 'X', None, None]",RODOLFO ESTUARDO QUIROA MELENDRES,MARÍA ALEJANDRA ESTRADA GONZÁLEZ,Sin restricciones,740,790,0150,FISICA 1,"['Lunes', 'Miercoles', 'Jueves', 'Viernes']"
0150 FISICA 1,Clase normal,N,PRESENCIAL,T-3,215,13:10,14:00,"['X', None, 'X', 'X', 'X', None, None]",AMAHAN SANCHEZ ALVAREZ,OSCAR GIOVANNI HERNÁNDEZ CARIAS,Sin restricciones,790,840,0150,FISICA 1,"['Lunes', 'Miercoles', 'Jueves', 'Viernes']"
0150 FISICA 1,Clase normal,Q+,PRESENCIAL,T-1,SA-VIRT,14:50,15:40,"['X', None, 'X', 'X', 'X', None, None]",ANGELICA BECILIA PACHECO MAZARIEGOS,WERNNER STEV VÁSQUEZ BRAN,Ver Restricciones,890,940,0150,FISICA 1,"['Lunes', 'Miercoles', 'Jueves', 'Viernes']"
0150 FISICA 1,Clase normal,S,PRESENCIAL,T-1,SA-VIRT,16:30,17:20,"['X', None, 'X', 'X', 'X', None, None]",ANGELICA BECILIA PACHECO MAZARIEGOS,MARGARITA LETICIA AJPOP SIPAC,Sin restricciones,990,1040,0150,FISICA 1,"['Lunes', 'Miercoles', 'Jueves', 'Viernes']"
0150 FISICA 1,Clase normal,T+,PRESENCIAL,T-1,SA-VIRT,17:20,18:10,"['X', None, 'X', 'X', 'X', None, None]",ANGELICA BECILIA PACHECO MAZARIEGOS,MARGARITA LETICIA AJPOP SIPAC,Ver Restricciones,1040,1090,0150,FISICA 1,"['Lunes', 'Miercoles', 'Jueves', 'Viernes']"
0150 FISICA 1,Clase normal,Z,PRESENCIAL,T-3,109,07:10,10:30,"[None, None, None, None, None, 'X', None]",JORGE GILBERTO GONZALEZ PADILLA,MARIO AUGUSTO LÓPEZ ORDOÑEZ,Sin restricciones,430,630,0150,FISICA 1,['Sabado']
0150 FISICA 1,laboratorio,A1,PRESENCIAL,S-11,LAB-FIS1,07:10,08:50,"[None, 'X', None, None, None, None, None]",SERGIO LUIS VALDÉZ PÉREZ,SIN AUXILIAR,Sin restricciones,430,530,0150,FISICA 1,['Martes']
0150 FISICA 1,laboratorio,A2,PRESENCIAL,S-11,LAB-FIS2,07:10,08:50,"[None, 'X', None, None, None, None, None]",JUAN MIGUEL MONTEALEGRE GOMEZ,SIN AUXILIAR,Sin restricciones,430,530,0150,FISICA 1,['Martes']
0150 FISICA 1,laboratorio,A3,PRESENCIAL,S-11,LAB-FIS3,07:10,08:50,"[None, 'X', None, None, None, None, None]",LUIS ENRIQUE IZQUIERDO OCHOA,SIN AUXILIAR,Sin restricciones,430,530,0150,FISICA 1,['Martes']
0150 FISICA 1,laboratorio,B1,PRESENCIAL,S-11,LAB-FIS1,09:00,10:40,"[None, 'X', None, None, None, None, None]",JORGE PABLO ORTIZ SOTO,SIN AUXILIAR,Sin restricciones,540,640,0150,FISICA 1,['Martes']
0150 FISICA 1,laboratorio,B2,PRESENCIAL,S-11,LAB-FIS2,09:00,10:40,"[None, 'X', None, None, None, None, None]",DIEGO JOSE PORRES ALMEDA,SIN AUXILIAR,Sin restricciones,540,640,0150,FISICA 1,['Martes']
0150 FISICA 1,laboratorio,D1,PRESENCIAL,S-11,LAB-FIS1,12:20,14:00,"[None, 'X', None, None, None, None, None]",JOHAN ESTIVEN SABÁN LÓPEZ,SIN AUXILIAR,Sin restricciones,740,840,0150,FISICA 1,['Martes']
0150 FISICA 1,laboratorio,D2,PRESENCIAL,S-11,LAB-FIS2,12:20,14:00,"[None, 'X', None, None, None, None, None]",OSCAR GIOVANNI HERNÁNDEZ CARIAS,SIN AUXILIAR,Sin restricciones,740,840,0150,FISICA 1,['Martes']
0150 FISICA 1,laboratorio,D3,PRESENCIAL,S-11,LAB-FIS3,12:20,14:00,"[None, 'X', None, None, None, None, None]",JOSE DANIEL ELÍAS TEJAXUN SAY,SIN AUXILIAR,Sin restricciones,740,840,0150,FISICA 1,['Martes']
0150 FISICA 1,laboratorio,E1,PRESENCIAL,S-11,LAB-FIS1,14:00,15:40,"[None, 'X', None, None, None, None, None]",PEDRO PABLO GUZMAN MILIAN,SIN AUXILIAR,Sin restricciones,840,940,0150,FISICA 1,['Martes']
0150 FISICA 1,laboratorio,F1,PRESENCIAL,S-11,LAB-FIS1,10:40,12:20,"[None, 'X', None, None, None, None, None]",JOHAN ESTIVEN SABÁN LÓPEZ,SIN AUXILIAR,Sin restricciones,640,740,0150,FISICA 1,['Martes']
0150 FISICA 1,laboratorio,F2,PRESENCIAL,S-11,LAB-FIS2,10:40,12:20,"[None, 'X', None, None, None, None, None]",DIEGO JOSE PORRES ALMEDA,SIN AUXILIAR,Sin restricciones,640,740,0150,FISICA 1,['Martes']
0150 FISICA 1,laboratorio,F3,PRESENCIAL,S-11,LAB-FIS3,10:40,12:20,"[None, 'X', None, None, None, None, None]",LUIS ANGEL AGUILAR CHAMALE,SIN AUXILIAR,Sin restricciones,640,740,0150,FISICA 1,['Martes']
0150 FISICA 1,laboratorio,G1,PRESENCIAL,S-11,LAB-FIS1,18:10,19:50,"[None, 'X', None, None, None, None, None]",KARINA NOHEMI RAMIREZ ORELLANA,SIN AUXILIAR,Sin restricciones,1090,1190,0150,FISICA 1,['Martes']
0150 FISICA 1,laboratorio,H1,PRESENCIAL,S-11,LAB-FIS1,16:30,18:10,"[None, 'X', None, None, None, None, None]",KARINA NOHEMI RAMIREZ ORELLANA,SIN AUXILIAR,Sin restricciones,990,1090,0150,FISICA 1,['Martes']
0152 FISICA 2,Clase normal,B+,PRESENCIAL,T-1,SA-VIRT,10:40,11:30,"['X', 'X', 'X', None, 'X', None, None]",WALTER GIOVANNI ALVAREZ MARROQUIN,JOHAN ESTIVEN SABÁN LÓPEZ,Ver Restricciones,640,690,0152,FISICA 2,"['Lunes', 'Martes', 'Miercoles', 'Viernes']"
0152 FISICA 2,Clase normal,B-,PRESENCIAL,T-3,309,10:40,11:30,"['X', 'X', 'X', None, 'X', None, None]",CLAUDIA CECILIA CONTRERAS FOLGAR DE ALFARO,JOHAN ESTIVEN SABÁN LÓPEZ,Ver Restricciones,640,690,0152,FISICA 2,"['Lunes', 'Martes', 'Miercoles', 'Viernes']"
0152 FISICA 2,Clase normal,C+,PRESENCIAL,T-1,L-II-2,12:20,13:10,"['X', 'X', 'X', None, 'X', None, None]",BAYRON ARMANDO CUYAN CULAJAY,JOSE DANIEL ELÍAS TEJAXUN SAY,Ver Restricciones,740,790,0152,FISICA 2,"['Lunes', 'Martes', 'Miercoles', 'Viernes']"
0152 FISICA 2,Clase normal,C-,PRESENCIAL,T-3,309,12:20,13:10,"['X', 'X', 'X', None, 'X', None, None]",CLAUDIA CECILIA CONTRERAS FOLGAR DE ALFARO,OSCAR GIOVANNI HERNÁNDEZ CARIAS,Ver Restricciones,740,790,0152,FISICA 2,"['Lunes', 'Martes', 'Miercoles', 'Viernes']"
0152 FISICA 2,Clase normal,N,PRESENCIAL,T-3,309,14:00,14:50,"['X', 'X', 'X', None, 'X', None, None]",CLAUDIA CECILIA CONTRERAS FOLGAR DE ALFARO,OSCAR GIOVANNI HERNÁNDEZ CARIAS,Sin restricciones,840,890,0152,FISICA 2,"['Lunes', 'Martes', 'Miercoles', 'Viernes']"
0152 FISICA 2,Clase normal,N1,HÍBRIDA,HIBR,VIRTUAL,14:00,14:50,"['X', 'X', 'X', None, 'X', None, None]",EDGAR DARIO ALVAREZ COTI,MIGUEL ALEJANDRO CARDONA URIZAR,Sin restricciones,840,890,0152,FISICA 2,"['Lunes', 'Martes', 'Miercoles', 'Viernes']"
0152 FISICA 2,Clase normal,P,PRESENCIAL,T-1,L-II-2,14:50,15:40,"['X', 'X', 'X', None, 'X', None, None]",BAYRON ARMANDO CUYAN CULAJAY,SIN AUXILIAR,Sin restricciones,890,940,0152,FISICA 2,"['Lunes', 'Martes', 'Miercoles', 'Viernes']"
0152 FISICA 2,Clase normal,Q,HÍBRIDA,HIBR,VIRTUAL,16:30,17:20,"['X', 'X', 'X', None, 'X', None, None]",MARIO RENATO ESCOBEDO MARTINEZ,MAYNOR GEOVANI CUMEZ GONZÁLEZ,Sin restricciones,990,1040,0152,FISICA 2,"['Lunes', 'Martes', 'Miercoles', 'Viernes']"
0152 FISICA 2,Clase normal,R,HÍBRIDA,HIBR,VIRTUAL,16:30,17:20,"['X', 'X', 'X', None, 'X', None, None]",EDGAR DARIO ALVAREZ COTI,MAYNOR GEOVANI CUMEZ GONZÁLEZ,Sin restricciones,990,1040,0152,FISICA 2,"['Lunes', 'Martes', 'Miercoles', 'Viernes']"
0152 FISICA 2,laboratorio,A1,PRESENCIAL,S-11,LAB-FIS2,07:10,08:50,"[None, None, None, 'X', None, None, None]",LUIS ENRIQUE IZQUIERDO OCHOA,SIN AUXILIAR,Sin restricciones,430,530,0152,FISICA 2,['Jueves']
0152 FISICA 2,laboratorio,A2,PRESENCIAL,S-11,LAB-FIS1,07:10,08:50,"[None, None, None, 'X', None, None, None]",JUAN MIGUEL MONTEALEGRE GOMEZ,SIN AUXILIAR,Sin restricciones,430,530,0152,FISICA 2,['Jueves']
0152 FISICA 2,laboratorio,A3,PRESENCIAL,S-11,LAB-FIS3,07:10,08:50,"[None, None, None, 'X', None, None, None]",SERGIO LUIS VALDÉZ PÉREZ,SIN AUXILIAR,Sin restricciones,430,530,0152,FISICA 2,['Jueves']
0152 FISICA 2,laboratorio,B1,PRESENCIAL,S-11,LAB-FIS2,09:00,10:40,"[None, None, None, 'X', None, None, None]",JUAN MIGUEL MONTEALEGRE GOMEZ,SIN AUXILIAR,Sin restricciones,540,640,0152,FISICA 2,['Jueves']
0152 FISICA 2,laboratorio,B2,PRESENCIAL,S-11,LAB-FIS1,09:00,10:40,"[None, None, None, 'X', None, None, None]",DIEGO JOSE PORRES ALMEDA,SIN AUXILIAR,Sin restricciones,540,640,0152,FISICA 2,['Jueves']
0152 FISICA 2,laboratorio,D1,PRESENCIAL,S-11,LAB-FIS1,16:30,18:10,"[None, None, None, 'X', None, None, None]",KARINA NOHEMI RAMIREZ ORELLANA,SIN AUXILIAR,Sin restricciones,990,1090,0152,FISICA 2,['Jueves']
0152 FISICA 2,laboratorio,E1,PRESENCIAL,S-11,LAB-FIS1,18:10,19:50,"[None, None, None, 'X', None, None, None]",KARINA NOHEMI RAMIREZ ORELLANA,SIN AUXILIAR,Sin restricciones,1090,1190,0152,FISICA 2,['Jueves']
0152 FISICA 2,laboratorio,K1,PRESENCIAL,S-11,LAB-FIS1,14:00,15:40,"[None, None, None, 'X', None, None, None]",PEDRO PABLO GUZMAN MILIAN,SIN AUXILIAR,Sin restricciones,840,940,0152,FISICA 2,['Jueves']
0152 FISICA 2,laboratorio,K3,PRESENCIAL,S-11,LAB-FIS2,14:00,15:40,"[None, None, None, 'X', None, None, None]",MARIO AUGUSTO LÓPEZ ORDOÑEZ,SIN AUXILIAR,Sin restricciones,840,940,0152,FISICA 2,['Jueves']
0154 FISICA 3,Clase normal,A,PRESENCIAL,T-1,SA-VIRT,09:00,09:50,"['X', None, 'X', 'X', 'X', None, None]",WALTER GIOVANNI ALVAREZ MARROQUIN,JORGE PABLO ORTIZ SOTO,Sin restricciones,540,590,0154,FISICA 3,"['Lunes', 'Miercoles', 'Jueves', 'Viernes']"
0154 FISICA 3,Clase normal,N,PRESENCIAL,T-3,105,17:20,18:10,"['X', None, 'X', 'X', 'X', None, None]",ERICK ESTUARDO HERNANDEZ GARCIA,MARGARITA LETICIA AJPOP SIPAC,Sin restricciones,1040,1090,0154,FISICA 3,"['Lunes', 'Miercoles', 'Jueves', 'Viernes']"
0154 FISICA 3,Clase normal,P,PRESENCIAL,T-3,105,18:10,19:00,"['X', None, 'X', 'X', 'X', None, None]",ERICK ESTUARDO HERNANDEZ GARCIA,JOSÉ VICENTE BOTÓN LÓPEZ,Sin restricciones,1090,1140,0154,FISICA 3,"['Lunes', 'Miercoles', 'Jueves', 'Viernes']"
0154 FISICA 3,laboratorio,A1,PRESENCIAL,S-11,LAB-FIS2,09:00,10:40,"[None, 'X', None, None, None, None, None]",JUAN MIGUEL MONTEALEGRE GOMEZ,SIN AUXILIAR,Sin restricciones,540,640,0154,FISICA 3,['Martes']
0154 FISICA 3,laboratorio,B1,PRESENCIAL,S-11,LAB-FIS2,16:30,18:10,"[None, 'X', None, None, None, None, None]",PEDRO PABLO GUZMAN MILIAN,SIN AUXILIAR,Sin restricciones,990,1090,0154,FISICA 3,['Martes']
0156 FISICA 4,Clase normal,N,PRESENCIAL,T-3,215,14:00,14:50,"['X', 'X', 'X', None, 'X', None, None]",AMAHAN SANCHEZ ALVAREZ,OSCAR GIOVANNI HERNÁNDEZ CARIAS,Sin restricciones,840,890,0156,FISICA 4,"['Lunes', 'Martes', 'Miercoles', 'Viernes']"
0156 FISICA 4,Clase normal,P,HÍBRIDA,HIBR,VIRTUAL,18:10,19:00,"['X', 'X', 'X', None, 'X', None, None]",RICARDO ENRIQUE CONTRERAS FOLGAR,JOSÉ VICENTE BOTÓN LÓPEZ,Sin restricciones,1090,1140,0156,FISICA 4,"['Lunes', 'Martes', 'Miercoles', 'Viernes']"
0170 MECANICA ANALITICA 1,Clase normal,A,PRESENCIAL,T-3,211,08:00,08:50,"['X', 'X', 'X', None, 'X', None, None]",OSWALDO ROMEO ESCOBAR ALVAREZ,MICHELLE CAROLINA RIZZO LÓPEZ,Sin restricciones,480,530,0170,MECANICA ANALITICA 1,"['Lunes', 'Martes', 'Miercoles', 'Viernes']"
0170 MECANICA ANALITICA 1,Clase normal,B+,PRESENCIAL,T-3,210,12:20,13:10,"['X', 'X', 'X', None, 'X', None, None]",CESAR ABIGAIL GARCIA NAJERA,SIN AUXILIAR,Ver Restricciones,740,790,0170,MECANICA ANALITICA 1,"['Lunes', 'Martes', 'Miercoles', 'Viernes']"
0170 MECANICA ANALITICA 1,Clase normal,B-,PRESENCIAL,T-3,209,12:20,13:10,"['X', 'X', 'X', None, 'X', None, None]",CALIXTO SANTIAGO MONTEAGUDO CORDERO,MARÍA ALEJANDRA ESTRADA GONZÁLEZ,Ver Restricciones,740,790,0170,MECANICA ANALITICA 1,"['Lunes', 'Martes', 'Miercoles', 'Viernes']"
0170 MECANICA ANALITICA 1,Clase normal,N+,PRESENCIAL,T-3,109,13:10,14:00,"['X', 'X', 'X', None, 'X', None, None]",CESAR ABIGAIL GARCIA NAJERA,MARÍA ALEJANDRA ESTRADA GONZÁLEZ,Ver Restricciones,790,840,0170,MECANICA ANALITICA 1,"['Lunes', 'Martes', 'Miercoles', 'Viernes']"
0170 MECANICA ANALITICA 1,Clase normal,N-,PRESENCIAL,T-3,110,13:10,14:00,"['X', 'X', 'X', None, 'X', None, None]",CALIXTO SANTIAGO MONTEAGUDO CORDERO,SIN AUXILIAR,Ver Restricciones,790,840,0170,MECANICA ANALITICA 1,"['Lunes', 'Martes', 'Miercoles', 'Viernes']"
0170 MECANICA ANALITICA 1,Clase normal,Q,PRESENCIAL,T-3,305,15:40,16:30,"['X', 'X', 'X', None, 'X', None, None]",ERIC JOSUE JACOBS MAZARIEGOS,SIN AUXILIAR,Sin restricciones,940,990,0170,MECANICA ANALITICA 1,"['Lunes', 'Martes', 'Miercoles', 'Viernes']"
0170 MECANICA ANALITICA 1,Clase normal,R,PRESENCIAL,T-3,305,16:30,17:20,"['X', 'X', 'X', None, 'X', None, None]",ERIC JOSUE JACOBS MAZARIEGOS,ANGEL ARIEL VELIZ GODOY,Sin restricciones,990,1040,0170,MECANICA ANALITICA 1,"['Lunes', 'Martes', 'Miercoles', 'Viernes']"
0170 MECANICA ANALITICA 1,Clase normal,S,HÍBRIDA,HIBR,VIRTUAL,17:20,18:10,"['X', 'X', 'X', None, 'X', None, None]",MURPHY OLYMPO PAIZ RECINOS,ANGEL ARIEL VELIZ GODOY,Sin restricciones,1040,1090,0170,MECANICA ANALITICA 1,"['Lunes', 'Martes', 'Miercoles', 'Viernes']"
0172 MECANICA ANALITICA 2,Clase normal,N,PRESENCIAL,T-3,305,14:50,15:40,"['X', 'X', 'X', None, 'X', None, None]",CALIXTO SANTIAGO MONTEAGUDO CORDERO,SIN AUXILIAR,Sin restricciones,890,940,0172,MECANICA ANALITICA 2,"['Lunes', 'Martes', 'Miercoles', 'Viernes']"
0172 MECANICA ANALITICA 2,Clase normal,P,PRESENCIAL,T-3,309,16:30,17:20,"['X', 'X', 'X', None, 'X', None, None]",CALIXTO SANTIAGO MONTEAGUDO CORDERO,ANGEL ARIEL VELIZ GODOY,Sin restricciones,990,1040,0172,MECANICA ANALITICA 2,"['Lunes', 'Martes', 'Miercoles', 'Viernes']"
0173 ANALISIS MECANICO,Clase normal,P,HÍBRIDA,HIBR,VIRTUAL,18:10,19:00,"['X', 'X', 'X', None, 'X', None, None]",MURPHY OLYMPO PAIZ RECINOS,SIN AUXILIAR,Sin restricciones,1090,1140,0173,ANALISIS MECANICO,"['Lunes', 'Martes', 'Miercoles', 'Viernes']"
0196 CALIDAD DEL AIRE,Clase normal,N,HÍBRIDA,HIBR,VIRTUAL,18:10,19:50,"[None, 'X', None, 'X', None, None, None]",PABLO CESAR ANÍBAL SARAVIA SOLARES,SIN AUXILIAR,Sin restricciones,1090,1190,0196,CALIDAD DEL AIRE,"['Martes', 'Jueves']"
0198 CALIDAD DEL AGUA,Clase normal,N,HÍBRIDA,HIBR,VIRTUAL,18:10,19:00,"['X', None, 'X', None, 'X', None, None]",JORGE MARIO ESTRADA ASTURIAS,SIN AUXILIAR,Sin restricciones,1090,1140,0198,CALIDAD DEL AGUA,"['Lunes', 'Miercoles', 'Viernes']"
0200 INGENIERIA ELECTRICA 1,Clase normal,N1,PRESENCIAL,T-3,316,15:40,16:30,"['X', None, 'X', None, 'X', None, None]",FRANCISCO JAVIER GONZALEZ LOPEZ,SIN AUXILIAR,Sin restricciones,940,990,0200,INGENIERIA ELECTRICA 1,"['Lunes', 'Miercoles', 'Viernes']"
0200 INGENIERIA ELECTRICA 1,Clase normal,N2,PRESENCIAL,T-3,210,15:40,16:30,"['X', None, 'X', None, 'X', None, None]",JOSE ANIBAL SILVA DE LOS ANGELES,SIN AUXILIAR,Sin restricciones,940,990,0200,INGENIERIA ELECTRICA 1,"['Lunes', 'Miercoles', 'Viernes']"
0200 INGENIERIA ELECTRICA 1,Clase normal,N3,PRESENCIAL,T-3,209,15:40,16:30,"['X', None, 'X', None, 'X', None, None]",GUILLERMO ANTONIO PUENTE ROMERO,SIN AUXILIAR,Sin restricciones,940,990,0200,INGENIERIA ELECTRICA 1,"['Lunes', 'Miercoles', 'Viernes']"
0200 INGENIERIA ELECTRICA 1,Clase normal,Q,PRESENCIAL,T-1,L-II-2,17:20,18:10,"['X', None, 'X', None, 'X', None, None]",FRANCISCO JAVIER GONZALEZ LOPEZ,SIN AUXILIAR,Sin restricciones,1040,1090,0200,INGENIERIA ELECTRICA 1,"['Lunes', 'Miercoles', 'Viernes']"
0200 INGENIERIA ELECTRICA 1,Clase normal,S,PRESENCIAL,T-3,414,19:00,19:50,"['X', None, 'X', None, 'X', None, None]",FRANCISCO JAVIER GONZALEZ LOPEZ,SIN AUXILIAR,Sin restricciones,1140,1190,0200,INGENIERIA ELECTRICA 1,"['Lunes', 'Miercoles', 'Viernes']"
0200 INGENIERIA ELECTRICA 1,laboratorio,_A,PRESENCIAL,T-1,LAB ELEC,10:40,12:20,"['X', None, None, None, None, None, None]",ANA MARÍA NAVARRO OROZCO,SIN AUXILIAR,Sin restricciones,640,740,0200,INGENIERIA ELECTRICA 1,['Lunes']
0200 INGENIERIA ELECTRICA 1,laboratorio,_B,PRESENCIAL,T-1,LAB ELEC,10:40,12:20,"[None, 'X', None, None, None, None, None]",ANA MARÍA NAVARRO OROZCO,SIN AUXILIAR,Sin restricciones,640,740,0200,INGENIERIA ELECTRICA 1,['Martes']
0200 INGENIERIA ELECTRICA 1,laboratorio,_C,PRESENCIAL,T-1,LAB ELEC,10:40,12:20,"[None, None, 'X', None, None, None, None]",ANA MARÍA NAVARRO OROZCO,SIN AUXILIAR,Sin restricciones,640,740,0200,INGENIERIA ELECTRICA 1,['Miercoles']
0200 INGENIERIA ELECTRICA 1,laboratorio,_D,PRESENCIAL,T-1,LAB ELEC,13:10,14:50,"['X', None, None, None, None, None, None]",ANA MARÍA NAVARRO OROZCO,SIN AUXILIAR,Sin restricciones,790,890,0200,INGENIERIA ELECTRICA 1,['Lunes']
0200 INGENIERIA ELECTRICA 1,laboratorio,_E,PRESENCIAL,T-1,LAB ELEC,13:10,14:50,"[None, 'X', None, None, None, None, None]",ANA MARÍA NAVARRO OROZCO,SIN AUXILIAR,Sin restricciones,790,890,0200,INGENIERIA ELECTRICA 1,['Martes']
0200 INGENIERIA ELECTRICA 1,laboratorio,_F,PRESENCIAL,T-1,LAB ELEC,13:10,14:50,"[None, None, 'X', None, None, None, None]",ANA MARÍA NAVARRO OROZCO,SIN AUXILIAR,Sin restricciones,790,890,0200,INGENIERIA ELECTRICA 1,['Miercoles']
0200 INGENIERIA ELECTRICA 1,laboratorio,_H,PRESENCIAL,T-1,LAB ELEC,15:40,17:20,"[None, 'X', None, None, None, None, None]",ANA MARÍA NAVARRO OROZCO,SIN AUXILIAR,Sin restricciones,940,1040,0200,INGENIERIA ELECTRICA 1,['Martes']
0200 INGENIERIA ELECTRICA 1,laboratorio,_J,PRESENCIAL,T-1,LAB ELEC,15:40,17:20,"[None, None, None, 'X', None, None, None]",ANA MARÍA NAVARRO OROZCO,SIN AUXILIAR,Sin restricciones,940,1040,0200,INGENIERIA ELECTRICA 1,['Jueves']
0200 INGENIERIA ELECTRICA 1,laboratorio,_K,PRESENCIAL,T-1,LAB ELEC,17:20,19:00,"[None, 'X', None, None, None, None, None]",BRIAN ENRIQUE CHICOL MORALES,SIN AUXILIAR,Sin restricciones,1040,1140,0200,INGENIERIA ELECTRICA 1,['Martes']
0200 INGENIERIA ELECTRICA 1,laboratorio,_L,PRESENCIAL,T-1,LAB-ELEC,17:20,19:00,"[None, None, None, 'X', None, None, None]",BRIAN ENRIQUE CHICOL MORALES,SIN AUXILIAR,Sin restricciones,1040,1140,0200,INGENIERIA ELECTRICA 1,['Jueves']
0200 INGENIERIA ELECTRICA 1,laboratorio,_M,PRESENCIAL,T-1,LAB-ELEC,19:00,20:40,"[None, 'X', None, None, None, None, None]",BRIAN ENRIQUE CHICOL MORALES,SIN AUXILIAR,Sin restricciones,1140,1240,0200,INGENIERIA ELECTRICA 1,['Martes']
0200 INGENIERIA ELECTRICA 1,laboratorio,_N,PRESENCIAL,T-1,LAB ELEC,18:10,19:50,"[None, 'X', None, None, None, None, None]",BAYRON ARMANDO CUYAN CULAJAY,SIN AUXILIAR,Sin restricciones,1090,1190,0200,INGENIERIA ELECTRICA 1,['Martes']
0200 INGENIERIA ELECTRICA 1,laboratorio,_O,PRESENCIAL,T-1,LAB ELEC,19:00,20:40,"[None, None, None, 'X', None, None, None]",BAYRON ARMANDO CUYAN CULAJAY,SIN AUXILIAR,Sin restricciones,1140,1240,0200,INGENIERIA ELECTRICA 1,['Jueves']
0200 INGENIERIA ELECTRICA 1,laboratorio,_P,PRESENCIAL,T-1,LAB-ELEC,08:50,10:30,"[None, None, None, None, None, 'X', None]",BRIAN ENRIQUE CHICOL MORALES,SIN AUXILIAR,Sin restricciones,530,630,0200,INGENIERIA ELECTRICA 1,['Sabado']
0200 INGENIERIA ELECTRICA 1,laboratorio,_Q,PRESENCIAL,T-1,LAB-ELEC,10:30,12:10,"[None, None, None, None, None, 'X', None]",BRIAN ENRIQUE CHICOL MORALES,SIN AUXILIAR,Sin restricciones,630,730,0200,INGENIERIA ELECTRICA 1,['Sabado']
0201 INSTALACIONES ELECTRICAS (CIVIL),Clase normal,N,HÍBRIDA,HIBR,VIRTUAL,14:00,15:40,"[None, 'X', None, None, None, None, None]",BRIAN ENRIQUE CHICOL MORALES,SIN AUXILIAR,Sin restricciones,840,940,0201,INSTALACIONES ELECTRICAS (CIVIL),['Martes']
0201 INSTALACIONES ELECTRICAS (CIVIL),Clase normal,N,HÍBRIDA,HIBR,VIRTUAL,14:00,14:50,"['X', None, None, None, None, None, None]",BRIAN ENRIQUE CHICOL MORALES,SIN AUXILIAR,Sin restricciones,840,890,0201,INSTALACIONES ELECTRICAS (CIVIL),['Lunes']
0202 INGENIERIA ELECTRICA 2,Clase normal,N,HÍBRIDA,HIBR,VIRTUAL,16:30,17:20,"['X', None, 'X', None, 'X', None, None]",JULIO ROLANDO BARRIOS ARCHILA,SIN AUXILIAR,Sin restricciones,990,1040,0202,INGENIERIA ELECTRICA 2,"['Lunes', 'Miercoles', 'Viernes']"
0202 INGENIERIA ELECTRICA 2,Clase normal,P,PRESENCIAL,T-3,114,17:20,18:10,"['X', None, 'X', None, 'X', None, None]",OTTO FERNANDO ANDRINO GONZALEZ,SIN AUXILIAR,Sin restricciones,1040,1090,0202,INGENIERIA ELECTRICA 2,"['Lunes', 'Miercoles', 'Viernes']"
0202 INGENIERIA ELECTRICA 2,Clase normal,Q,PRESENCIAL,T-3,114,19:00,19:50,"['X', None, 'X', None, 'X', None, None]",OTTO FERNANDO ANDRINO GONZALEZ,SIN AUXILIAR,Sin restricciones,1140,1190,0202,INGENIERIA ELECTRICA 2,"['Lunes', 'Miercoles', 'Viernes']"
0202 INGENIERIA ELECTRICA 2,Clase normal,R,PRESENCIAL,T-3,105,16:30,17:20,"['X', None, 'X', None, 'X', None, None]",FRANCISCO JAVIER GONZALEZ LOPEZ,SIN AUXILIAR,Sin restricciones,990,1040,0202,INGENIERIA ELECTRICA 2,"['Lunes', 'Miercoles', 'Viernes']"
0202 INGENIERIA ELECTRICA 2,Clase normal,S,PRESENCIAL,T-3,211,18:10,19:00,"['X', None, 'X', None, 'X', None, None]",ARMANDO ALONSO RIVERA CARRILLO,SIN AUXILIAR,Sin restricciones,1090,1140,0202,INGENIERIA ELECTRICA 2,"['Lunes', 'Miercoles', 'Viernes']"
0202 INGENIERIA ELECTRICA 2,laboratorio,_D,PRESENCIAL,T-1,LAB ELEC,17:20,19:00,"['X', None, None, None, None, None, None]",BRIAN ENRIQUE CHICOL MORALES,SIN AUXILIAR,Sin restricciones,1040,1140,0202,INGENIERIA ELECTRICA 2,['Lunes']
0202 INGENIERIA ELECTRICA 2,laboratorio,_E,PRESENCIAL,T-1,LAB ELEC,17:20,19:00,"[None, None, 'X', None, None, None, None]",BRIAN ENRIQUE CHICOL MORALES,SIN AUXILIAR,Sin restricciones,1040,1140,0202,INGENIERIA ELECTRICA 2,['Miercoles']
0202 INGENIERIA ELECTRICA 2,laboratorio,_F,PRESENCIAL,T-1,LAB ELEC,17:20,19:00,"[None, None, None, None, 'X', None, None]",BRIAN ENRIQUE CHICOL MORALES,SIN AUXILIAR,Sin restricciones,1040,1140,0202,INGENIERIA ELECTRICA 2,['Viernes']
0202 INGENIERIA ELECTRICA 2,laboratorio,_G,PRESENCIAL,T-1,LAB ELEC,19:00,20:40,"[None, 'X', None, None, None, None, None]",JORGE GILBERTO GONZALEZ PADILLA,SIN AUXILIAR,Sin restricciones,1140,1240,0202,INGENIERIA ELECTRICA 2,['Martes']
0202 INGENIERIA ELECTRICA 2,laboratorio,_I,PRESENCIAL,T-1,LAB ELEC,19:00,20:40,"[None, None, None, 'X', None, None, None]",JORGE GILBERTO GONZALEZ PADILLA,SIN AUXILIAR,Sin restricciones,1140,1240,0202,INGENIERIA ELECTRICA 2,['Jueves']
0202 INGENIERIA ELECTRICA 2,laboratorio,_J,PRESENCIAL,T-1,LAB ELEC,19:00,20:40,"[None, None, None, None, 'X', None, None]",JORGE GILBERTO GONZALEZ PADILLA,SIN AUXILIAR,Sin restricciones,1140,1240,0202,INGENIERIA ELECTRICA 2,['Viernes']
0204 CIRCUITOS ELECTRICOS 1,Clase normal,A,PRESENCIAL,T-3,114,09:00,09:50,"['X', None, 'X', None, 'X', None, None]",INGRID SALOME RODRIGUEZ DE LOUKOTA,SIN AUXILIAR,Sin restricciones,540,590,0204,CIRCUITOS ELECTRICOS 1,"['Lunes', 'Miercoles', 'Viernes']"
0204 CIRCUITOS ELECTRICOS 1,Clase normal,N,PRESENCIAL,T-3,114,14:50,15:40,"['X', None, 'X', None, 'X', None, None]",OTTO FERNANDO ANDRINO GONZALEZ,SIN AUXILIAR,Sin restricciones,890,940,0204,CIRCUITOS ELECTRICOS 1,"['Lunes', 'Miercoles', 'Viernes']"
0204 CIRCUITOS ELECTRICOS 1,laboratorio,_A,PRESENCIAL,T-1,LAB-CIRC,17:20,19:00,"['X', None, None, None, None, None, None]",JULIO ROLANDO BARRIOS ARCHILA,SIN AUXILIAR,Sin restricciones,1040,1140,0204,CIRCUITOS ELECTRICOS 1,['Lunes']
0204 CIRCUITOS ELECTRICOS 1,laboratorio,_B,PRESENCIAL,T-1,LAB-CIRC,17:20,19:00,"[None, 'X', None, None, None, None, None]",JULIO ROLANDO BARRIOS ARCHILA,SIN AUXILIAR,Sin restricciones,1040,1140,0204,CIRCUITOS ELECTRICOS 1,['Martes']
0204 CIRCUITOS ELECTRICOS 1,laboratorio,_C,PRESENCIAL,T-1,LAB-CIRC,17:20,19:00,"[None, None, 'X', None, None, None, None]",JULIO ROLANDO BARRIOS ARCHILA,SIN AUXILIAR,Sin restricciones,1040,1140,0204,CIRCUITOS ELECTRICOS 1,['Miercoles']
0206 CIRCUITOS ELECTRICOS 2,Clase normal,N,HÍBRIDA,HIBR,VIRTUAL,16:30,17:20,"['X', None, 'X', None, 'X', None, None]",MARIO ALBERTO REYES CALDERÓN,SIN AUXILIAR,Sin restricciones,990,1040,0206,CIRCUITOS ELECTRICOS 2,"['Lunes', 'Miercoles', 'Viernes']"
0206 CIRCUITOS ELECTRICOS 2,Clase normal,P,PRESENCIAL,T-3,211,16:30,17:20,"['X', None, 'X', None, 'X', None, None]",GUILLERMO ANTONIO PUENTE ROMERO,SIN AUXILIAR,Sin restricciones,990,1040,0206,CIRCUITOS ELECTRICOS 2,"['Lunes', 'Miercoles', 'Viernes']"
0206 CIRCUITOS ELECTRICOS 2,laboratorio,_A,PRESENCIAL,T-1,LAB-CIRC,13:10,14:50,"[None, 'X', None, None, None, None, None]",JORGE MARIO SITAVI COS,SIN AUXILIAR,Sin restricciones,790,890,0206,CIRCUITOS ELECTRICOS 2,['Martes']
0206 CIRCUITOS ELECTRICOS 2,laboratorio,_B,PRESENCIAL,T-1,LAB-CIRC,14:50,16:30,"[None, 'X', None, None, None, None, None]",JORGE MARIO SITAVI COS,SIN AUXILIAR,Sin restricciones,890,990,0206,CIRCUITOS ELECTRICOS 2,['Martes']
0206 CIRCUITOS ELECTRICOS 2,laboratorio,_C,PRESENCIAL,T-1,LAB-CIRC,14:00,15:40,"[None, None, None, 'X', None, None, None]",JORGE MARIO SITAVI COS,SIN AUXILIAR,Sin restricciones,840,940,0206,CIRCUITOS ELECTRICOS 2,['Jueves']
0206 CIRCUITOS ELECTRICOS 2,laboratorio,_D,PRESENCIAL,T-1,LAB-CIRC,15:40,17:20,"[None, None, None, 'X', None, None, None]",JORGE MARIO SITAVI COS,SIN AUXILIAR,Sin restricciones,940,1040,0206,CIRCUITOS ELECTRICOS 2,['Jueves']
0206 CIRCUITOS ELECTRICOS 2,laboratorio,_E,PRESENCIAL,T-1,LAB-CIRC,15:40,17:20,"[None, None, 'X', None, None, None, None]",JORGE MARIO SITAVI COS,SIN AUXILIAR,Sin restricciones,940,1040,0206,CIRCUITOS ELECTRICOS 2,['Miercoles']
0208 INSTALACIONES ELECTRICAS,Clase normal,N,HÍBRIDA,HIBR,VIRTUAL,17:20,18:10,"['X', None, 'X', None, 'X', None, None]",GUSTAVO BENIGNO OROZCO GODINEZ,SIN AUXILIAR,Sin restricciones,1040,1090,0208,INSTALACIONES ELECTRICAS,"['Lunes', 'Miercoles', 'Viernes']"
0208 INSTALACIONES ELECTRICAS,laboratorio,_A,PRESENCIAL,T-1,LAB-INST,08:50,10:30,"[None, None, None, None, None, 'X', None]",CARLOS ALBERTO NAVARRO FUENTES,SIN AUXILIAR,Sin restricciones,530,630,0208,INSTALACIONES ELECTRICAS,['Sabado']
0208 INSTALACIONES ELECTRICAS,laboratorio,_B,PRESENCIAL,T-1,LAB-INST,10:30,12:10,"[None, None, None, None, None, 'X', None]",CARLOS ALBERTO NAVARRO FUENTES,SIN AUXILIAR,Sin restricciones,630,730,0208,INSTALACIONES ELECTRICAS,['Sabado']
0208 INSTALACIONES ELECTRICAS,laboratorio,_C,PRESENCIAL,T-1,LAB-INST,12:10,13:50,"[None, None, None, None, None, 'X', None]",CARLOS ALBERTO NAVARRO FUENTES,SIN AUXILIAR,Sin restricciones,730,830,0208,INSTALACIONES ELECTRICAS,['Sabado']
0209 INSTALACION DE EQUIPOS ELECTRONICOS,Clase normal,N,HÍBRIDA,HIBR,VIRTUAL,19:50,20:40,"['X', None, 'X', None, 'X', None, None]",ANA MARÍA NAVARRO OROZCO,SIN AUXILIAR,Sin restricciones,1190,1240,0209,INSTALACION DE EQUIPOS ELECTRONICOS,"['Lunes', 'Miercoles', 'Viernes']"
0210 TEORIA ELECTROMAGNETICA 1,Clase normal,N,PRESENCIAL,T-3,315,18:10,19:00,"['X', None, 'X', None, 'X', None, None]",ARMANDO GALVEZ CASTILLO,SIN AUXILIAR,Sin restricciones,1090,1140,0210,TEORIA ELECTROMAGNETICA 1,"['Lunes', 'Miercoles', 'Viernes']"
0210 TEORIA ELECTROMAGNETICA 1,Clase normal,P,HÍBRIDA,HIBR,VIRTUAL,19:00,19:50,"[None, 'X', None, None, None, None, None]",VÍCTOR RENÉ PÉREZ MAYÉN,SIN AUXILIAR,Sin restricciones,1140,1190,0210,TEORIA ELECTROMAGNETICA 1,['Martes']
0210 TEORIA ELECTROMAGNETICA 1,Clase normal,P,HÍBRIDA,HIBR,VIRTUAL,19:00,20:40,"[None, None, None, 'X', None, None, None]",VÍCTOR RENÉ PÉREZ MAYÉN,SIN AUXILIAR,Sin restricciones,1140,1240,0210,TEORIA ELECTROMAGNETICA 1,['Jueves']
0210 TEORIA ELECTROMAGNETICA 1,laboratorio,_A,VIRTUAL,MEET,VIRTUAL,16:30,18:10,"[None, None, None, None, 'X', None, None]",MATILDE LUCRECIA MARTINEZ AGUIRRE,SIN AUXILIAR,Sin restricciones,990,1090,0210,TEORIA ELECTROMAGNETICA 1,['Viernes']
0210 TEORIA ELECTROMAGNETICA 1,laboratorio,_B,VIRTUAL,MEET,VIRTUAL,19:00,20:40,"[None, None, None, None, 'X', None, None]",MATILDE LUCRECIA MARTINEZ AGUIRRE,SIN AUXILIAR,Sin restricciones,1140,1240,0210,TEORIA ELECTROMAGNETICA 1,['Viernes']
0210 TEORIA ELECTROMAGNETICA 1,laboratorio,_C,VIRTUAL,MEET,VIRTUAL,07:10,08:50,"[None, None, None, None, None, 'X', None]",MATILDE LUCRECIA MARTINEZ AGUIRRE,SIN AUXILIAR,Sin restricciones,430,530,0210,TEORIA ELECTROMAGNETICA 1,['Sabado']
0210 TEORIA ELECTROMAGNETICA 1,laboratorio,_D,VIRTUAL,MEET,VIRTUAL,08:50,10:30,"[None, None, None, None, None, 'X', None]",MATILDE LUCRECIA MARTINEZ AGUIRRE,SIN AUXILIAR,Sin restricciones,530,630,0210,TEORIA ELECTROMAGNETICA 1,['Sabado']
0211 TEORIA ELECTROMAGNETICA 2,Clase normal,N,HÍBRIDA,HIBR,VIRTUAL,19:50,20:40,"[None, 'X', None, None, None, None, None]",HELMUNT FEDERICO CHICOL CABRERA,SIN AUXILIAR,Sin restricciones,1190,1240,0211,TEORIA ELECTROMAGNETICA 2,['Martes']
0211 TEORIA ELECTROMAGNETICA 2,Clase normal,N,HÍBRIDA,HIBR,VIRTUAL,19:00,20:40,"[None, None, None, 'X', None, None, None]",HELMUNT FEDERICO CHICOL CABRERA,SIN AUXILIAR,Sin restricciones,1140,1240,0211,TEORIA ELECTROMAGNETICA 2,['Jueves']
0212 CONVERSION DE ENERGIA ELECTROMECANICA 1,Clase normal,N,HÍBRIDA,HIBR,VIRTUAL,19:00,19:50,"[None, 'X', None, None, None, None, None]",ENDOR STEVE ORTIZ DEL CID,SIN AUXILIAR,Sin restricciones,1140,1190,0212,CONVERSION DE ENERGIA ELECTROMECANICA 1,['Martes']
0212 CONVERSION DE ENERGIA ELECTROMECANICA 1,Clase normal,N,HÍBRIDA,HIBR,VIRTUAL,19:00,20:40,"[None, None, None, 'X', None, None, None]",ENDOR STEVE ORTIZ DEL CID,SIN AUXILIAR,Sin restricciones,1140,1240,0212,CONVERSION DE ENERGIA ELECTROMECANICA 1,['Jueves']
0212 CONVERSION DE ENERGIA ELECTROMECANICA 1,laboratorio,_A,PRESENCIAL,T-1,LAB ELEC,08:00,09:40,"[None, None, None, None, None, 'X', None]",CARLOS ENRIQUE GÓMEZ DONIS,SIN AUXILIAR,Sin restricciones,480,580,0212,CONVERSION DE ENERGIA ELECTROMECANICA 1,['Sabado']
0212 CONVERSION DE ENERGIA ELECTROMECANICA 1,laboratorio,_B,PRESENCIAL,T-1,LAB-ELEC,09:40,11:20,"[None, None, None, None, None, 'X', None]",CARLOS ENRIQUE GÓMEZ DONIS,SIN AUXILIAR,Sin restricciones,580,680,0212,CONVERSION DE ENERGIA ELECTROMECANICA 1,['Sabado']
0212 CONVERSION DE ENERGIA ELECTROMECANICA 1,laboratorio,_N,PRESENCIAL,T-1,LAB-MAQ,16:30,18:10,"['X', None, None, None, None, None, None]",JOSÉ LUIS MENDÓZA ALVARADO,SIN AUXILIAR,Sin restricciones,990,1090,0212,CONVERSION DE ENERGIA ELECTROMECANICA 1,['Lunes']
0212 CONVERSION DE ENERGIA ELECTROMECANICA 1,laboratorio,_P,PRESENCIAL,T-1,LAB-MAQ,17:20,19:00,"[None, 'X', None, None, None, None, None]",JOSÉ LUIS MENDÓZA ALVARADO,SIN AUXILIAR,Sin restricciones,1040,1140,0212,CONVERSION DE ENERGIA ELECTROMECANICA 1,['Martes']
0212 CONVERSION DE ENERGIA ELECTROMECANICA 1,laboratorio,_Q,PRESENCIAL,T-1,LAB-MAQ,17:20,19:00,"[None, None, None, 'X', None, None, None]",JOSÉ LUIS MENDÓZA ALVARADO,SIN AUXILIAR,Sin restricciones,1040,1140,0212,CONVERSION DE ENERGIA ELECTROMECANICA 1,['Jueves']
0213 CONVERSION DE ENERGIA ELECTROMECANICA 2,Clase normal,N,HÍBRIDA,HIBR,VIRTUAL,19:50,20:40,"['X', None, 'X', None, 'X', None, None]",LUIS MANUEL PÉREZ ARCHILA,SIN AUXILIAR,Sin restricciones,1190,1240,0213,CONVERSION DE ENERGIA ELECTROMECANICA 2,"['Lunes', 'Miercoles', 'Viernes']"
0214 MAQUINAS ELECTRICAS,Clase normal,N,HÍBRIDA,HIBR,VIRTUAL,19:00,19:50,"['X', None, 'X', None, 'X', None, None]",FERNANDO ALFREDO MOSCOSO LIRA,SIN AUXILIAR,Sin restricciones,1140,1190,0214,MAQUINAS ELECTRICAS,"['Lunes', 'Miercoles', 'Viernes']"
0214 MAQUINAS ELECTRICAS,laboratorio,_N,PRESENCIAL,T-1,LAB-MAQ,19:00,20:40,"[None, 'X', None, None, None, None, None]",JUAN CARLOS MORATAYA RAMOS,SIN AUXILIAR,Sin restricciones,1140,1240,0214,MAQUINAS ELECTRICAS,['Martes']
0214 MAQUINAS ELECTRICAS,laboratorio,_P,PRESENCIAL,T-1,LAB-MAQ,16:30,18:10,"[None, None, 'X', None, None, None, None]",JOSÉ LUIS MENDÓZA ALVARADO,SIN AUXILIAR,Sin restricciones,990,1090,0214,MAQUINAS ELECTRICAS,['Miercoles']
0214 MAQUINAS ELECTRICAS,laboratorio,_R,PRESENCIAL,T-1,LAB-MAQ,19:00,20:40,"[None, None, None, 'X', None, None, None]",JUAN CARLOS MORATAYA RAMOS,SIN AUXILIAR,Sin restricciones,1140,1240,0214,MAQUINAS ELECTRICAS,['Jueves']
0216 SUBESTACIONES,Clase normal,N,HÍBRIDA,HIBR,VIRTUAL,19:50,20:40,"[None, 'X', None, None, None, None, None]",DABNEY IVAN MENDOZA CENTENO,SIN AUXILIAR,Sin restricciones,1190,1240,0216,SUBESTACIONES,['Martes']
0216 SUBESTACIONES,Clase normal,N,HÍBRIDA,HIBR,VIRTUAL,19:00,20:40,"[None, None, None, 'X', None, None, None]",DABNEY IVAN MENDOZA CENTENO,SIN AUXILIAR,Sin restricciones,1140,1240,0216,SUBESTACIONES,['Jueves']
0218 LINEAS DE TRANSMISION,Clase normal,N,PRESENCIAL,T-3,112,19:50,20:40,"['X', None, 'X', None, 'X', None, None]",ARMANDO GALVEZ CASTILLO,SIN AUXILIAR,Sin restricciones,1190,1240,0218,LINEAS DE TRANSMISION,"['Lunes', 'Miercoles', 'Viernes']"
0219 TRANSMISION Y DISTRIBUCION,Clase normal,N,PRESENCIAL,T-3,215,18:10,19:00,"[None, 'X', None, None, None, None, None]",CARLOS FERNANDO RODAS,SIN AUXILIAR,Sin restricciones,1090,1140,0219,TRANSMISION Y DISTRIBUCION,['Martes']
0219 TRANSMISION Y DISTRIBUCION,Clase normal,N,PRESENCIAL,T-3,215,18:10,19:50,"[None, None, None, 'X', None, None, None]",CARLOS FERNANDO RODAS,SIN AUXILIAR,Sin restricciones,1090,1190,0219,TRANSMISION Y DISTRIBUCION,['Jueves']
0219 TRANSMISION Y DISTRIBUCION,laboratorio,_N,VIRTUAL,MEET,VIRTUAL,19:00,20:40,"[None, 'X', None, None, None, None, None]",EDGAR ESTUARDO CHAJ RAMIREZ,SIN AUXILIAR,Sin restricciones,1140,1240,0219,TRANSMISION Y DISTRIBUCION,['Martes']
0219 TRANSMISION Y DISTRIBUCION,laboratorio,_N,VIRTUAL,MEET,VIRTUAL,17:20,18:10,"[None, None, None, 'X', None, None, None]",EDGAR ESTUARDO CHAJ RAMIREZ,SIN AUXILIAR,Sin restricciones,1040,1090,0219,TRANSMISION Y DISTRIBUCION,['Jueves']
0220 ANALISIS DE SISTEMAS DE POTENCIA 1,Clase normal,N,PRESENCIAL,T-3,209,19:00,19:50,"['X', None, 'X', None, 'X', None, None]",JORGE LUIS PEREZ RIVERA,SIN AUXILIAR,Sin restricciones,1140,1190,0220,ANALISIS DE SISTEMAS DE POTENCIA 1,"['Lunes', 'Miercoles', 'Viernes']"
0220 ANALISIS DE SISTEMAS DE POTENCIA 1,laboratorio,_N,HÍBRIDA,HIBR,VIRTUAL,17:20,19:00,"[None, 'X', None, None, None, None, None]",EDGAR ESTUARDO CHAJ RAMIREZ,SIN AUXILIAR,Sin restricciones,1040,1140,0220,ANALISIS DE SISTEMAS DE POTENCIA 1,['Martes']
0220 ANALISIS DE SISTEMAS DE POTENCIA 1,laboratorio,_N,HÍBRIDA,HIBR,VIRTUAL,19:00,20:40,"[None, None, None, 'X', None, None, None]",EDGAR ESTUARDO CHAJ RAMIREZ,SIN AUXILIAR,Sin restricciones,1140,1240,0220,ANALISIS DE SISTEMAS DE POTENCIA 1,['Jueves']
0221 SISTEMAS DE GENERACION,Clase normal,N,PRESENCIAL,T-3,209,18:10,19:00,"['X', None, 'X', None, 'X', None, None]",JORGE LUIS PEREZ RIVERA,SIN AUXILIAR,Sin restricciones,1090,1140,0221,SISTEMAS DE GENERACION,"['Lunes', 'Miercoles', 'Viernes']"
0222 PROTECCION DE SISTEMAS DE POTENCIA,Clase normal,N,PRESENCIAL,T-3,212,19:00,19:50,"['X', None, 'X', None, 'X', None, None]",ARMANDO GALVEZ CASTILLO,SIN AUXILIAR,Sin restricciones,1140,1190,0222,PROTECCION DE SISTEMAS DE POTENCIA,"['Lunes', 'Miercoles', 'Viernes']"
0224 ALTA TENSION,laboratorio,_N,PRESENCIAL,T-1,LAB-ELEC,08:50,10:30,"[None, None, None, None, None, 'X', None]",EDGAR ESTUARDO CHAJ RAMIREZ,SIN AUXILIAR,Sin restricciones,530,630,0224,ALTA TENSION,['Sabado']
0224 ALTA TENSION,laboratorio,_P,PRESENCIAL,T-1,LAB-ELEC,10:30,12:10,"[None, None, None, None, None, 'X', None]",EDGAR ESTUARDO CHAJ RAMIREZ,SIN AUXILIAR,Sin restricciones,630,730,0224,ALTA TENSION,['Sabado']
0230 INSTRUMENTACION ELECTRICA,Clase normal,N,PRESENCIAL,T-3,114,16:30,17:20,"['X', None, 'X', None, 'X', None, None]",OTTO FERNANDO ANDRINO GONZALEZ,SIN AUXILIAR,Sin restricciones,990,1040,0230,INSTRUMENTACION ELECTRICA,"['Lunes', 'Miercoles', 'Viernes']"
0230 INSTRUMENTACION ELECTRICA,Clase normal,P,PRESENCIAL,T-3,114,18:10,19:00,"['X', None, 'X', None, 'X', None, None]",OTTO FERNANDO ANDRINO GONZALEZ,SIN AUXILIAR,Sin restricciones,1090,1140,0230,INSTRUMENTACION ELECTRICA,"['Lunes', 'Miercoles', 'Viernes']"
0232 ELECTRONICA 1,Clase normal,N,HÍBRIDA,HIBR,VIRTUAL,19:00,19:50,"['X', None, 'X', None, 'X', None, None]",SERGIO LEONEL GOMEZ BRAVO,SIN AUXILIAR,Sin restricciones,1140,1190,0232,ELECTRONICA 1,"['Lunes', 'Miercoles', 'Viernes']"
0232 ELECTRONICA 1,laboratorio,_A,PRESENCIAL,T-1,LAB-ELEC,14:50,15:40,"[None, None, None, 'X', None, None, None]",CARLOS EDUARDO GUZMAN SALAZAR,SIN AUXILIAR,Sin restricciones,890,940,0232,ELECTRONICA 1,['Jueves']
0232 ELECTRONICA 1,laboratorio,_B,PRESENCIAL,T-1,LAB-ELEC,14:50,15:40,"[None, 'X', None, None, None, None, None]",CARLOS EDUARDO GUZMAN SALAZAR,SIN AUXILIAR,Sin restricciones,890,940,0232,ELECTRONICA 1,['Martes']
0232 ELECTRONICA 1,laboratorio,_C,PRESENCIAL,T-1,LAB-ELEC,14:00,14:50,"[None, None, None, None, 'X', None, None]",HUGO LEONEL TIUL VALENZUELA,SIN AUXILIAR,Sin restricciones,840,890,0232,ELECTRONICA 1,['Viernes']
0232 ELECTRONICA 1,laboratorio,_F,PRESENCIAL,T-1,LAB-ELEC,17:20,18:10,"[None, None, None, 'X', None, None, None]",CHRISTIAN ANTONIO ORELLANA LÓPEZ,SIN AUXILIAR,Sin restricciones,1040,1090,0232,ELECTRONICA 1,['Jueves']
0232 ELECTRONICA 1,laboratorio,_G,PRESENCIAL,T-1,LAB-ELEC,16:30,17:20,"[None, None, None, None, 'X', None, None]",CHRISTIAN ANTONIO ORELLANA LÓPEZ,SIN AUXILIAR,Sin restricciones,990,1040,0232,ELECTRONICA 1,['Viernes']
0232 ELECTRONICA 1,laboratorio,_I,PRESENCIAL,T-1,LAB-ELEC,16:30,17:20,"[None, None, 'X', None, None, None, None]",CHRISTIAN ANTONIO ORELLANA LÓPEZ,SIN AUXILIAR,Sin restricciones,990,1040,0232,ELECTRONICA 1,['Miercoles']
0232 ELECTRONICA 1,laboratorio,_J,PRESENCIAL,T-1,LAB-ELEC,18:10,19:00,"['X', None, None, None, None, None, None]",HUGO LEONEL TIUL VALENZUELA,SIN AUXILIAR,Sin restricciones,1090,1140,0232,ELECTRONICA 1,['Lunes']
0233 ELECTRONICA APLICADA 1,Clase normal,P,PRESENCIAL,T-3,110,16:30,17:20,"['X', None, 'X', None, 'X', None, None]",HECTOR FRANCISCO REYES FRANCO,SIN AUXILIAR,Sin restricciones,990,1040,0233,ELECTRONICA APLICADA 1,"['Lunes', 'Miercoles', 'Viernes']"
0234 ELECTRONICA 4,Clase normal,P,PRESENCIAL,T-3,212,17:20,18:10,"['X', None, 'X', None, 'X', None, None]",HECTOR FRANCISCO REYES FRANCO,SIN AUXILIAR,Sin restricciones,1040,1090,0234,ELECTRONICA 4,"['Lunes', 'Miercoles', 'Viernes']"
0234 ELECTRONICA 4,laboratorio,_B,PRESENCIAL,T-1,LAB-ELEC,14:00,14:50,"['X', None, None, None, None, None, None]",CARLOS EDUARDO GUZMAN SALAZAR,SIN AUXILIAR,Sin restricciones,840,890,0234,ELECTRONICA 4,['Lunes']
0234 ELECTRONICA 4,laboratorio,_C,PRESENCIAL,T-1,LAB-ELEC,14:50,15:40,"['X', None, None, None, None, None, None]",CARLOS EDUARDO GUZMAN SALAZAR,SIN AUXILIAR,Sin restricciones,890,940,0234,ELECTRONICA 4,['Lunes']
0235 ROBOTICA,Clase normal,N,PRESENCIAL,T-3,407,18:10,19:00,"['X', None, 'X', None, 'X', None, None]",JUAN CARLOS CORDOVA ZECEÑA,SIN AUXILIAR,Sin restricciones,1090,1140,0235,ROBOTICA,"['Lunes', 'Miercoles', 'Viernes']"
0236 SISTEMAS DE CONTROL 1,Clase normal,A,PRESENCIAL,T-3,111,08:00,08:50,"['X', None, 'X', None, 'X', None, None]",INGRID SALOME RODRIGUEZ DE LOUKOTA,SIN AUXILIAR,Sin restricciones,480,530,0236,SISTEMAS DE CONTROL 1,"['Lunes', 'Miercoles', 'Viernes']"
0236 SISTEMAS DE CONTROL 1,Clase normal,P,HÍBRIDA,HIBR,VIRTUAL,18:10,19:00,"['X', None, 'X', None, 'X', None, None]",GUSTAVO BENIGNO OROZCO GODINEZ,SIN AUXILIAR,Sin restricciones,1090,1140,0236,SISTEMAS DE CONTROL 1,"['Lunes', 'Miercoles', 'Viernes']"
0236 SISTEMAS DE CONTROL 1,practica,.A,PRESENCIAL,T-1,LABSISC,10:40,11:30,"['X', None, None, None, None, None, None]",MIGUEL VENTURA PEREZ,SIN AUXILIAR,Sin restricciones,640,690,0236,SISTEMAS DE CONTROL 1,['Lunes']
0236 SISTEMAS DE CONTROL 1,laboratorio,_A,PRESENCIAL,T-1,LABSISC,18:10,19:00,"[None, None, None, 'X', None, None, None]",HUGO LEONEL TIUL VALENZUELA,SIN AUXILIAR,Sin restricciones,1090,1140,0236,SISTEMAS DE CONTROL 1,['Jueves']
0236 SISTEMAS DE CONTROL 1,practica,.B,PRESENCIAL,T-1,LABSISC,10:40,11:30,"[None, None, 'X', None, None, None, None]",MIGUEL VENTURA PEREZ,SIN AUXILIAR,Sin restricciones,640,690,0236,SISTEMAS DE CONTROL 1,['Miercoles']
0236 SISTEMAS DE CONTROL 1,laboratorio,_B,PRESENCIAL,T-1,LABSISC,18:10,19:00,"[None, 'X', None, None, None, None, None]",HUGO LEONEL TIUL VALENZUELA,SIN AUXILIAR,Sin restricciones,1090,1140,0236,SISTEMAS DE CONTROL 1,['Martes']
0236 SISTEMAS DE CONTROL 1,practica,.C,PRESENCIAL,T-1,LABSISC,10:40,11:30,"[None, None, None, None, 'X', None, None]",MIGUEL VENTURA PEREZ,SIN AUXILIAR,Sin restricciones,640,690,0236,SISTEMAS DE CONTROL 1,['Viernes']
0236 SISTEMAS DE CONTROL 1,laboratorio,_C,PRESENCIAL,T-1,LABSISC,14:00,14:50,"[None, None, 'X', None, None, None, None]",HUGO LEONEL TIUL VALENZUELA,SIN AUXILIAR,Sin restricciones,840,890,0236,SISTEMAS DE CONTROL 1,['Miercoles']
0236 SISTEMAS DE CONTROL 1,practica,.E,PRESENCIAL,T-1,LABSISC,16:30,17:20,"['X', None, None, None, None, None, None]",HUGO LEONEL TIUL VALENZUELA,SIN AUXILIAR,Sin restricciones,990,1040,0236,SISTEMAS DE CONTROL 1,['Lunes']
0236 SISTEMAS DE CONTROL 1,laboratorio,_E,PRESENCIAL,T-1,LABSISC,10:40,11:30,"['X', None, None, None, None, None, None]",INGRID SALOME RODRIGUEZ DE LOUKOTA,SIN AUXILIAR,Sin restricciones,640,690,0236,SISTEMAS DE CONTROL 1,['Lunes']
0236 SISTEMAS DE CONTROL 1,laboratorio,_H,PRESENCIAL,T-1,LABSISC,10:40,11:30,"[None, None, None, None, 'X', None, None]",INGRID SALOME RODRIGUEZ DE LOUKOTA,SIN AUXILIAR,Sin restricciones,640,690,0236,SISTEMAS DE CONTROL 1,['Viernes']
0238 AUTOMATIZACION INDUSTRIAL,Clase normal,P,VIRTUAL,MEET,VIRTUAL,18:10,19:50,"[None, 'X', None, None, None, None, None]",NESTOR OBDULIO ALEJANDRO CHAMALE CHITIC,SIN AUXILIAR,Sin restricciones,1090,1190,0238,AUTOMATIZACION INDUSTRIAL,['Martes']
0238 AUTOMATIZACION INDUSTRIAL,Clase normal,P,VIRTUAL,MEET,VIRTUAL,19:50,20:40,"[None, None, None, 'X', None, None, None]",NESTOR OBDULIO ALEJANDRO CHAMALE CHITIC,SIN AUXILIAR,Sin restricciones,1190,1240,0238,AUTOMATIZACION INDUSTRIAL,['Jueves']
0238 AUTOMATIZACION INDUSTRIAL,laboratorio,_P,VIRTUAL,MEET,VIRTUAL,07:10,09:40,"[None, None, None, None, None, 'X', None]",NESTOR OBDULIO ALEJANDRO CHAMALE CHITIC,SIN AUXILIAR,Sin restricciones,430,580,0238,AUTOMATIZACION INDUSTRIAL,['Sabado']
0239 ELECTRONICA APLICADA 2,Clase normal,N,PRESENCIAL,T-3,209,17:20,18:10,"['X', None, 'X', None, 'X', None, None]",WENDY NORA MIRANDA LOPEZ,SIN AUXILIAR,Sin restricciones,1040,1090,0239,ELECTRONICA APLICADA 2,"['Lunes', 'Miercoles', 'Viernes']"
0240 ELECTRONICA 2,Clase normal,N+,PRESENCIAL,T-3,210,14:00,15:40,"[None, 'X', None, None, None, None, None]",GUILLERMO ANTONIO PUENTE ROMERO,SIN AUXILIAR,Sin restricciones,840,940,0240,ELECTRONICA 2,['Martes']
0240 ELECTRONICA 2,Clase normal,N+,PRESENCIAL,T-3,210,14:00,14:50,"[None, None, None, 'X', None, None, None]",GUILLERMO ANTONIO PUENTE ROMERO,SIN AUXILIAR,Sin restricciones,840,890,0240,ELECTRONICA 2,['Jueves']
0240 ELECTRONICA 2,Clase normal,N-,PRESENCIAL,T-3,401,14:00,15:40,"[None, 'X', None, None, None, None, None]",HUGO LEONEL TIUL VALENZUELA,SIN AUXILIAR,Sin restricciones,840,940,0240,ELECTRONICA 2,['Martes']
0240 ELECTRONICA 2,Clase normal,N-,PRESENCIAL,T-3,401,14:00,14:50,"[None, None, None, 'X', None, None, None]",HUGO LEONEL TIUL VALENZUELA,SIN AUXILIAR,Sin restricciones,840,890,0240,ELECTRONICA 2,['Jueves']
0240 ELECTRONICA 2,laboratorio,_A,PRESENCIAL,T-1,LAB-ELEC,14:00,14:50,"['X', None, None, None, None, None, None]",HUGO LEONEL TIUL VALENZUELA,SIN AUXILIAR,Sin restricciones,840,890,0240,ELECTRONICA 2,['Lunes']
0240 ELECTRONICA 2,laboratorio,_B,PRESENCIAL,T-1,LAB-ELEC,16:30,17:20,"[None, None, 'X', None, None, None, None]",HUGO LEONEL TIUL VALENZUELA,SIN AUXILIAR,Sin restricciones,990,1040,0240,ELECTRONICA 2,['Miercoles']
0240 ELECTRONICA 2,laboratorio,_C,PRESENCIAL,T-1,LAB-ELEC,16:30,17:20,"[None, None, None, None, 'X', None, None]",HUGO LEONEL TIUL VALENZUELA,SIN AUXILIAR,Sin restricciones,990,1040,0240,ELECTRONICA 2,['Viernes']
0241 RADIOCOMUNICACIONES TERRESTRES,Clase normal,N,HÍBRIDA,HIBR,VIRTUAL,18:10,19:50,"[None, 'X', None, None, None, None, None]",HELMUNT FEDERICO CHICOL CABRERA,SIN AUXILIAR,Sin restricciones,1090,1190,0241,RADIOCOMUNICACIONES TERRESTRES,['Martes']
0241 RADIOCOMUNICACIONES TERRESTRES,Clase normal,N,HÍBRIDA,HIBR,VIRTUAL,18:10,19:00,"[None, None, None, 'X', None, None, None]",HELMUNT FEDERICO CHICOL CABRERA,SIN AUXILIAR,Sin restricciones,1090,1140,0241,RADIOCOMUNICACIONES TERRESTRES,['Jueves']
0242 COMUNICACIONES 1,Clase normal,N,PRESENCIAL,T-3,407,17:20,18:10,"['X', None, 'X', None, 'X', None, None]",JUAN CARLOS CORDOVA ZECEÑA,SIN AUXILIAR,Sin restricciones,1040,1090,0242,COMUNICACIONES 1,"['Lunes', 'Miercoles', 'Viernes']"
0242 COMUNICACIONES 1,laboratorio,_A,PRESENCIAL,T-1,LAB-ELEC,16:30,17:20,"['X', None, None, None, None, None, None]",HILDA FABIOLA ESPAÑA GIRÓN,SIN AUXILIAR,Sin restricciones,990,1040,0242,COMUNICACIONES 1,['Lunes']
0242 COMUNICACIONES 1,laboratorio,_B,PRESENCIAL,T-1,LAB-ELEC,16:30,17:20,"[None, None, None, None, 'X', None, None]",HILDA FABIOLA ESPAÑA GIRÓN,SIN AUXILIAR,Sin restricciones,990,1040,0242,COMUNICACIONES 1,['Viernes']
0243 COMUNICACIONES 4,Clase normal,N,PRESENCIAL,T-3,209,17:20,19:00,"[None, 'X', None, None, None, None, None]",LUIS EDUARDO DURAN CORDOVA,SIN AUXILIAR,Sin restricciones,1040,1140,0243,COMUNICACIONES 4,['Martes']
0243 COMUNICACIONES 4,Clase normal,N,PRESENCIAL,T-3,209,17:20,18:10,"[None, None, None, 'X', None, None, None]",LUIS EDUARDO DURAN CORDOVA,SIN AUXILIAR,Sin restricciones,1040,1090,0243,COMUNICACIONES 4,['Jueves']
0243 COMUNICACIONES 4,Clase normal,P,PRESENCIAL,T-3,404,19:00,19:50,"['X', None, 'X', None, 'X', None, None]",GUILLERMO ANTONIO PUENTE ROMERO,SIN AUXILIAR,Sin restricciones,1140,1190,0243,COMUNICACIONES 4,"['Lunes', 'Miercoles', 'Viernes']"
0243 COMUNICACIONES 4,laboratorio,_A,PRESENCIAL,T-1,LAB-ELEC,19:50,20:40,"[None, None, None, 'X', None, None, None]",GUILLERMO ANTONIO PUENTE ROMERO,SIN AUXILIAR,Sin restricciones,1190,1240,0243,COMUNICACIONES 4,['Jueves']
0243 COMUNICACIONES 4,laboratorio,_B,PRESENCIAL,T-1,LAB-ELEC,19:50,20:40,"[None, 'X', None, None, None, None, None]",GUILLERMO ANTONIO PUENTE ROMERO,SIN AUXILIAR,Sin restricciones,1190,1240,0243,COMUNICACIONES 4,['Martes']
0243 COMUNICACIONES 4,laboratorio,_C,PRESENCIAL,T-1,LAB-ELEC,19:50,20:40,"[None, 'X', None, None, None, None, None]",INGRID SALOME RODRIGUEZ DE LOUKOTA,SIN AUXILIAR,Sin restricciones,1190,1240,0243,COMUNICACIONES 4,['Martes']
0243 COMUNICACIONES 4,laboratorio,_D,PRESENCIAL,T-1,LAB-ELEC,19:50,20:40,"[None, None, None, 'X', None, None, None]",INGRID SALOME RODRIGUEZ DE LOUKOTA,SIN AUXILIAR,Sin restricciones,1190,1240,0243,COMUNICACIONES 4,['Jueves']
0244 COMUNICACIONES 2,Clase normal,P,PRESENCIAL,T-7,101,19:00,19:50,"[None, 'X', None, None, None, None, None]",LUIS EDUARDO DURAN CORDOVA,SIN AUXILIAR,Sin restricciones,1140,1190,0244,COMUNICACIONES 2,['Martes']
0244 COMUNICACIONES 2,Clase normal,P,PRESENCIAL,T-7,101,15:40,17:20,"[None, None, None, 'X', None, None, None]",LUIS EDUARDO DURAN CORDOVA,SIN AUXILIAR,Sin restricciones,940,1040,0244,COMUNICACIONES 2,['Jueves']
0244 COMUNICACIONES 2,laboratorio,_A,PRESENCIAL,T-1,LAB-ELEC,14:00,14:50,"[None, None, 'X', None, None, None, None]",JORGE MARIO SITAVI COS,SIN AUXILIAR,Sin restricciones,840,890,0244,COMUNICACIONES 2,['Miercoles']
0244 COMUNICACIONES 2,laboratorio,_B,PRESENCIAL,T-1,LAB-ELEC,14:50,15:40,"[None, None, 'X', None, None, None, None]",JORGE MARIO SITAVI COS,SIN AUXILIAR,Sin restricciones,890,940,0244,COMUNICACIONES 2,['Miercoles']
0245 COMUNICACIONES 3,Clase normal,A,PRESENCIAL,T-7,102,19:00,19:50,"['X', None, 'X', None, 'X', None, None]",JULIO CESAR SOLARES PENATE,SIN AUXILIAR,Sin restricciones,1140,1190,0245,COMUNICACIONES 3,"['Lunes', 'Miercoles', 'Viernes']"
0245 COMUNICACIONES 3,laboratorio,_A,PRESENCIAL,T-1,LAB-ELEC,16:30,17:20,"[None, None, None, 'X', None, None, None]",CHRISTIAN ANTONIO ORELLANA LÓPEZ,SIN AUXILIAR,Sin restricciones,990,1040,0245,COMUNICACIONES 3,['Jueves']
0245 COMUNICACIONES 3,laboratorio,_B,PRESENCIAL,T-1,LAB-ELEC,17:20,18:10,"[None, None, 'X', None, None, None, None]",CHRISTIAN ANTONIO ORELLANA LÓPEZ,SIN AUXILIAR,Sin restricciones,1040,1090,0245,COMUNICACIONES 3,['Miercoles']
0245 COMUNICACIONES 3,laboratorio,_C,PRESENCIAL,T-1,LAB-ELEC,17:20,18:10,"[None, None, None, None, 'X', None, None]",CHRISTIAN ANTONIO ORELLANA LÓPEZ,SIN AUXILIAR,Sin restricciones,1040,1090,0245,COMUNICACIONES 3,['Viernes']
0246 ELECTRONICA 3,Clase normal,N+,PRESENCIAL,T-3,411,16:30,18:10,"[None, 'X', None, None, None, None, None]",CARLOS EDUARDO GUZMAN SALAZAR,SIN AUXILIAR,Sin restricciones,990,1090,0246,ELECTRONICA 3,['Martes']
0246 ELECTRONICA 3,Clase normal,N+,PRESENCIAL,T-3,411,17:20,18:10,"[None, None, None, 'X', None, None, None]",CARLOS EDUARDO GUZMAN SALAZAR,SIN AUXILIAR,Sin restricciones,1040,1090,0246,ELECTRONICA 3,['Jueves']
0246 ELECTRONICA 3,Clase normal,N-,PRESENCIAL,T-3,407,16:30,18:10,"[None, 'X', None, None, None, None, None]",JORGE MARIO SITAVI COS,SIN AUXILIAR,Sin restricciones,990,1090,0246,ELECTRONICA 3,['Martes']
0246 ELECTRONICA 3,Clase normal,N-,PRESENCIAL,T-3,214,17:20,18:10,"[None, None, None, 'X', None, None, None]",JORGE MARIO SITAVI COS,SIN AUXILIAR,Sin restricciones,1040,1090,0246,ELECTRONICA 3,['Jueves']
0246 ELECTRONICA 3,practica,.A,PRESENCIAL,T-1,LAB-ELEC,15:40,16:30,"['X', None, None, None, None, None, None]",HILDA FABIOLA ESPAÑA GIRÓN,SIN AUXILIAR,Sin restricciones,940,990,0246,ELECTRONICA 3,['Lunes']
0246 ELECTRONICA 3,laboratorio,_A,PRESENCIAL,T-1,LAB-ELEC,11:30,12:20,"['X', None, None, None, None, None, None]",MIGUEL VENTURA PEREZ,SIN AUXILIAR,Sin restricciones,690,740,0246,ELECTRONICA 3,['Lunes']
0246 ELECTRONICA 3,practica,.B,PRESENCIAL,T-1,LAB-ELEC,15:40,16:30,"[None, None, 'X', None, None, None, None]",HILDA FABIOLA ESPAÑA GIRÓN,SIN AUXILIAR,Sin restricciones,940,990,0246,ELECTRONICA 3,['Miercoles']
0246 ELECTRONICA 3,laboratorio,_B,PRESENCIAL,T-1,LAB-ELEC,11:30,12:20,"[None, None, 'X', None, None, None, None]",MIGUEL VENTURA PEREZ,SIN AUXILIAR,Sin restricciones,690,740,0246,ELECTRONICA 3,['Miercoles']
0246 ELECTRONICA 3,practica,.C,PRESENCIAL,T-1,LAB-ELEC,15:40,16:30,"[None, None, None, None, 'X', None, None]",HILDA FABIOLA ESPAÑA GIRÓN,SIN AUXILIAR,Sin restricciones,940,990,0246,ELECTRONICA 3,['Viernes']
0246 ELECTRONICA 3,laboratorio,_C,PRESENCIAL,T-1,LAB-ELEC,14:50,15:40,"['X', None, None, None, None, None, None]",HILDA FABIOLA ESPAÑA GIRÓN,SIN AUXILIAR,Sin restricciones,890,940,0246,ELECTRONICA 3,['Lunes']
0246 ELECTRONICA 3,laboratorio,_D,PRESENCIAL,T-1,LAB-ELEC,14:50,15:40,"[None, None, 'X', None, None, None, None]",HILDA FABIOLA ESPAÑA GIRÓN,SIN AUXILIAR,Sin restricciones,890,940,0246,ELECTRONICA 3,['Miercoles']
0246 ELECTRONICA 3,laboratorio,_F,PRESENCIAL,T-1,LAB-ELEC,14:50,15:40,"[None, None, None, None, 'X', None, None]",HILDA FABIOLA ESPAÑA GIRÓN,SIN AUXILIAR,Sin restricciones,890,940,0246,ELECTRONICA 3,['Viernes']
0246 ELECTRONICA 3,laboratorio,_G,PRESENCIAL,T-1,LAB-ELEC,19:00,19:50,"[None, 'X', None, None, None, None, None]",HILDA FABIOLA ESPAÑA GIRÓN,SIN AUXILIAR,Sin restricciones,1140,1190,0246,ELECTRONICA 3,['Martes']
0246 ELECTRONICA 3,laboratorio,_H,PRESENCIAL,T-1,LAB-ELEC,19:00,19:50,"[None, None, None, 'X', None, None, None]",HILDA FABIOLA ESPAÑA GIRÓN,SIN AUXILIAR,Sin restricciones,1140,1190,0246,ELECTRONICA 3,['Jueves']
0248 ELECTRONICA 5,Clase normal,N,PRESENCIAL,T-3,315,16:30,18:10,"[None, 'X', None, None, None, None, None]",INGRID SALOME RODRIGUEZ DE LOUKOTA,SIN AUXILIAR,Sin restricciones,990,1090,0248,ELECTRONICA 5,['Martes']
0248 ELECTRONICA 5,Clase normal,N,PRESENCIAL,T-3,315,17:20,18:10,"[None, None, None, 'X', None, None, None]",INGRID SALOME RODRIGUEZ DE LOUKOTA,SIN AUXILIAR,Sin restricciones,1040,1090,0248,ELECTRONICA 5,['Jueves']
0248 ELECTRONICA 5,laboratorio,_A,PRESENCIAL,T-1,LAB-ELEC,12:20,13:10,"['X', None, None, None, None, None, None]",MIGUEL VENTURA PEREZ,SIN AUXILIAR,Sin restricciones,740,790,0248,ELECTRONICA 5,['Lunes']
0248 ELECTRONICA 5,laboratorio,_B,PRESENCIAL,T-1,LAB-ELEC,12:20,13:10,"[None, None, 'X', None, None, None, None]",MIGUEL VENTURA PEREZ,SIN AUXILIAR,Sin restricciones,740,790,0248,ELECTRONICA 5,['Miercoles']
0248 ELECTRONICA 5,laboratorio,_D,PRESENCIAL,T-1,LAB-ELEC,17:20,18:10,"[None, None, 'X', None, None, None, None]",HILDA FABIOLA ESPAÑA GIRÓN,SIN AUXILIAR,Sin restricciones,1040,1090,0248,ELECTRONICA 5,['Miercoles']
0249 ELECTRONICA 6,Clase normal,N,PRESENCIAL,T-7,102,18:10,19:00,"[None, 'X', None, None, None, None, None]",RONY DANIEL HERNANDEZ GOMEZ,SIN AUXILIAR,Sin restricciones,1090,1140,0249,ELECTRONICA 6,['Martes']
0249 ELECTRONICA 6,Clase normal,N,PRESENCIAL,T-7,102,17:20,19:00,"[None, None, None, 'X', None, None, None]",RONY DANIEL HERNANDEZ GOMEZ,SIN AUXILIAR,Sin restricciones,1040,1140,0249,ELECTRONICA 6,['Jueves']
0249 ELECTRONICA 6,laboratorio,_A,PRESENCIAL,T-1,LAB-ELEC,17:20,18:10,"['X', None, None, None, None, None, None]",HILDA FABIOLA ESPAÑA GIRÓN,SIN AUXILIAR,Sin restricciones,1040,1090,0249,ELECTRONICA 6,['Lunes']
0249 ELECTRONICA 6,laboratorio,_B,PRESENCIAL,T-1,LAB-ELEC,17:20,18:10,"[None, None, None, None, 'X', None, None]",HILDA FABIOLA ESPAÑA GIRÓN,SIN AUXILIAR,Sin restricciones,1040,1090,0249,ELECTRONICA 6,['Viernes']
0250 MECANICA DE FLUIDOS,Clase normal,A,HÍBRIDA,HIBR,VIRTUAL,07:10,08:00,"['X', None, 'X', None, 'X', None, None]",RAFAEL ENRIQUE MORALES OCHOA,SIN AUXILIAR,Sin restricciones,430,480,0250,MECANICA DE FLUIDOS,"['Lunes', 'Miercoles', 'Viernes']"
0250 MECANICA DE FLUIDOS,Clase normal,B,HÍBRIDA,HIBR,VIRTUAL,08:00,08:50,"['X', None, 'X', None, 'X', None, None]",RAFAEL ENRIQUE MORALES OCHOA,SIN AUXILIAR,Sin restricciones,480,530,0250,MECANICA DE FLUIDOS,"['Lunes', 'Miercoles', 'Viernes']"
0250 MECANICA DE FLUIDOS,Clase normal,P+,HÍBRIDA,HIBR,VIRTUAL,17:20,18:10,"['X', None, 'X', None, 'X', None, None]",LUIS EDUARDO PORTILLO ESPAÑA,SIN AUXILIAR,Ver Restricciones,1040,1090,0250,MECANICA DE FLUIDOS,"['Lunes', 'Miercoles', 'Viernes']"
0250 MECANICA DE FLUIDOS,Clase normal,P-,HÍBRIDA,HIBR,VIRTUAL,17:20,18:10,"['X', None, 'X', None, 'X', None, None]",RAFAEL ENRIQUE MORALES OCHOA,SIN AUXILIAR,Ver Restricciones,1040,1090,0250,MECANICA DE FLUIDOS,"['Lunes', 'Miercoles', 'Viernes']"
0250 MECANICA DE FLUIDOS,Clase normal,Q,HÍBRIDA,HIBR,VIRTUAL,18:10,19:00,"['X', None, 'X', None, 'X', None, None]",RAFAEL ENRIQUE MORALES OCHOA,SIN AUXILIAR,Sin restricciones,1090,1140,0250,MECANICA DE FLUIDOS,"['Lunes', 'Miercoles', 'Viernes']"
0250 MECANICA DE FLUIDOS,Clase normal,R,HÍBRIDA,HIBR,VIRTUAL,19:00,19:50,"['X', None, 'X', None, 'X', None, None]",KARLA GIOVANNA JUDITH PÉREZ LOARCA,SIN AUXILIAR,Sin restricciones,1140,1190,0250,MECANICA DE FLUIDOS,"['Lunes', 'Miercoles', 'Viernes']"
0250 MECANICA DE FLUIDOS,Clase normal,S,HÍBRIDA,HIBR,VIRTUAL,18:10,19:00,"['X', None, 'X', None, 'X', None, None]",LUIS EDUARDO PORTILLO ESPAÑA,SIN AUXILIAR,Sin restricciones,1090,1140,0250,MECANICA DE FLUIDOS,"['Lunes', 'Miercoles', 'Viernes']"
0250 MECANICA DE FLUIDOS,laboratorio,01,PRESENCIAL,T-5,LFLUIDOS,10:40,11:30,"[None, 'X', None, None, None, None, None]",LUIS EDUARDO PORTILLO ESPAÑA,SIN AUXILIAR,Sin restricciones,640,690,0250,MECANICA DE FLUIDOS,['Martes']
0250 MECANICA DE FLUIDOS,laboratorio,02,PRESENCIAL,T-5,LFLUIDOS,11:30,12:20,"[None, 'X', None, None, None, None, None]",LUIS EDUARDO PORTILLO ESPAÑA,SIN AUXILIAR,Sin restricciones,690,740,0250,MECANICA DE FLUIDOS,['Martes']
0250 MECANICA DE FLUIDOS,laboratorio,03,PRESENCIAL,T-5,LFLUIDOS,13:10,14:00,"[None, 'X', None, None, None, None, None]",LUIS EDUARDO PORTILLO ESPAÑA,SIN AUXILIAR,Sin restricciones,790,840,0250,MECANICA DE FLUIDOS,['Martes']
0250 MECANICA DE FLUIDOS,laboratorio,04,PRESENCIAL,T-5,LFLUIDOS,14:00,14:50,"[None, 'X', None, None, None, None, None]",LUIS EDUARDO PORTILLO ESPAÑA,SIN AUXILIAR,Sin restricciones,840,890,0250,MECANICA DE FLUIDOS,['Martes']
0250 MECANICA DE FLUIDOS,laboratorio,05,PRESENCIAL,T-5,LFLUIDOS,14:50,15:40,"[None, 'X', None, None, None, None, None]",LUIS EDUARDO PORTILLO ESPAÑA,SIN AUXILIAR,Sin restricciones,890,940,0250,MECANICA DE FLUIDOS,['Martes']
0250 MECANICA DE FLUIDOS,laboratorio,06,PRESENCIAL,T-5,LFLUIDOS,16:30,17:20,"[None, None, None, 'X', None, None, None]",LUIS MANUEL SANDOVAL MENDOZA,SIN AUXILIAR,Sin restricciones,990,1040,0250,MECANICA DE FLUIDOS,['Jueves']
0250 MECANICA DE FLUIDOS,laboratorio,07,PRESENCIAL,T-5,LFLUIDOS,17:20,18:10,"[None, 'X', None, None, None, None, None]",LUIS MANUEL SANDOVAL MENDOZA,SIN AUXILIAR,Sin restricciones,1040,1090,0250,MECANICA DE FLUIDOS,['Martes']
0250 MECANICA DE FLUIDOS,laboratorio,08,PRESENCIAL,T-5,LFLUIDOS,18:10,19:00,"[None, 'X', None, None, None, None, None]",LUIS MANUEL SANDOVAL MENDOZA,SIN AUXILIAR,Sin restricciones,1090,1140,0250,MECANICA DE FLUIDOS,['Martes']
0250 MECANICA DE FLUIDOS,laboratorio,09,PRESENCIAL,T-5,LFLUIDOS,19:00,19:50,"[None, 'X', None, None, None, None, None]",LUIS MANUEL SANDOVAL MENDOZA,SIN AUXILIAR,Sin restricciones,1140,1190,0250,MECANICA DE FLUIDOS,['Martes']
0250 MECANICA DE FLUIDOS,laboratorio,10,PRESENCIAL,T-5,LFLUIDOS,11:30,12:20,"[None, None, None, 'X', None, None, None]",LUIS EDUARDO PORTILLO ESPAÑA,SIN AUXILIAR,Sin restricciones,690,740,0250,MECANICA DE FLUIDOS,['Jueves']
0250 MECANICA DE FLUIDOS,laboratorio,11,PRESENCIAL,T-5,LFLUIDOS,13:10,14:00,"[None, None, None, 'X', None, None, None]",LUIS EDUARDO PORTILLO ESPAÑA,SIN AUXILIAR,Sin restricciones,790,840,0250,MECANICA DE FLUIDOS,['Jueves']
0250 MECANICA DE FLUIDOS,laboratorio,12,PRESENCIAL,T-5,LFLUIDOS,14:00,14:50,"[None, None, None, 'X', None, None, None]",LUIS EDUARDO PORTILLO ESPAÑA,SIN AUXILIAR,Sin restricciones,840,890,0250,MECANICA DE FLUIDOS,['Jueves']
0250 MECANICA DE FLUIDOS,laboratorio,13,PRESENCIAL,T-5,LFLUIDOS,17:20,18:10,"[None, None, None, 'X', None, None, None]",LUIS MANUEL SANDOVAL MENDOZA,SIN AUXILIAR,Sin restricciones,1040,1090,0250,MECANICA DE FLUIDOS,['Jueves']
0250 MECANICA DE FLUIDOS,trabajo dirigido,_A,PRESENCIAL,T-3,211,10:40,12:20,"[None, 'X', None, None, None, None, None]",LUIS MANUEL SANDOVAL MENDOZA,SIN AUXILIAR,Sin restricciones,640,740,0250,MECANICA DE FLUIDOS,['Martes']
0250 MECANICA DE FLUIDOS,trabajo dirigido,_B,PRESENCIAL,T-3,312,14:00,15:40,"[None, 'X', None, None, None, None, None]",LUIS MANUEL SANDOVAL MENDOZA,SIN AUXILIAR,Sin restricciones,840,940,0250,MECANICA DE FLUIDOS,['Martes']
0250 MECANICA DE FLUIDOS,trabajo dirigido,_C,PRESENCIAL,T-3,311,15:40,17:20,"[None, 'X', None, None, None, None, None]",LUIS MANUEL SANDOVAL MENDOZA,SIN AUXILIAR,Sin restricciones,940,1040,0250,MECANICA DE FLUIDOS,['Martes']
0250 MECANICA DE FLUIDOS,trabajo dirigido,_D,PRESENCIAL,T-3,211,19:00,20:40,"[None, 'X', None, None, None, None, None]",LUIS MANUEL SANDOVAL MENDOZA,SIN AUXILIAR,Sin restricciones,1140,1240,0250,MECANICA DE FLUIDOS,['Martes']
0250 MECANICA DE FLUIDOS,trabajo dirigido,_E,PRESENCIAL,T-3,211,10:40,12:20,"[None, None, None, 'X', None, None, None]",LUIS MANUEL SANDOVAL MENDOZA,SIN AUXILIAR,Sin restricciones,640,740,0250,MECANICA DE FLUIDOS,['Jueves']
0252 HIDRAULICA,Clase normal,P,HÍBRIDA,HIBR,VIRTUAL,19:00,19:50,"['X', None, 'X', None, 'X', None, None]",LUIS EDUARDO PORTILLO ESPAÑA,SIN AUXILIAR,Sin restricciones,1140,1190,0252,HIDRAULICA,"['Lunes', 'Miercoles', 'Viernes']"
0252 HIDRAULICA,Clase normal,Q,HÍBRIDA,HIBR,VIRTUAL,19:50,20:40,"['X', None, 'X', None, 'X', None, None]",LESBIA MAGALI HERRERA LOPEZ,SIN AUXILIAR,Sin restricciones,1190,1240,0252,HIDRAULICA,"['Lunes', 'Miercoles', 'Viernes']"
0252 HIDRAULICA,laboratorio,_1,PRESENCIAL,T-5,LAB-HIDR,15:40,17:20,"[None, 'X', None, None, None, None, None]",LUIS EDUARDO PORTILLO ESPAÑA,SIN AUXILIAR,Sin restricciones,940,1040,0252,HIDRAULICA,['Martes']
0252 HIDRAULICA,laboratorio,_2,PRESENCIAL,T-5,LAB-HIDR,10:40,12:20,"[None, 'X', None, None, None, None, None]",LUIS MANUEL SANDOVAL MENDOZA,LEILY JAMILETH BARILLAS MAZARIEGOS,Sin restricciones,640,740,0252,HIDRAULICA,['Martes']
0252 HIDRAULICA,laboratorio,_3,PRESENCIAL,T-5,LAB-HIDR,15:40,17:20,"[None, None, None, 'X', None, None, None]",LUIS EDUARDO PORTILLO ESPAÑA,SIN AUXILIAR,Sin restricciones,940,1040,0252,HIDRAULICA,['Jueves']
0252 HIDRAULICA,laboratorio,_4,PRESENCIAL,T-5,LAB-HIDR,18:10,19:50,"[None, None, None, 'X', None, None, None]",LUIS MANUEL SANDOVAL MENDOZA,SIN AUXILIAR,Sin restricciones,1090,1190,0252,HIDRAULICA,['Jueves']
0254 HIDROLOGIA,Clase normal,N,HÍBRIDA,HIBR,VIRTUAL,14:50,15:40,"['X', None, 'X', None, 'X', None, None]",CLAUDIO CESAR CASTAÑON CONTRERAS,SIN AUXILIAR,Sin restricciones,890,940,0254,HIDROLOGIA,"['Lunes', 'Miercoles', 'Viernes']"
0254 HIDROLOGIA,Clase normal,P,HÍBRIDA,HIBR,VIRTUAL,15:40,16:30,"['X', None, 'X', None, 'X', None, None]",CLAUDIO CESAR CASTAÑON CONTRERAS,SIN AUXILIAR,Sin restricciones,940,990,0254,HIDROLOGIA,"['Lunes', 'Miercoles', 'Viernes']"
0254 HIDROLOGIA,Clase normal,Q,PRESENCIAL,T-3,414,18:10,19:00,"['X', None, 'X', None, 'X', None, None]",KARLA GIOVANNA JUDITH PÉREZ LOARCA,SIN AUXILIAR,Sin restricciones,1090,1140,0254,HIDROLOGIA,"['Lunes', 'Miercoles', 'Viernes']"
0254 HIDROLOGIA,laboratorio,L+,PRESENCIAL,T-3,311,18:10,19:50,"[None, None, None, 'X', None, None, None]",CLAUDIO CESAR CASTAÑON CONTRERAS,SIN AUXILIAR,Ver Restricciones,1090,1190,0254,HIDROLOGIA,['Jueves']
0254 HIDROLOGIA,laboratorio,L-,PRESENCIAL,T-3,401,16:30,18:10,"[None, None, None, 'X', None, None, None]",CLAUDIO CESAR CASTAÑON CONTRERAS,SIN AUXILIAR,Ver Restricciones,990,1090,0254,HIDROLOGIA,['Jueves']
0258 MAQUINAS HIDRAULICAS,Clase normal,N,PRESENCIAL,HIBR,VIRTUAL,19:00,19:50,"['X', None, 'X', None, 'X', None, None]",MYNOR RODERICO FIGUEROA FUENTES,SIN AUXILIAR,Sin restricciones,1140,1190,0258,MAQUINAS HIDRAULICAS,"['Lunes', 'Miercoles', 'Viernes']"
0258 MAQUINAS HIDRAULICAS,laboratorio,_A,PRESENCIAL,T-7,LAB-MEC,12:20,14:00,"['X', None, None, None, None, None, None]",HERBERT SAMUEL FIGUEROA AVENDAÑO,SIN AUXILIAR,Sin restricciones,740,840,0258,MAQUINAS HIDRAULICAS,['Lunes']
0258 MAQUINAS HIDRAULICAS,laboratorio,_B,PRESENCIAL,T-7,LAB-MEC,12:20,14:00,"[None, 'X', None, None, None, None, None]",HERBERT SAMUEL FIGUEROA AVENDAÑO,SIN AUXILIAR,Sin restricciones,740,840,0258,MAQUINAS HIDRAULICAS,['Martes']
0258 MAQUINAS HIDRAULICAS,laboratorio,_C,PRESENCIAL,T-7,LAB-MEC,12:20,14:00,"[None, None, 'X', None, None, None, None]",HERBERT SAMUEL FIGUEROA AVENDAÑO,SIN AUXILIAR,Sin restricciones,740,840,0258,MAQUINAS HIDRAULICAS,['Miercoles']
0258 MAQUINAS HIDRAULICAS,laboratorio,_D,PRESENCIAL,T-7,LAB-MEC,12:20,14:00,"[None, None, None, 'X', None, None, None]",HERBERT SAMUEL FIGUEROA AVENDAÑO,SIN AUXILIAR,Sin restricciones,740,840,0258,MAQUINAS HIDRAULICAS,['Jueves']
0258 MAQUINAS HIDRAULICAS,laboratorio,_E,PRESENCIAL,T-7,LAB-MEC,14:50,16:30,"['X', None, None, None, None, None, None]",HERBERT SAMUEL FIGUEROA AVENDAÑO,SIN AUXILIAR,Sin restricciones,890,990,0258,MAQUINAS HIDRAULICAS,['Lunes']
0258 MAQUINAS HIDRAULICAS,laboratorio,_F,PRESENCIAL,T-7,LAB-MEC,14:50,16:30,"[None, 'X', None, None, None, None, None]",HERBERT SAMUEL FIGUEROA AVENDAÑO,SIN AUXILIAR,Sin restricciones,890,990,0258,MAQUINAS HIDRAULICAS,['Martes']
0258 MAQUINAS HIDRAULICAS,laboratorio,_G,PRESENCIAL,T-7,LAB-MEC,14:50,16:30,"[None, None, 'X', None, None, None, None]",HERBERT SAMUEL FIGUEROA AVENDAÑO,SIN AUXILIAR,Sin restricciones,890,990,0258,MAQUINAS HIDRAULICAS,['Miercoles']
0258 MAQUINAS HIDRAULICAS,laboratorio,_H,PRESENCIAL,T-7,LAB-MEC,14:50,16:30,"[None, None, None, 'X', None, None, None]",HERBERT SAMUEL FIGUEROA AVENDAÑO,SIN AUXILIAR,Sin restricciones,890,990,0258,MAQUINAS HIDRAULICAS,['Jueves']
0262 AGUAS SUBTERRANEAS,Clase normal,N,HÍBRIDA,HIBR,VIRTUAL,18:10,19:00,"[None, 'X', None, 'X', None, None, None]",JOSE FERNANDO SAMAYOA ROLDAN,SIN AUXILIAR,Sin restricciones,1090,1140,0262,AGUAS SUBTERRANEAS,"['Martes', 'Jueves']"
0280 INGENIERIA SANITARIA 1,Clase normal,P,PRESENCIAL,T-3,414,17:20,18:10,"[None, 'X', None, None, None, None, None]",NORMAN LEONEL SIGUI GIL,SIN AUXILIAR,Sin restricciones,1040,1090,0280,INGENIERIA SANITARIA 1,['Martes']
0280 INGENIERIA SANITARIA 1,Clase normal,P,PRESENCIAL,T-3,414,17:20,19:00,"[None, None, None, 'X', None, None, None]",NORMAN LEONEL SIGUI GIL,SIN AUXILIAR,Sin restricciones,1040,1140,0280,INGENIERIA SANITARIA 1,['Jueves']
0281 SISTEMAS OPERATIVOS 1,Clase normal,P,VIRTUAL,MEET,VIRTUAL,17:20,19:00,"['X', None, 'X', None, None, None, None]",SERGIO ARNALDO MENDEZ AGUILAR,EDGAR ROLANDO ALVAREZ RODRIGUEZ,Sin restricciones,1040,1140,0281,SISTEMAS OPERATIVOS 1,"['Lunes', 'Miercoles']"
0281 SISTEMAS OPERATIVOS 1,laboratorio,P,HÍBRIDA,HIBR,VIRTUAL,17:20,19:00,"[None, None, None, 'X', None, None, None]",EDGAR ROLANDO ALVAREZ RODRIGUEZ,SIN AUXILIAR,Sin restricciones,1040,1140,0281,SISTEMAS OPERATIVOS 1,['Jueves']
0282 INGENIERIA SANITARIA 2,Clase normal,N,PRESENCIAL,T-3,216,16:30,17:20,"[None, 'X', None, None, None, None, None]",GUILLERMO FRANCISCO MELINI SALGUERO,SIN AUXILIAR,Sin restricciones,990,1040,0282,INGENIERIA SANITARIA 2,['Martes']
0282 INGENIERIA SANITARIA 2,Clase normal,N,PRESENCIAL,T-3,112,15:40,17:20,"[None, None, None, 'X', None, None, None]",GUILLERMO FRANCISCO MELINI SALGUERO,SIN AUXILIAR,Sin restricciones,940,1040,0282,INGENIERIA SANITARIA 2,['Jueves']
0282 INGENIERIA SANITARIA 2,Clase normal,P,PRESENCIAL,T-3,215,17:20,18:10,"[None, 'X', None, None, None, None, None]",GUILLERMO FRANCISCO MELINI SALGUERO,SIN AUXILIAR,Sin restricciones,1040,1090,0282,INGENIERIA SANITARIA 2,['Martes']
0282 INGENIERIA SANITARIA 2,Clase normal,P,PRESENCIAL,T-3,210,17:20,19:00,"[None, None, None, 'X', None, None, None]",GUILLERMO FRANCISCO MELINI SALGUERO,SIN AUXILIAR,Sin restricciones,1040,1140,0282,INGENIERIA SANITARIA 2,['Jueves']
0283 ANALISIS Y DISE\O DE SISTEMAS 1,Clase normal,A,HÍBRIDA,HIBR,VIRTUAL,07:10,08:50,"[None, 'X', None, 'X', None, None, None]",WILLIAM SAMUEL GUEVARA ORELLANA,BYRON ESTUARDO SOLIS GONZALEZ,Sin restricciones,430,530,0283,ANALISIS Y DISE\O DE SISTEMAS 1,"['Martes', 'Jueves']"
0283 ANALISIS Y DISE\O DE SISTEMAS 1,Clase normal,B,HÍBRIDA,HIBR,VIRTUAL,07:10,10:30,"[None, None, None, None, None, 'X', None]",EDGAR FRANCISCO RODAS ROBLEDO,DOUGLAS JOSUE MARTINEZ HUIT,Sin restricciones,430,630,0283,ANALISIS Y DISE\O DE SISTEMAS 1,['Sabado']
0283 ANALISIS Y DISE\O DE SISTEMAS 1,laboratorio,A,HÍBRIDA,HIBR,VIRTUAL,17:20,19:00,"['X', None, None, None, None, None, None]",BYRON ESTUARDO SOLIS GONZALEZ,SIN AUXILIAR,Sin restricciones,1040,1140,0283,ANALISIS Y DISE\O DE SISTEMAS 1,['Lunes']
0283 ANALISIS Y DISE\O DE SISTEMAS 1,laboratorio,B,HÍBRIDA,HIBR,VIRTUAL,17:20,19:00,"['X', None, None, None, None, None, None]",DOUGLAS JOSUE MARTINEZ HUIT,SIN AUXILIAR,Sin restricciones,1040,1140,0283,ANALISIS Y DISE\O DE SISTEMAS 1,['Lunes']
0284 SANEAMIENTO AMBIENTAL,Clase normal,N,HÍBRIDA,HIBR,VIRTUAL,17:20,19:00,"[None, 'X', None, None, None, None, None]",WALTER ROLANDO SALAZAR GONZÁLEZ,SIN AUXILIAR,Sin restricciones,1040,1140,0284,SANEAMIENTO AMBIENTAL,['Martes']
0284 SANEAMIENTO AMBIENTAL,Clase normal,N,HÍBRIDA,HIBR,VIRTUAL,17:20,18:10,"[None, None, None, 'X', None, None, None]",WALTER ROLANDO SALAZAR GONZÁLEZ,SIN AUXILIAR,Sin restricciones,1040,1090,0284,SANEAMIENTO AMBIENTAL,['Jueves']
0285 SISTEMAS OPERATIVOS 2,Clase normal,A,VIRTUAL,MEET,VIRTUAL,09:00,10:40,"[None, None, 'X', None, None, None, None]",EDGAR RENE ORNELIS HOIL,JAVIER ALEJANDRO AVILA FLORES,Sin restricciones,540,640,0285,SISTEMAS OPERATIVOS 2,['Miercoles']
0285 SISTEMAS OPERATIVOS 2,Clase normal,A,VIRTUAL,MEET,VIRTUAL,07:10,08:50,"['X', None, None, None, None, None, None]",EDGAR RENE ORNELIS HOIL,JAVIER ALEJANDRO AVILA FLORES,Sin restricciones,430,530,0285,SISTEMAS OPERATIVOS 2,['Lunes']
0285 SISTEMAS OPERATIVOS 2,laboratorio,A,HÍBRIDA,HIBR,VIRTUAL,17:20,19:00,"[None, None, None, None, 'X', None, None]",JAVIER ALEJANDRO AVILA FLORES,SIN AUXILIAR,Sin restricciones,1040,1140,0285,SISTEMAS OPERATIVOS 2,['Viernes']
0286 HIDRAULICA DE CANALES,Clase normal,N,HÍBRIDA,HIBR,VIRTUAL,17:20,18:10,"['X', None, 'X', None, 'X', None, None]",LUIS MANUEL SANDOVAL MENDOZA,SIN AUXILIAR,Sin restricciones,1040,1090,0286,HIDRAULICA DE CANALES,"['Lunes', 'Miercoles', 'Viernes']"
0288 INTRODUCCION AL ESTUDIO DE IMPACTO AMBIENTAL,Clase normal,M,HÍBRIDA,HIBR,VIRTUAL,16:30,17:20,"['X', None, 'X', None, 'X', None, None]",PABLO CESAR ANÍBAL SARAVIA SOLARES,SIN AUXILIAR,Sin restricciones,990,1040,0288,INTRODUCCION AL ESTUDIO DE IMPACTO AMBIENTAL,"['Lunes', 'Miercoles', 'Viernes']"
0300 RESISTENCIA DE MATERIALES 1,Clase normal,A,HÍBRIDA,HIBR,VIRTUAL,08:00,08:50,"['X', None, 'X', None, 'X', None, None]",YEFRY VALENTIN ROSALES JUAREZ,SIN AUXILIAR,Sin restricciones,480,530,0300,RESISTENCIA DE MATERIALES 1,"['Lunes', 'Miercoles', 'Viernes']"
0300 RESISTENCIA DE MATERIALES 1,Clase normal,B,HÍBRIDA,HIBR,VIRTUAL,09:00,09:50,"[None, 'X', None, None, None, None, None]",HUGO LEONEL MONTENEGRO FRANCO,SIN AUXILIAR,Sin restricciones,540,590,0300,RESISTENCIA DE MATERIALES 1,['Martes']
0300 RESISTENCIA DE MATERIALES 1,Clase normal,B,HÍBRIDA,HIBR,VIRTUAL,09:00,10:40,"[None, None, None, 'X', None, None, None]",HUGO LEONEL MONTENEGRO FRANCO,SIN AUXILIAR,Sin restricciones,540,640,0300,RESISTENCIA DE MATERIALES 1,['Jueves']
0300 RESISTENCIA DE MATERIALES 1,Clase normal,P,PRESENCIAL,T-3,411,16:30,17:20,"['X', None, 'X', None, 'X', None, None]",JOSÉ ESTUARDO GALINDO ESCOBAR,SIN AUXILIAR,Sin restricciones,990,1040,0300,RESISTENCIA DE MATERIALES 1,"['Lunes', 'Miercoles', 'Viernes']"
0300 RESISTENCIA DE MATERIALES 1,Clase normal,S,HÍBRIDA,HIBR,VIRTUAL,19:00,19:50,"['X', None, 'X', None, 'X', None, None]",JOSE MAURICIO ARRIOLA DONIS,SIN AUXILIAR,Sin restricciones,1140,1190,0300,RESISTENCIA DE MATERIALES 1,"['Lunes', 'Miercoles', 'Viernes']"
0300 RESISTENCIA DE MATERIALES 1,Clase normal,T,HÍBRIDA,HIBR,VIRTUAL,18:10,19:00,"['X', None, 'X', None, 'X', None, None]",JOSE MAURICIO ARRIOLA DONIS,SIN AUXILIAR,Sin restricciones,1090,1140,0300,RESISTENCIA DE MATERIALES 1,"['Lunes', 'Miercoles', 'Viernes']"
0300 RESISTENCIA DE MATERIALES 1,Clase normal,U,PRESENCIAL,T-3,411,19:00,19:50,"['X', None, 'X', None, 'X', None, None]",JOSÉ ESTUARDO GALINDO ESCOBAR,SIN AUXILIAR,Sin restricciones,1140,1190,0300,RESISTENCIA DE MATERIALES 1,"['Lunes', 'Miercoles', 'Viernes']"
0300 RESISTENCIA DE MATERIALES 1,laboratorio,1,PRESENCIAL,T-5,CII,12:20,14:00,"[None, 'X', None, None, None, None, None]",DARIO FRANCISCO LUCAS MAZARIEGOS,SIN AUXILIAR,Sin restricciones,740,840,0300,RESISTENCIA DE MATERIALES 1,['Martes']
0300 RESISTENCIA DE MATERIALES 1,laboratorio,10,PRESENCIAL,T-5,CII,12:20,14:00,"[None, 'X', None, None, None, None, None]",DARIO FRANCISCO LUCAS MAZARIEGOS,SIN AUXILIAR,Sin restricciones,740,840,0300,RESISTENCIA DE MATERIALES 1,['Martes']
0300 RESISTENCIA DE MATERIALES 1,laboratorio,11,PRESENCIAL,T-5,CII,15:40,17:20,"[None, 'X', None, None, None, None, None]",LUIS MARIANO ALVAREZ MURALLES,SIN AUXILIAR,Sin restricciones,940,1040,0300,RESISTENCIA DE MATERIALES 1,['Martes']
0300 RESISTENCIA DE MATERIALES 1,laboratorio,12,PRESENCIAL,T-5,CII,17:20,19:00,"[None, 'X', None, None, None, None, None]",LUIS MARIANO ALVAREZ MURALLES,SIN AUXILIAR,Sin restricciones,1040,1140,0300,RESISTENCIA DE MATERIALES 1,['Martes']
0300 RESISTENCIA DE MATERIALES 1,laboratorio,13,PRESENCIAL,T-5,CII,17:20,19:00,"[None, None, 'X', None, None, None, None]",LUIS MARIANO ALVAREZ MURALLES,SIN AUXILIAR,Sin restricciones,1040,1140,0300,RESISTENCIA DE MATERIALES 1,['Miercoles']
0300 RESISTENCIA DE MATERIALES 1,laboratorio,14,PRESENCIAL,T-5,CII,15:40,17:20,"[None, None, None, 'X', None, None, None]",LUIS MARIANO ALVAREZ MURALLES,SIN AUXILIAR,Sin restricciones,940,1040,0300,RESISTENCIA DE MATERIALES 1,['Jueves']
0300 RESISTENCIA DE MATERIALES 1,laboratorio,15,PRESENCIAL,T-5,CII,17:20,19:00,"[None, None, None, 'X', None, None, None]",LUIS MARIANO ALVAREZ MURALLES,SIN AUXILIAR,Sin restricciones,1040,1140,0300,RESISTENCIA DE MATERIALES 1,['Jueves']
0300 RESISTENCIA DE MATERIALES 1,laboratorio,2,PRESENCIAL,T-5,CII,14:00,15:40,"[None, 'X', None, None, None, None, None]",DARIO FRANCISCO LUCAS MAZARIEGOS,SIN AUXILIAR,Sin restricciones,840,940,0300,RESISTENCIA DE MATERIALES 1,['Martes']
0300 RESISTENCIA DE MATERIALES 1,laboratorio,3,PRESENCIAL,T-5,CII,15:40,17:20,"[None, 'X', None, None, None, None, None]",LUIS MARIANO ALVAREZ MURALLES,SIN AUXILIAR,Sin restricciones,940,1040,0300,RESISTENCIA DE MATERIALES 1,['Martes']
0300 RESISTENCIA DE MATERIALES 1,laboratorio,4,PRESENCIAL,T-5,CII,17:20,19:00,"[None, 'X', None, None, None, None, None]",LUIS MARIANO ALVAREZ MURALLES,SIN AUXILIAR,Sin restricciones,1040,1140,0300,RESISTENCIA DE MATERIALES 1,['Martes']
0300 RESISTENCIA DE MATERIALES 1,laboratorio,5,PRESENCIAL,T-5,CII,17:20,19:00,"[None, None, 'X', None, None, None, None]",LUIS MARIANO ALVAREZ MURALLES,SIN AUXILIAR,Sin restricciones,1040,1140,0300,RESISTENCIA DE MATERIALES 1,['Miercoles']
0300 RESISTENCIA DE MATERIALES 1,laboratorio,6,PRESENCIAL,T-5,CII,12:20,14:00,"[None, None, None, 'X', None, None, None]",DARIO FRANCISCO LUCAS MAZARIEGOS,SIN AUXILIAR,Sin restricciones,740,840,0300,RESISTENCIA DE MATERIALES 1,['Jueves']
0300 RESISTENCIA DE MATERIALES 1,laboratorio,7,PRESENCIAL,T-5,CII,14:00,15:40,"[None, None, None, 'X', None, None, None]",DARIO FRANCISCO LUCAS MAZARIEGOS,SIN AUXILIAR,Sin restricciones,840,940,0300,RESISTENCIA DE MATERIALES 1,['Jueves']
0300 RESISTENCIA DE MATERIALES 1,laboratorio,8,PRESENCIAL,T-5,CII,15:40,17:20,"[None, None, None, 'X', None, None, None]",LUIS MARIANO ALVAREZ MURALLES,SIN AUXILIAR,Sin restricciones,940,1040,0300,RESISTENCIA DE MATERIALES 1,['Jueves']
0300 RESISTENCIA DE MATERIALES 1,laboratorio,9,PRESENCIAL,T-5,CII,17:20,19:00,"[None, None, None, 'X', None, None, None]",LUIS MARIANO ALVAREZ MURALLES,SIN AUXILIAR,Sin restricciones,1040,1140,0300,RESISTENCIA DE MATERIALES 1,['Jueves']
0302 RESISTENCIA DE MATERIALES 2,Clase normal,A,HÍBRIDA,HIBR,VIRTUAL,09:50,11:30,"[None, 'X', None, None, None, None, None]",HUGO LEONEL MONTENEGRO FRANCO,SIN AUXILIAR,Sin restricciones,590,690,0302,RESISTENCIA DE MATERIALES 2,['Martes']
0302 RESISTENCIA DE MATERIALES 2,Clase normal,A,HÍBRIDA,HIBR,VIRTUAL,10:40,11:30,"[None, None, None, 'X', None, None, None]",HUGO LEONEL MONTENEGRO FRANCO,SIN AUXILIAR,Sin restricciones,640,690,0302,RESISTENCIA DE MATERIALES 2,['Jueves']
0302 RESISTENCIA DE MATERIALES 2,Clase normal,N,PRESENCIAL,T-3,315,16:30,17:20,"['X', None, 'X', None, 'X', None, None]",HUGO LEONEL MONTENEGRO FRANCO,SIN AUXILIAR,Sin restricciones,990,1040,0302,RESISTENCIA DE MATERIALES 2,"['Lunes', 'Miercoles', 'Viernes']"
0302 RESISTENCIA DE MATERIALES 2,Clase normal,Q,PRESENCIAL,T-3,315,17:20,18:10,"['X', None, 'X', None, 'X', None, None]",HUGO LEONEL MONTENEGRO FRANCO,SIN AUXILIAR,Sin restricciones,1040,1090,0302,RESISTENCIA DE MATERIALES 2,"['Lunes', 'Miercoles', 'Viernes']"
0302 RESISTENCIA DE MATERIALES 2,laboratorio,1,PRESENCIAL,T-5,CII,13:10,14:00,"[None, 'X', None, None, None, None, None]",OMAR ENRIQUE MEDRANO MENDEZ,SIN AUXILIAR,Sin restricciones,790,840,0302,RESISTENCIA DE MATERIALES 2,['Martes']
0302 RESISTENCIA DE MATERIALES 2,laboratorio,2,PRESENCIAL,T-5,CII,13:10,14:00,"[None, None, None, 'X', None, None, None]",OMAR ENRIQUE MEDRANO MENDEZ,SIN AUXILIAR,Sin restricciones,790,840,0302,RESISTENCIA DE MATERIALES 2,['Jueves']
0302 RESISTENCIA DE MATERIALES 2,laboratorio,3,PRESENCIAL,T-3,215,15:40,16:30,"[None, 'X', None, None, None, None, None]",OMAR ENRIQUE MEDRANO MENDEZ,SIN AUXILIAR,Sin restricciones,940,990,0302,RESISTENCIA DE MATERIALES 2,['Martes']
0302 RESISTENCIA DE MATERIALES 2,laboratorio,4,PRESENCIAL,T-3,215,15:40,16:30,"[None, None, None, 'X', None, None, None]",OMAR ENRIQUE MEDRANO MENDEZ,SIN AUXILIAR,Sin restricciones,940,990,0302,RESISTENCIA DE MATERIALES 2,['Jueves']
0302 RESISTENCIA DE MATERIALES 2,laboratorio,5,PRESENCIAL,T-3,212,16:30,17:20,"[None, 'X', None, None, None, None, None]",OMAR ENRIQUE MEDRANO MENDEZ,SIN AUXILIAR,Sin restricciones,990,1040,0302,RESISTENCIA DE MATERIALES 2,['Martes']
0302 RESISTENCIA DE MATERIALES 2,laboratorio,6,PRESENCIAL,T-3,214,16:30,17:20,"[None, None, None, 'X', None, None, None]",OMAR ENRIQUE MEDRANO MENDEZ,SIN AUXILIAR,Sin restricciones,990,1040,0302,RESISTENCIA DE MATERIALES 2,['Jueves']
0307 TIPOLOGIA ESTRUCTURAL,Clase normal,P,HÍBRIDA,HIBR,VIRTUAL,16:30,17:20,"[None, 'X', None, None, None, None, None]",JOSÉ ESTUARDO GALINDO ESCOBAR,SIN AUXILIAR,Sin restricciones,990,1040,0307,TIPOLOGIA ESTRUCTURAL,['Martes']
0307 TIPOLOGIA ESTRUCTURAL,Clase normal,P,HÍBRIDA,HIBR,VIRTUAL,16:30,18:10,"[None, None, None, 'X', None, None, None]",JOSÉ ESTUARDO GALINDO ESCOBAR,SIN AUXILIAR,Sin restricciones,990,1090,0307,TIPOLOGIA ESTRUCTURAL,['Jueves']
0311 ANALISIS ESTRUCTURAL,Clase normal,N,PRESENCIAL,T-3,411,15:40,16:30,"['X', None, 'X', None, 'X', None, None]",JOSÉ ESTUARDO GALINDO ESCOBAR,SIN AUXILIAR,Sin restricciones,940,990,0311,ANALISIS ESTRUCTURAL,"['Lunes', 'Miercoles', 'Viernes']"
0311 ANALISIS ESTRUCTURAL,Clase normal,P,PRESENCIAL,T-3,411,18:10,19:00,"['X', None, 'X', None, 'X', None, None]",JOSÉ ESTUARDO GALINDO ESCOBAR,SIN AUXILIAR,Sin restricciones,1090,1140,0311,ANALISIS ESTRUCTURAL,"['Lunes', 'Miercoles', 'Viernes']"
0311 ANALISIS ESTRUCTURAL,Clase normal,U,HÍBRIDA,HIBR,VIRTUAL,18:10,19:00,"['X', None, 'X', None, 'X', None, None]",PAOLA JUDITH PÉREZ URQUIZÚ,SIN AUXILIAR,Sin restricciones,1090,1140,0311,ANALISIS ESTRUCTURAL,"['Lunes', 'Miercoles', 'Viernes']"
0311 ANALISIS ESTRUCTURAL,laboratorio,_N,VIRTUAL,MEET,VIRTUAL,19:00,19:50,"[None, 'X', None, None, None, None, None]",CARLOS ANDRES PÉREZ TORRES,SIN AUXILIAR,Sin restricciones,1140,1190,0311,ANALISIS ESTRUCTURAL,['Martes']
0311 ANALISIS ESTRUCTURAL,laboratorio,_P,VIRTUAL,MEET,VIRTUAL,14:00,14:50,"[None, None, None, 'X', None, None, None]",LUIS ESTUARDO SARAVIA RAMIREZ,SIN AUXILIAR,Sin restricciones,840,890,0311,ANALISIS ESTRUCTURAL,['Jueves']
0314 CONCRETO ARMADO 1,Clase normal,A,HÍBRIDA,HIBR,VIRTUAL,09:00,09:50,"['X', None, 'X', None, 'X', None, None]",YEFRY VALENTIN ROSALES JUAREZ,SIN AUXILIAR,Sin restricciones,540,590,0314,CONCRETO ARMADO 1,"['Lunes', 'Miercoles', 'Viernes']"
0314 CONCRETO ARMADO 1,laboratorio,_N,PRESENCIAL,EXT,PREFAB,14:00,14:50,"[None, 'X', None, None, None, None, None]",YEFRY VALENTIN ROSALES JUAREZ,SIN AUXILIAR,Sin restricciones,840,890,0314,CONCRETO ARMADO 1,['Martes']
0314 CONCRETO ARMADO 1,laboratorio,_P,PRESENCIAL,EXT,PREFAB,15:40,16:30,"[None, None, None, 'X', None, None, None]",OSWALDO ROMEO ESCOBAR ALVAREZ,SIN AUXILIAR,Sin restricciones,940,990,0314,CONCRETO ARMADO 1,['Jueves']
0316 CONCRETO ARMADO 2,Clase normal,N,PRESENCIAL,T-3,413,15:40,16:30,"['X', None, 'X', None, 'X', None, None]",MARIO RODOLFO CORZO AVILA,SIN AUXILIAR,Sin restricciones,940,990,0316,CONCRETO ARMADO 2,"['Lunes', 'Miercoles', 'Viernes']"
0316 CONCRETO ARMADO 2,Clase normal,P,PRESENCIAL,T-3,412,17:20,18:10,"['X', None, 'X', None, 'X', None, None]",LUIS ESTUARDO SARAVIA RAMIREZ,SIN AUXILIAR,Sin restricciones,1040,1090,0316,CONCRETO ARMADO 2,"['Lunes', 'Miercoles', 'Viernes']"
0316 CONCRETO ARMADO 2,laboratorio,_N,PRESENCIAL,EXT,PREFAB,14:50,15:40,"[None, None, 'X', None, None, None, None]",YEFRY VALENTIN ROSALES JUAREZ,SIN AUXILIAR,Sin restricciones,890,940,0316,CONCRETO ARMADO 2,['Miercoles']
0316 CONCRETO ARMADO 2,laboratorio,_P,PRESENCIAL,EXT,PREFAB,14:00,14:50,"[None, None, None, 'X', None, None, None]",YEFRY VALENTIN ROSALES JUAREZ,SIN AUXILIAR,Sin restricciones,840,890,0316,CONCRETO ARMADO 2,['Jueves']
0318 CIMENTACIONES 1,Clase normal,A,HÍBRIDA,HIBR,VIRTUAL,11:30,12:20,"['X', None, 'X', None, 'X', None, None]",OMAR ENRIQUE MEDRANO MENDEZ,SIN AUXILIAR,Sin restricciones,690,740,0318,CIMENTACIONES 1,"['Lunes', 'Miercoles', 'Viernes']"
0320 CIMENTACIONES 2,Clase normal,N,PRESENCIAL,T-3,212,16:30,17:20,"['X', None, 'X', None, 'X', None, None]",LUIS ESTUARDO SARAVIA RAMIREZ,SIN AUXILIAR,Sin restricciones,990,1040,0320,CIMENTACIONES 2,"['Lunes', 'Miercoles', 'Viernes']"
0322 DISE\O ESTRUCTURAL 1,Clase normal,N,PRESENCIAL,T-3,411,14:50,15:40,"['X', None, 'X', None, 'X', None, None]",JOSÉ ESTUARDO GALINDO ESCOBAR,SIN AUXILIAR,Sin restricciones,890,940,0322,DISE\O ESTRUCTURAL 1,"['Lunes', 'Miercoles', 'Viernes']"
0322 DISE\O ESTRUCTURAL 1,Clase normal,P,PRESENCIAL,T-3,411,17:20,18:10,"['X', None, 'X', None, 'X', None, None]",JOSÉ ESTUARDO GALINDO ESCOBAR,SIN AUXILIAR,Sin restricciones,1040,1090,0322,DISE\O ESTRUCTURAL 1,"['Lunes', 'Miercoles', 'Viernes']"
0322 DISE\O ESTRUCTURAL 1,laboratorio,_N,VIRTUAL,MEET,VIRTUAL,19:00,19:50,"[None, None, None, 'X', None, None, None]",CARLOS ANDRES PÉREZ TORRES,SIN AUXILIAR,Sin restricciones,1140,1190,0322,DISE\O ESTRUCTURAL 1,['Jueves']
0322 DISE\O ESTRUCTURAL 1,laboratorio,_P,VIRTUAL,MEET,VIRTUAL,19:50,20:40,"[None, None, None, 'X', None, None, None]",CARLOS ANDRES PÉREZ TORRES,SIN AUXILIAR,Sin restricciones,1190,1240,0322,DISE\O ESTRUCTURAL 1,['Jueves']
0324 DISE\O ESTRUCTURAL 2,Clase normal,N,PRESENCIAL,T-3,214,16:30,17:20,"['X', None, 'X', None, 'X', None, None]",MARIO RODOLFO CORZO AVILA,SIN AUXILIAR,Sin restricciones,990,1040,0324,DISE\O ESTRUCTURAL 2,"['Lunes', 'Miercoles', 'Viernes']"
0324 DISE\O ESTRUCTURAL 2,Clase normal,P,PRESENCIAL,T-3,412,18:10,19:00,"['X', None, 'X', None, 'X', None, None]",LUIS ESTUARDO SARAVIA RAMIREZ,SIN AUXILIAR,Sin restricciones,1090,1140,0324,DISE\O ESTRUCTURAL 2,"['Lunes', 'Miercoles', 'Viernes']"
0324 DISE\O ESTRUCTURAL 2,laboratorio,_N,VIRTUAL,MEET,VIRTUAL,14:50,15:40,"[None, None, None, 'X', None, None, None]",LUIS ESTUARDO SARAVIA RAMIREZ,SIN AUXILIAR,Sin restricciones,890,940,0324,DISE\O ESTRUCTURAL 2,['Jueves']
0332 PUENTES,Clase normal,P,HÍBRIDA,HIBR,VIRTUAL,19:00,19:50,"['X', None, 'X', None, 'X', None, None]",VICTOR VINICIO BARRIOS US,SIN AUXILIAR,Sin restricciones,1140,1190,0332,PUENTES,"['Lunes', 'Miercoles', 'Viernes']"
0335 GESTION DE DESASTRES,Clase normal,N,PRESENCIAL,T-3,114,15:40,16:30,"[None, 'X', None, 'X', None, None, None]",OMAR GILBERTO FLORES BELTETON,SIN AUXILIAR,Sin restricciones,940,990,0335,GESTION DE DESASTRES,"['Martes', 'Jueves']"
0348 QUIMICA GENERAL 1,Clase normal,B,PRESENCIAL,S-12,105,08:00,08:50,"['X', 'X', 'X', None, 'X', None, None]",BERTHA ROXANDA MOLINA LEON DE QUINTO,SIN AUXILIAR,Sin restricciones,480,530,0348,QUIMICA GENERAL 1,"['Lunes', 'Martes', 'Miercoles', 'Viernes']"
0348 QUIMICA GENERAL 1,Clase normal,D,PRESENCIAL,S-12,104,07:10,08:00,"['X', 'X', 'X', None, 'X', None, None]",CASTA PETRONA ZECENA ZECENA,SIN AUXILIAR,Ver Restricciones,430,480,0348,QUIMICA GENERAL 1,"['Lunes', 'Martes', 'Miercoles', 'Viernes']"
0348 QUIMICA GENERAL 1,Clase normal,E+,PRESENCIAL,S-12,103,10:40,11:30,"['X', 'X', 'X', None, 'X', None, None]",BERTHA ROXANDA MOLINA LEON DE QUINTO,SIN AUXILIAR,Ver Restricciones,640,690,0348,QUIMICA GENERAL 1,"['Lunes', 'Martes', 'Miercoles', 'Viernes']"
0348 QUIMICA GENERAL 1,Clase normal,E-,PRESENCIAL,S-12,308,10:40,11:30,"['X', 'X', 'X', None, 'X', None, None]",EDGAR GAMALIEL DE LEON HERNANDEZ,SIN AUXILIAR,Ver Restricciones,640,690,0348,QUIMICA GENERAL 1,"['Lunes', 'Martes', 'Miercoles', 'Viernes']"
0348 QUIMICA GENERAL 1,Clase normal,H,PRESENCIAL,S-12,402,10:40,11:30,"['X', 'X', 'X', None, 'X', None, None]",TANNIA MAGALY DE LEON MORAN,SIN AUXILIAR,Sin restricciones,640,690,0348,QUIMICA GENERAL 1,"['Lunes', 'Martes', 'Miercoles', 'Viernes']"
0348 QUIMICA GENERAL 1,Clase normal,I,PRESENCIAL,S-12,105,09:50,10:40,"['X', 'X', 'X', None, 'X', None, None]",BERTHA ROXANDA MOLINA LEON DE QUINTO,SIN AUXILIAR,Sin restricciones,590,640,0348,QUIMICA GENERAL 1,"['Lunes', 'Martes', 'Miercoles', 'Viernes']"
0348 QUIMICA GENERAL 1,Clase normal,K,PRESENCIAL,S-12,104,11:30,12:20,"['X', 'X', 'X', None, 'X', None, None]",TANNIA MAGALY DE LEON MORAN,SIN AUXILIAR,Sin restricciones,690,740,0348,QUIMICA GENERAL 1,"['Lunes', 'Martes', 'Miercoles', 'Viernes']"
0348 QUIMICA GENERAL 1,Clase normal,L,PRESENCIAL,T-7,102,08:00,08:50,"['X', 'X', 'X', None, 'X', None, None]",TELMA MARICELA CANO MORALES,SIN AUXILIAR,Ver Restricciones,480,530,0348,QUIMICA GENERAL 1,"['Lunes', 'Martes', 'Miercoles', 'Viernes']"
0348 QUIMICA GENERAL 1,Clase normal,M+,PRESENCIAL,S-12,404,09:50,10:40,"['X', 'X', None, 'X', 'X', None, None]",EDGAR GAMALIEL DE LEON HERNANDEZ,SIN AUXILIAR,Ver Restricciones,590,640,0348,QUIMICA GENERAL 1,"['Lunes', 'Martes', 'Jueves', 'Viernes']"
0348 QUIMICA GENERAL 1,Clase normal,M-,PRESENCIAL,S-12,408,09:50,10:40,"['X', 'X', None, 'X', 'X', None, None]",BYRON RENE AGUILAR UCK,SIN AUXILIAR,Ver Restricciones,590,640,0348,QUIMICA GENERAL 1,"['Lunes', 'Martes', 'Jueves', 'Viernes']"
0348 QUIMICA GENERAL 1,Clase normal,N,PRESENCIAL,T-3,404,16:30,17:20,"['X', 'X', 'X', None, 'X', None, None]",GABRIEL ESTUARDO SOLÓRZANO CASTELLANOS,SIN AUXILIAR,Ver Restricciones,990,1040,0348,QUIMICA GENERAL 1,"['Lunes', 'Martes', 'Miercoles', 'Viernes']"
0348 QUIMICA GENERAL 1,Clase normal,P+,PRESENCIAL,T-3,105,14:00,14:50,"['X', 'X', 'X', None, 'X', None, None]",GABRIEL ESTUARDO SOLÓRZANO CASTELLANOS,SIN AUXILIAR,Ver Restricciones,840,890,0348,QUIMICA GENERAL 1,"['Lunes', 'Martes', 'Miercoles', 'Viernes']"
0348 QUIMICA GENERAL 1,Clase normal,P-,PRESENCIAL,T-5,302,14:00,14:50,"['X', 'X', 'X', None, 'X', None, None]",BERTHA ROXANDA MOLINA LEON DE QUINTO,SIN AUXILIAR,Ver Restricciones,840,890,0348,QUIMICA GENERAL 1,"['Lunes', 'Martes', 'Miercoles', 'Viernes']"
0348 QUIMICA GENERAL 1,Clase normal,R,PRESENCIAL,T-3,404,17:20,18:10,"['X', 'X', 'X', None, 'X', None, None]",GABRIEL ESTUARDO SOLÓRZANO CASTELLANOS,SIN AUXILIAR,Sin restricciones,1040,1090,0348,QUIMICA GENERAL 1,"['Lunes', 'Martes', 'Miercoles', 'Viernes']"
0348 QUIMICA GENERAL 1,laboratorio,B1,PRESENCIAL,T-5,LAB-Q1,10:40,12:20,"[None, None, None, None, 'X', None, None]",JOSUE MANUEL QUIJIVIX COTI,SIN AUXILIAR,Sin restricciones,640,740,0348,QUIMICA GENERAL 1,['Viernes']
0348 QUIMICA GENERAL 1,laboratorio,B2,PRESENCIAL,T-5,LAB-Q2,10:40,12:20,"[None, None, None, None, 'X', None, None]",CARLOS AXEL FERNANDO HERNÁNDEZ GONZÁLEZ,SIN AUXILIAR,Sin restricciones,640,740,0348,QUIMICA GENERAL 1,['Viernes']
0348 QUIMICA GENERAL 1,laboratorio,D1,PRESENCIAL,T-5,LAB-Q1,10:40,12:20,"[None, None, None, 'X', None, None, None]",DENNIS ANDRÉ GONZÁLEZ FLORES,SIN AUXILIAR,Sin restricciones,640,740,0348,QUIMICA GENERAL 1,['Jueves']
0348 QUIMICA GENERAL 1,laboratorio,D2,PRESENCIAL,T-5,LAB-Q1,14:00,15:40,"[None, None, None, 'X', None, None, None]",MARÍA DE LOS ANGELES MIRANDA DUARTE,SIN AUXILIAR,Sin restricciones,840,940,0348,QUIMICA GENERAL 1,['Jueves']
0348 QUIMICA GENERAL 1,laboratorio,D3,PRESENCIAL,T-5,LAB-Q1,10:40,12:20,"[None, None, None, 'X', None, None, None]",DENNIS ANDRÉ GONZÁLEZ FLORES,SIN AUXILIAR,Sin restricciones,640,740,0348,QUIMICA GENERAL 1,['Jueves']
0348 QUIMICA GENERAL 1,laboratorio,D4,PRESENCIAL,T-5,LAB-Q2,14:00,15:40,"[None, None, None, 'X', None, None, None]",MARÍA DE LOS ANGELES MIRANDA DUARTE,SIN AUXILIAR,Sin restricciones,840,940,0348,QUIMICA GENERAL 1,['Jueves']
0348 QUIMICA GENERAL 1,laboratorio,D5,PRESENCIAL,T-5,LAB-Q1,15:40,17:20,"[None, None, 'X', None, None, None, None]",PAOLA MISHELLE. HENGSTENBERG PRERA,SIN AUXILIAR,Sin restricciones,940,1040,0348,QUIMICA GENERAL 1,['Miercoles']
0348 QUIMICA GENERAL 1,laboratorio,E1,PRESENCIAL,T-5,LAB-Q1,07:10,08:50,"[None, 'X', None, None, None, None, None]",DENNIS ANDRÉ GONZÁLEZ FLORES,SIN AUXILIAR,Sin restricciones,430,530,0348,QUIMICA GENERAL 1,['Martes']
0348 QUIMICA GENERAL 1,laboratorio,E2,PRESENCIAL,T-5,LAB-Q1,14:00,15:40,"[None, 'X', None, None, None, None, None]",DIANA ALEJANDRA PACAY GARCÍA,SIN AUXILIAR,Sin restricciones,840,940,0348,QUIMICA GENERAL 1,['Martes']
0348 QUIMICA GENERAL 1,laboratorio,E3,PRESENCIAL,T-5,LAB-Q1,07:10,08:50,"[None, 'X', None, None, None, None, None]",DENNIS ANDRÉ GONZÁLEZ FLORES,SIN AUXILIAR,Sin restricciones,430,530,0348,QUIMICA GENERAL 1,['Martes']
0348 QUIMICA GENERAL 1,laboratorio,E4,PRESENCIAL,T-5,LAB-Q1,14:00,15:40,"[None, 'X', None, None, None, None, None]",DIANA ALEJANDRA PACAY GARCÍA,SIN AUXILIAR,Sin restricciones,840,940,0348,QUIMICA GENERAL 1,['Martes']
0348 QUIMICA GENERAL 1,laboratorio,H1,PRESENCIAL,T-5,LAB-Q1,15:40,17:20,"[None, 'X', None, None, None, None, None]",JEREMY EMMANUEL BARRIOS ARANA,SIN AUXILIAR,Sin restricciones,940,1040,0348,QUIMICA GENERAL 1,['Martes']
0348 QUIMICA GENERAL 1,laboratorio,H2,PRESENCIAL,T-5,LAB-Q1,15:40,17:20,"[None, 'X', None, None, None, None, None]",JEREMY EMMANUEL BARRIOS ARANA,SIN AUXILIAR,Sin restricciones,940,1040,0348,QUIMICA GENERAL 1,['Martes']
0348 QUIMICA GENERAL 1,laboratorio,I1,PRESENCIAL,T-5,LAB-Q1,14:00,15:40,"[None, None, 'X', None, None, None, None]",NATALIE GIULIANA ECHEVERRIA CHANG,SIN AUXILIAR,Sin restricciones,840,940,0348,QUIMICA GENERAL 1,['Miercoles']
0348 QUIMICA GENERAL 1,laboratorio,I2,PRESENCIAL,T-5,LAB-Q1,14:00,15:40,"[None, None, 'X', None, None, None, None]",NATALIE GIULIANA ECHEVERRIA CHANG,SIN AUXILIAR,Sin restricciones,840,940,0348,QUIMICA GENERAL 1,['Miercoles']
0348 QUIMICA GENERAL 1,laboratorio,K1,PRESENCIAL,T-5,LAB-Q1,14:00,15:40,"[None, None, None, None, 'X', None, None]",LOIDA LISBETH CHAMALÉ NIÑOS,SIN AUXILIAR,Sin restricciones,840,940,0348,QUIMICA GENERAL 1,['Viernes']
0348 QUIMICA GENERAL 1,laboratorio,K2,PRESENCIAL,T-5,LAB-Q1,14:00,15:40,"[None, None, None, None, 'X', None, None]",LOIDA LISBETH CHAMALÉ NIÑOS,SIN AUXILIAR,Sin restricciones,840,940,0348,QUIMICA GENERAL 1,['Viernes']
0348 QUIMICA GENERAL 1,laboratorio,M1,PRESENCIAL,T-5,LAB-Q1,10:40,12:20,"['X', None, None, None, None, None, None]",DIANA ALEJANDRA PACAY GARCÍA,SIN AUXILIAR,Sin restricciones,640,740,0348,QUIMICA GENERAL 1,['Lunes']
0348 QUIMICA GENERAL 1,laboratorio,M2,PRESENCIAL,T-5,LAB-Q1,14:00,15:40,"['X', None, None, None, None, None, None]",TANNIA MAGALY DE LEON MORAN,SIN AUXILIAR,Sin restricciones,840,940,0348,QUIMICA GENERAL 1,['Lunes']
0348 QUIMICA GENERAL 1,laboratorio,M3,PRESENCIAL,T-5,LAB-Q1,10:40,12:20,"['X', None, None, None, None, None, None]",DIANA ALEJANDRA PACAY GARCÍA,SIN AUXILIAR,Sin restricciones,640,740,0348,QUIMICA GENERAL 1,['Lunes']
0348 QUIMICA GENERAL 1,laboratorio,M4,PRESENCIAL,T-5,LAB-Q2,14:00,15:40,"['X', None, None, None, None, None, None]",TANNIA MAGALY DE LEON MORAN,SIN AUXILIAR,Sin restricciones,840,940,0348,QUIMICA GENERAL 1,['Lunes']
0348 QUIMICA GENERAL 1,laboratorio,N1,PRESENCIAL,T-5,LAB-Q1,18:10,19:50,"[None, None, 'X', None, None, None, None]",JEREMY EMMANUEL BARRIOS ARANA,SIN AUXILIAR,Sin restricciones,1090,1190,0348,QUIMICA GENERAL 1,['Miercoles']
0348 QUIMICA GENERAL 1,laboratorio,N2,PRESENCIAL,T-5,LAB-Q1,18:10,19:50,"[None, None, None, 'X', None, None, None]",CARLOS FERNANDO PAREDES VÉLIZ,SIN AUXILIAR,Sin restricciones,1090,1190,0348,QUIMICA GENERAL 1,['Jueves']
0348 QUIMICA GENERAL 1,laboratorio,N3,PRESENCIAL,T-5,LAB-Q1,18:10,19:50,"[None, None, 'X', None, None, None, None]",JEREMY EMMANUEL BARRIOS ARANA,SIN AUXILIAR,Sin restricciones,1090,1190,0348,QUIMICA GENERAL 1,['Miercoles']
0348 QUIMICA GENERAL 1,laboratorio,P1,PRESENCIAL,T-5,LAB-Q1,10:40,12:20,"[None, 'X', None, None, None, None, None]",NATALIE GIULIANA ECHEVERRIA CHANG,SIN AUXILIAR,Sin restricciones,640,740,0348,QUIMICA GENERAL 1,['Martes']
0348 QUIMICA GENERAL 1,laboratorio,P3,PRESENCIAL,T-5,LAB-Q1,10:40,12:20,"[None, 'X', None, None, None, None, None]",NATALIE GIULIANA ECHEVERRIA CHANG,SIN AUXILIAR,Sin restricciones,640,740,0348,QUIMICA GENERAL 1,['Martes']
0348 QUIMICA GENERAL 1,laboratorio,P4,PRESENCIAL,T-5,LAB-Q1,10:40,12:20,"[None, None, 'X', None, None, None, None]",HÉCTOR ABDIAS MEJÍA ELIAS,SIN AUXILIAR,Sin restricciones,640,740,0348,QUIMICA GENERAL 1,['Miercoles']
0348 QUIMICA GENERAL 1,laboratorio,P5,PRESENCIAL,T-5,LAB-Q1,10:40,12:20,"[None, None, 'X', None, None, None, None]",ROCIO LASSALETTE VAQUIAX REYES,SIN AUXILIAR,Sin restricciones,640,740,0348,QUIMICA GENERAL 1,['Miercoles']
0348 QUIMICA GENERAL 1,laboratorio,R1,PRESENCIAL,T-5,LAB-Q1,18:10,19:50,"[None, 'X', None, None, None, None, None]",MARIO JOSE MERIDA MERE,SIN AUXILIAR,Sin restricciones,1090,1190,0348,QUIMICA GENERAL 1,['Martes']
0348 QUIMICA GENERAL 1,laboratorio,R2,PRESENCIAL,T-5,LAB-Q1,18:10,19:50,"[None, 'X', None, None, None, None, None]",MARIO JOSE MERIDA MERE,SIN AUXILIAR,Sin restricciones,1090,1190,0348,QUIMICA GENERAL 1,['Martes']
0348 QUIMICA GENERAL 1,trabajo dirigido,W,PRESENCIAL,T-3,114,12:20,13:10,"['X', 'X', 'X', None, 'X', None, None]",CASTA PETRONA ZECENA ZECENA,SIN AUXILIAR,Sin restricciones,740,790,0348,QUIMICA GENERAL 1,"['Lunes', 'Martes', 'Miercoles', 'Viernes']"
0349 QUIMICA PARA INGENIERIA CIVIL,Clase normal,B+,PRESENCIAL,T-3,210,10:40,11:30,"['X', 'X', 'X', None, 'X', None, None]",ADELA MARIA MARROQUIN GONZALEZ,SIN AUXILIAR,Ver Restricciones,640,690,0349,QUIMICA PARA INGENIERIA CIVIL,"['Lunes', 'Martes', 'Miercoles', 'Viernes']"
0349 QUIMICA PARA INGENIERIA CIVIL,Clase normal,B-,PRESENCIAL,T-3,209,10:40,11:30,"['X', 'X', 'X', None, 'X', None, None]",BYRON RENE AGUILAR UCK,SIN AUXILIAR,Ver Restricciones,640,690,0349,QUIMICA PARA INGENIERIA CIVIL,"['Lunes', 'Martes', 'Miercoles', 'Viernes']"
0349 QUIMICA PARA INGENIERIA CIVIL,Clase normal,P,PRESENCIAL,T-3,209,16:30,17:20,"['X', 'X', 'X', None, 'X', None, None]",BYRON RENE AGUILAR UCK,SIN AUXILIAR,Sin restricciones,990,1040,0349,QUIMICA PARA INGENIERIA CIVIL,"['Lunes', 'Martes', 'Miercoles', 'Viernes']"
0349 QUIMICA PARA INGENIERIA CIVIL,laboratorio,B1,PRESENCIAL,T-5,LAB-Q1,09:00,10:40,"[None, None, None, 'X', None, None, None]",NIBSON SAMUEL CARÍAS JUÁREZ,SIN AUXILIAR,Sin restricciones,540,640,0349,QUIMICA PARA INGENIERIA CIVIL,['Jueves']
0349 QUIMICA PARA INGENIERIA CIVIL,laboratorio,B2,PRESENCIAL,T-5,LAB-Q1,07:10,08:50,"[None, None, None, 'X', None, None, None]",ADELA MARIA MARROQUIN GONZALEZ,SIN AUXILIAR,Sin restricciones,430,530,0349,QUIMICA PARA INGENIERIA CIVIL,['Jueves']
0349 QUIMICA PARA INGENIERIA CIVIL,laboratorio,B3,PRESENCIAL,T-5,LAB-Q1,09:00,10:40,"[None, None, None, 'X', None, None, None]",NIBSON SAMUEL CARÍAS JUÁREZ,SIN AUXILIAR,Sin restricciones,540,640,0349,QUIMICA PARA INGENIERIA CIVIL,['Jueves']
0349 QUIMICA PARA INGENIERIA CIVIL,laboratorio,P1,PRESENCIAL,T-5,LAB-QUIM,15:40,17:20,"[None, None, None, 'X', None, None, None]",GABRIEL ESTUARDO SOLÓRZANO CASTELLANOS,SIN AUXILIAR,Sin restricciones,940,1040,0349,QUIMICA PARA INGENIERIA CIVIL,['Jueves']
0352 QUIMICA 2,Clase normal,A,PRESENCIAL,T-3,215,08:00,08:50,"['X', 'X', 'X', None, 'X', None, None]",FRANCISCO ABEN ROSALES CEREZO,SIN AUXILIAR,Sin restricciones,480,530,0352,QUIMICA 2,"['Lunes', 'Martes', 'Miercoles', 'Viernes']"
0352 QUIMICA 2,Clase normal,N,PRESENCIAL,T-7,102,14:50,15:40,"['X', 'X', 'X', None, 'X', None, None]",TELMA MARICELA CANO MORALES,SIN AUXILIAR,Sin restricciones,890,940,0352,QUIMICA 2,"['Lunes', 'Martes', 'Miercoles', 'Viernes']"
0352 QUIMICA 2,laboratorio,A1,PRESENCIAL,T-5,LAB-Q1,15:40,17:20,"[None, None, None, 'X', None, None, None]",BYRON RENE AGUILAR UCK,SIN AUXILIAR,Sin restricciones,940,1040,0352,QUIMICA 2,['Jueves']
0354 QUIMICA 3,Clase normal,A1,PRESENCIAL,T-3,209,11:30,12:20,"['X', None, 'X', None, 'X', None, None]",MERCEDES ESTHER ROQUEL CHAVEZ,SIN AUXILIAR,Ver Restricciones,690,740,0354,QUIMICA 3,"['Lunes', 'Miercoles', 'Viernes']"
0354 QUIMICA 3,Clase normal,A2,PRESENCIAL,T-3,210,11:30,12:20,"['X', None, 'X', None, 'X', None, None]",JULIO RICARDO DIAZ PAPPA,SIN AUXILIAR,Ver Restricciones,690,740,0354,QUIMICA 3,"['Lunes', 'Miercoles', 'Viernes']"
0354 QUIMICA 3,Clase normal,A3,PRESENCIAL,T-3,402,11:30,12:20,"['X', None, 'X', None, 'X', None, None]",GERARDO ORDONEZ,SIN AUXILIAR,Ver Restricciones,690,740,0354,QUIMICA 3,"['Lunes', 'Miercoles', 'Viernes']"
0354 QUIMICA 3,Clase normal,N,PRESENCIAL,T-3,310,16:30,17:20,"['X', None, 'X', None, 'X', None, None]",EMMETT ECHEVERRIA VALENZUELA,SIN AUXILIAR,Sin restricciones,990,1040,0354,QUIMICA 3,"['Lunes', 'Miercoles', 'Viernes']"
0354 QUIMICA 3,laboratorio,_A,PRESENCIAL,T-5,LAB-Q2,13:10,15:40,"['X', None, None, None, None, None, None]",MERCEDES ESTHER ROQUEL CHAVEZ,SIN AUXILIAR,Sin restricciones,790,940,0354,QUIMICA 3,['Lunes']
0354 QUIMICA 3,laboratorio,_B,PRESENCIAL,T-5,LAB-Q2,13:10,15:40,"[None, 'X', None, None, None, None, None]",MERCEDES ESTHER ROQUEL CHAVEZ,SIN AUXILIAR,Sin restricciones,790,940,0354,QUIMICA 3,['Martes']
0354 QUIMICA 3,laboratorio,_C,PRESENCIAL,T-5,LAB-Q1,15:40,18:10,"[None, None, 'X', None, None, None, None]",CINTHYA PATRICIA ORTIZ QUIROA,SIN AUXILIAR,Sin restricciones,940,1090,0354,QUIMICA 3,['Miercoles']
0354 QUIMICA 3,laboratorio,_D,PRESENCIAL,T-5,LAB-Q2,13:10,15:40,"[None, None, 'X', None, None, None, None]",ADELA MARIA MARROQUIN GONZALEZ,SIN AUXILIAR,Sin restricciones,790,940,0354,QUIMICA 3,['Miercoles']
0354 QUIMICA 3,laboratorio,_E,PRESENCIAL,T-5,LAB-Q2,13:10,15:40,"[None, None, None, None, 'X', None, None]",MERCEDES ESTHER ROQUEL CHAVEZ,SIN AUXILIAR,Sin restricciones,790,940,0354,QUIMICA 3,['Viernes']
0354 QUIMICA 3,laboratorio,_F,PRESENCIAL,T-5,LAB-Q2,07:10,09:50,"[None, None, None, 'X', None, None, None]",MERCEDES ESTHER ROQUEL CHAVEZ,SIN AUXILIAR,Sin restricciones,430,590,0354,QUIMICA 3,['Jueves']
0354 QUIMICA 3,laboratorio,_G,PRESENCIAL,T-5,LAB-Q1,15:40,18:10,"['X', None, None, None, None, None, None]",CINTHYA PATRICIA ORTIZ QUIROA,SIN AUXILIAR,Sin restricciones,940,1090,0354,QUIMICA 3,['Lunes']
0354 QUIMICA 3,laboratorio,_H,PRESENCIAL,T-5,LAB-Q2,16:30,19:00,"[None, None, 'X', None, None, None, None]",JAIME DOMINGO CARRANZA GONZALEZ,SIN AUXILIAR,Sin restricciones,990,1140,0354,QUIMICA 3,['Miercoles']
0354 QUIMICA 3,laboratorio,_J,PRESENCIAL,T-5,LAB-Q2,13:10,15:40,"[None, None, None, None, 'X', None, None]",ADELA MARIA MARROQUIN GONZALEZ,SIN AUXILIAR,Sin restricciones,790,940,0354,QUIMICA 3,['Viernes']
0354 QUIMICA 3,laboratorio,_K,PRESENCIAL,T-5,LAB-Q1,13:50,16:20,"[None, None, None, None, None, 'X', None]",GERARDO ORDONEZ,SIN AUXILIAR,Sin restricciones,830,980,0354,QUIMICA 3,['Sabado']
0356 QUIMICA 4,Clase normal,N,PRESENCIAL,T-3,213,14:00,14:50,"['X', None, 'X', None, 'X', None, None]",CINTHYA PATRICIA ORTIZ QUIROA,SIN AUXILIAR,Sin restricciones,840,890,0356,QUIMICA 4,"['Lunes', 'Miercoles', 'Viernes']"
0356 QUIMICA 4,laboratorio,_A,PRESENCIAL,T-5,LAB-Q2,15:40,18:10,"[None, None, None, None, 'X', None, None]",CINTHYA PATRICIA ORTIZ QUIROA,SIN AUXILIAR,Sin restricciones,940,1090,0356,QUIMICA 4,['Viernes']
0358 QUIMICA ORGANICA 1,Clase normal,A+,PRESENCIAL,T-7,106,07:10,08:00,"['X', None, 'X', None, 'X', None, None]",CESAR ALFONSO GARCIA GUERRA,SIN AUXILIAR,Sin restricciones,430,480,0358,QUIMICA ORGANICA 1,"['Lunes', 'Miercoles', 'Viernes']"
0358 QUIMICA ORGANICA 1,Clase normal,A-,PRESENCIAL,T-7,101,07:10,08:00,"['X', None, 'X', None, 'X', None, None]",GERSON JOÉL ORTEGA MORALES,SIN AUXILIAR,Sin restricciones,430,480,0358,QUIMICA ORGANICA 1,"['Lunes', 'Miercoles', 'Viernes']"
0358 QUIMICA ORGANICA 1,Clase normal,N,PRESENCIAL,T-3,313,15:40,16:30,"['X', None, 'X', None, 'X', None, None]",ERWIN MANUEL ORTIZ CASTILLO,SIN AUXILIAR,Sin restricciones,940,990,0358,QUIMICA ORGANICA 1,"['Lunes', 'Miercoles', 'Viernes']"
0358 QUIMICA ORGANICA 1,laboratorio,_A,PRESENCIAL,T-5,LAB-Q2,09:50,12:20,"[None, 'X', None, None, None, None, None]",ERWIN MANUEL ORTIZ CASTILLO,SIN AUXILIAR,Sin restricciones,590,740,0358,QUIMICA ORGANICA 1,['Martes']
0358 QUIMICA ORGANICA 1,laboratorio,_B,PRESENCIAL,T-5,LAB-Q2,09:50,12:20,"[None, None, None, 'X', None, None, None]",MERCEDES ESTHER ROQUEL CHAVEZ,SIN AUXILIAR,Sin restricciones,590,740,0358,QUIMICA ORGANICA 1,['Jueves']
0358 QUIMICA ORGANICA 1,laboratorio,_C,PRESENCIAL,T-5,LAB-Q2,13:10,15:40,"[None, None, None, 'X', None, None, None]",ERWIN MANUEL ORTIZ CASTILLO,SIN AUXILIAR,Sin restricciones,790,940,0358,QUIMICA ORGANICA 1,['Jueves']
0358 QUIMICA ORGANICA 1,laboratorio,_D,PRESENCIAL,T-5,LAB-Q1,15:40,18:10,"[None, 'X', None, None, None, None, None]",JULIO RICARDO DIAZ PAPPA,SIN AUXILIAR,Sin restricciones,940,1090,0358,QUIMICA ORGANICA 1,['Martes']
0358 QUIMICA ORGANICA 1,laboratorio,_E,PRESENCIAL,T-5,LAB-Q1,15:40,18:10,"[None, None, None, 'X', None, None, None]",JULIO RICARDO DIAZ PAPPA,SIN AUXILIAR,Sin restricciones,940,1090,0358,QUIMICA ORGANICA 1,['Jueves']
0358 QUIMICA ORGANICA 1,laboratorio,_F,PRESENCIAL,T-5,LAB-Q2,13:10,15:40,"[None, None, 'X', None, None, None, None]",MERCEDES ESTHER ROQUEL CHAVEZ,SIN AUXILIAR,Sin restricciones,790,940,0358,QUIMICA ORGANICA 1,['Miercoles']
0358 QUIMICA ORGANICA 1,laboratorio,_G,PRESENCIAL,T-5,LAB-Q1,11:20,13:50,"[None, None, None, None, None, 'X', None]",GERARDO ORDONEZ,SIN AUXILIAR,Sin restricciones,680,830,0358,QUIMICA ORGANICA 1,['Sabado']
0358 QUIMICA ORGANICA 1,laboratorio,_I,PRESENCIAL,T-5,LAB-Q1,07:10,09:50,"[None, None, None, 'X', None, None, None]",GERARDO ORDONEZ,SIN AUXILIAR,Sin restricciones,430,590,0358,QUIMICA ORGANICA 1,['Jueves']
0361 BIOQUIMICA 1,Clase normal,A,HÍBRIDA,HIBR,VIRTUAL,13:10,14:50,"[None, 'X', None, 'X', None, None, None]",CESAR ALFONSO GARCIA GUERRA,SIN AUXILIAR,Sin restricciones,790,890,0361,BIOQUIMICA 1,"['Martes', 'Jueves']"
0361 BIOQUIMICA 1,laboratorio,_A,PRESENCIAL,T-5,LAB-Q1,13:10,15:40,"['X', None, None, None, None, None, None]",ERWIN MANUEL ORTIZ CASTILLO,SIN AUXILIAR,Sin restricciones,790,940,0361,BIOQUIMICA 1,['Lunes']
0362 ANALISIS CUALITATIVO,Clase normal,A+,PRESENCIAL,T-7,106,12:20,13:10,"['X', None, 'X', None, 'X', None, None]",CESAR ALFONSO GARCIA GUERRA,SIN AUXILIAR,Sin restricciones,740,790,0362,ANALISIS CUALITATIVO,"['Lunes', 'Miercoles', 'Viernes']"
0362 ANALISIS CUALITATIVO,laboratorio,_A,PRESENCIAL,T-5,LAB-Q2,07:10,09:50,"[None, 'X', None, None, None, None, None]",MERCEDES ESTHER ROQUEL CHAVEZ,SIN AUXILIAR,Sin restricciones,430,590,0362,ANALISIS CUALITATIVO,['Martes']
0362 ANALISIS CUALITATIVO,laboratorio,_B,PRESENCIAL,T-5,LAB-Q2,07:10,09:50,"[None, 'X', None, None, None, None, None]",GERARDO ORDONEZ,SIN AUXILIAR,Sin restricciones,430,590,0362,ANALISIS CUALITATIVO,['Martes']
0362 ANALISIS CUALITATIVO,laboratorio,_C,PRESENCIAL,T-5,LAB-Q2,13:10,15:40,"[None, 'X', None, None, None, None, None]",ADELA MARIA MARROQUIN GONZALEZ,SIN AUXILIAR,Sin restricciones,790,940,0362,ANALISIS CUALITATIVO,['Martes']
0362 ANALISIS CUALITATIVO,laboratorio,_D,PRESENCIAL,T-5,LAB-Q2,15:40,18:10,"[None, 'X', None, None, None, None, None]",CINTHYA PATRICIA ORTIZ QUIROA,SIN AUXILIAR,Sin restricciones,940,1090,0362,ANALISIS CUALITATIVO,['Martes']
0362 ANALISIS CUALITATIVO,laboratorio,_E,PRESENCIAL,T-5,LAB-Q1,09:50,12:20,"[None, 'X', None, None, None, None, None]",JULIO RICARDO DIAZ PAPPA,SIN AUXILIAR,Sin restricciones,590,740,0362,ANALISIS CUALITATIVO,['Martes']
0362 ANALISIS CUALITATIVO,laboratorio,_F,PRESENCIAL,T-5,LAB-Q2,09:50,12:20,"[None, None, None, 'X', None, None, None]",GERARDO ORDONEZ,SIN AUXILIAR,Sin restricciones,590,740,0362,ANALISIS CUALITATIVO,['Jueves']
0362 ANALISIS CUALITATIVO,laboratorio,_G,PRESENCIAL,T-5,LAB-Q2,13:10,15:40,"[None, None, None, 'X', None, None, None]",ADELA MARIA MARROQUIN GONZALEZ,SIN AUXILIAR,Sin restricciones,790,940,0362,ANALISIS CUALITATIVO,['Jueves']
0362 ANALISIS CUALITATIVO,laboratorio,_H,PRESENCIAL,T-5,LAB-Q2,15:40,18:10,"[None, None, None, 'X', None, None, None]",CINTHYA PATRICIA ORTIZ QUIROA,SIN AUXILIAR,Sin restricciones,940,1090,0362,ANALISIS CUALITATIVO,['Jueves']
0366 ANALISIS INSTRUMENTAL,Clase normal,N,PRESENCIAL,T-7,101,14:00,14:50,"['X', None, 'X', None, 'X', None, None]",INGRID LORENA BENITEZ PACHECO,SIN AUXILIAR,Sin restricciones,840,890,0366,ANALISIS INSTRUMENTAL,"['Lunes', 'Miercoles', 'Viernes']"
0366 ANALISIS INSTRUMENTAL,laboratorio,_N,PRESENCIAL,T-5,LAB-QUIM,14:00,16:30,"[None, 'X', None, None, None, None, None]",INGRID LORENA BENITEZ PACHECO,SIN AUXILIAR,Sin restricciones,840,990,0366,ANALISIS INSTRUMENTAL,['Martes']
0368 PRINCIPIOS DE METROLOGIA,Clase normal,N,PRESENCIAL,T-5,302,17:20,18:10,"[None, 'X', None, 'X', None, None, None]",RAMIRO AUGUSTO SANTIZO GONZALEZ,SIN AUXILIAR,Sin restricciones,1040,1090,0368,PRINCIPIOS DE METROLOGIA,"['Martes', 'Jueves']"
0370 QUIMICA AMBIENTAL,Clase normal,N,VIRTUAL,MEET,VIRTUAL,19:50,20:40,"['X', None, 'X', None, 'X', None, None]",JAIME DOMINGO CARRANZA GONZALEZ,SIN AUXILIAR,Sin restricciones,1190,1240,0370,QUIMICA AMBIENTAL,"['Lunes', 'Miercoles', 'Viernes']"
0380 FISICO QUIMICA 1,Clase normal,A,PRESENCIAL,T-5,302,10:40,11:30,"['X', None, 'X', None, 'X', None, None]",ANA RUFINA HERRERA SOTO,SIN AUXILIAR,Sin restricciones,640,690,0380,FISICO QUIMICA 1,"['Lunes', 'Miercoles', 'Viernes']"
0380 FISICO QUIMICA 1,Clase normal,N,PRESENCIAL,T-3,215,16:30,17:20,"['X', None, 'X', None, 'X', None, None]",WILLIAM EDUARDO FAGIANI CRUZ,SIN AUXILIAR,Sin restricciones,990,1040,0380,FISICO QUIMICA 1,"['Lunes', 'Miercoles', 'Viernes']"
0382 FISICO QUIMICA 2,Clase normal,A,PRESENCIAL,T-3,215,09:50,10:40,"['X', None, 'X', None, 'X', None, None]",WILLIAM EDUARDO FAGIANI CRUZ,SIN AUXILIAR,Sin restricciones,590,640,0382,FISICO QUIMICA 2,"['Lunes', 'Miercoles', 'Viernes']"
0382 FISICO QUIMICA 2,Clase normal,N,PRESENCIAL,T-3,215,17:20,18:10,"['X', None, 'X', None, 'X', None, None]",WILLIAM EDUARDO FAGIANI CRUZ,SIN AUXILIAR,Sin restricciones,1040,1090,0382,FISICO QUIMICA 2,"['Lunes', 'Miercoles', 'Viernes']"
0386 LABORATORIO DE FISICO QUIMICA 1,Clase normal,A,PRESENCIAL,T-5,LAB-F-Q,07:10,10:40,"[None, None, None, 'X', None, None, None]",ANA RUFINA HERRERA SOTO,SIN AUXILIAR,Sin restricciones,430,640,0386,LABORATORIO DE FISICO QUIMICA 1,['Jueves']
0386 LABORATORIO DE FISICO QUIMICA 1,Clase normal,B,PRESENCIAL,T-5,LAB-F-Q,11:30,14:50,"[None, None, None, 'X', None, None, None]",CESAR ARIEL VILLELA RODAS,SIN AUXILIAR,Sin restricciones,690,890,0386,LABORATORIO DE FISICO QUIMICA 1,['Jueves']
0386 LABORATORIO DE FISICO QUIMICA 1,Clase normal,N,PRESENCIAL,T-5,LAB-F-Q,15:40,19:00,"[None, None, None, 'X', None, None, None]",WILLIAM EDUARDO FAGIANI CRUZ,SIN AUXILIAR,Sin restricciones,940,1140,0386,LABORATORIO DE FISICO QUIMICA 1,['Jueves']
0388 LABORATORIO DE FISICO QUIMICA 2,Clase normal,A,PRESENCIAL,T-5,LAB-F-Q,07:10,10:40,"[None, 'X', None, None, None, None, None]",WILLIAM EDUARDO FAGIANI CRUZ,SIN AUXILIAR,Sin restricciones,430,640,0388,LABORATORIO DE FISICO QUIMICA 2,['Martes']
0388 LABORATORIO DE FISICO QUIMICA 2,Clase normal,B,PRESENCIAL,T-5,LAB-F-Q,11:30,14:50,"[None, 'X', None, None, None, None, None]",CESAR ARIEL VILLELA RODAS,SIN AUXILIAR,Sin restricciones,690,890,0388,LABORATORIO DE FISICO QUIMICA 2,['Martes']
0388 LABORATORIO DE FISICO QUIMICA 2,Clase normal,N,PRESENCIAL,T-5,LAB-F-Q,15:40,19:00,"[None, 'X', None, None, None, None, None]",WILLIAM EDUARDO FAGIANI CRUZ,SIN AUXILIAR,Sin restricciones,940,1140,0388,LABORATORIO DE FISICO QUIMICA 2,['Martes']
0390 TERMODINAMICA 1,Clase normal,M,PRESENCIAL,T-7,301,13:10,14:00,"['X', None, 'X', None, 'X', None, None]",ESDRAS FELICIANO MIRANDA OROZCO,SIN AUXILIAR,Sin restricciones,790,840,0390,TERMODINAMICA 1,"['Lunes', 'Miercoles', 'Viernes']"
0390 TERMODINAMICA 1,Clase normal,N+,PRESENCIAL,T-3,407,14:50,15:40,"['X', None, 'X', None, 'X', None, None]",FREDY MAURICIO MONROY PERALTA,SIN AUXILIAR,Sin restricciones,890,940,0390,TERMODINAMICA 1,"['Lunes', 'Miercoles', 'Viernes']"
0390 TERMODINAMICA 1,Clase normal,N-,PRESENCIAL,T-7,301,15:40,16:30,"['X', None, 'X', None, 'X', None, None]",ESDRAS FELICIANO MIRANDA OROZCO,SIN AUXILIAR,Sin restricciones,940,990,0390,TERMODINAMICA 1,"['Lunes', 'Miercoles', 'Viernes']"
0390 TERMODINAMICA 1,Clase normal,Q+,PRESENCIAL,T-7,301,19:50,20:40,"['X', None, 'X', None, 'X', None, None]",LUIS ALFREDO ASTURIAS ZUNIGA,SIN AUXILIAR,Sin restricciones,1190,1240,0390,TERMODINAMICA 1,"['Lunes', 'Miercoles', 'Viernes']"
0390 TERMODINAMICA 1,Clase normal,Q-,PRESENCIAL,T-3,407,19:50,20:40,"['X', None, 'X', None, 'X', None, None]",FREDY MAURICIO MONROY PERALTA,SIN AUXILIAR,Sin restricciones,1190,1240,0390,TERMODINAMICA 1,"['Lunes', 'Miercoles', 'Viernes']"
0390 TERMODINAMICA 1,trabajo dirigido,M,PRESENCIAL,T-7,301,14:00,14:50,"[None, 'X', None, 'X', None, None, None]",LUIS EDUARDO CORONADO NOJ,SIN AUXILIAR,Sin restricciones,840,890,0390,TERMODINAMICA 1,"['Martes', 'Jueves']"
0390 TERMODINAMICA 1,trabajo dirigido,N+,PRESENCIAL,T-7,301,14:00,14:50,"[None, 'X', None, 'X', None, None, None]",LUIS ALFREDO ASTURIAS ZUNIGA,SIN AUXILIAR,Sin restricciones,840,890,0390,TERMODINAMICA 1,"['Martes', 'Jueves']"
0390 TERMODINAMICA 1,trabajo dirigido,N-,PRESENCIAL,T-7,202,16:30,17:20,"[None, 'X', None, 'X', None, None, None]",ESDRAS FELICIANO MIRANDA OROZCO,SIN AUXILIAR,Sin restricciones,990,1040,0390,TERMODINAMICA 1,"['Martes', 'Jueves']"
0390 TERMODINAMICA 1,trabajo dirigido,Q+,PRESENCIAL,T-7,202,19:50,20:40,"[None, 'X', None, 'X', None, None, None]",MYNOR RODERICO FIGUEROA FUENTES,SIN AUXILIAR,Sin restricciones,1190,1240,0390,TERMODINAMICA 1,"['Martes', 'Jueves']"
0392 TERMODINAMICA 2,Clase normal,A,PRESENCIAL,T-7,202,11:30,12:20,"['X', None, 'X', None, 'X', None, None]",ROBERTO GUZMAN ORTIZ,SIN AUXILIAR,Sin restricciones,690,740,0392,TERMODINAMICA 2,"['Lunes', 'Miercoles', 'Viernes']"
0392 TERMODINAMICA 2,Clase normal,N+,PRESENCIAL,T-7,301,17:20,18:10,"['X', None, 'X', None, 'X', None, None]",ROBERTO GUZMAN ORTIZ,SIN AUXILIAR,Sin restricciones,1040,1090,0392,TERMODINAMICA 2,"['Lunes', 'Miercoles', 'Viernes']"
0392 TERMODINAMICA 2,Clase normal,N-,PRESENCIAL,T-7,202,17:20,18:10,"['X', None, 'X', None, 'X', None, None]",MYNOR RODERICO FIGUEROA FUENTES,SIN AUXILIAR,Sin restricciones,1040,1090,0392,TERMODINAMICA 2,"['Lunes', 'Miercoles', 'Viernes']"
0392 TERMODINAMICA 2,trabajo dirigido,N+,PRESENCIAL,T-7,102,16:30,17:20,"[None, 'X', None, 'X', None, None, None]",MILTON ALEXANDER FUENTES OROZCO,SIN AUXILIAR,Sin restricciones,990,1040,0392,TERMODINAMICA 2,"['Martes', 'Jueves']"
0394 TERMODINAMICA 3,Clase normal,A,PRESENCIAL,T-5,302,11:30,12:20,"['X', None, 'X', None, 'X', None, None]",ANA RUFINA HERRERA SOTO,SIN AUXILIAR,Sin restricciones,690,740,0394,TERMODINAMICA 3,"['Lunes', 'Miercoles', 'Viernes']"
0394 TERMODINAMICA 3,Clase normal,N,PRESENCIAL,T-3,411,18:10,19:00,"['X', None, 'X', None, 'X', None, None]",ANA RUFINA HERRERA SOTO,SIN AUXILIAR,Sin restricciones,1090,1140,0394,TERMODINAMICA 3,"['Lunes', 'Miercoles', 'Viernes']"
0396 TERMODINAMICA 4,Clase normal,N,PRESENCIAL,T-3,110,17:20,18:10,"['X', None, 'X', None, 'X', None, None]",ADOLFO NARCISO GRAMAJO ANTONIO,SIN AUXILIAR,Sin restricciones,1040,1090,0396,TERMODINAMICA 4,"['Lunes', 'Miercoles', 'Viernes']"
0398 CINETICA DE PROCESOS QUIMICOS,Clase normal,N,PRESENCIAL,T-3,110,18:10,19:00,"['X', None, 'X', None, 'X', None, None]",ADOLFO NARCISO GRAMAJO ANTONIO,SIN AUXILIAR,Sin restricciones,1090,1140,0398,CINETICA DE PROCESOS QUIMICOS,"['Lunes', 'Miercoles', 'Viernes']"
0409 SEPARACION POR MEDIO DE MEMBRANAS SELECTIVAS,Clase normal,N,VIRTUAL,MEET,VIRTUAL,19:00,20:40,"[None, 'X', None, None, None, None, None]",ANA GLORIA MONTES PEÑA,SIN AUXILIAR,Sin restricciones,1140,1240,0409,SEPARACION POR MEDIO DE MEMBRANAS SELECTIVAS,['Martes']
0410 BALANCE DE MASA Y ENERGIA,Clase normal,A,PRESENCIAL,T-5,302,08:00,08:50,"['X', None, 'X', None, 'X', None, None]",ORLANDO POSADAS VALDEZ,SIN AUXILIAR,Sin restricciones,480,530,0410,BALANCE DE MASA Y ENERGIA,"['Lunes', 'Miercoles', 'Viernes']"
0410 BALANCE DE MASA Y ENERGIA,Clase normal,N,PRESENCIAL,T-5,302,17:20,18:10,"['X', None, 'X', None, 'X', None, None]",ORLANDO POSADAS VALDEZ,SIN AUXILIAR,Sin restricciones,1040,1090,0410,BALANCE DE MASA Y ENERGIA,"['Lunes', 'Miercoles', 'Viernes']"
0412 FLUJO DE FLUIDOS,Clase normal,A,PRESENCIAL,T-5,303,09:50,10:40,"['X', None, 'X', None, 'X', None, None]",PABLO ENRIQUE MORALES PANIAGUA,SIN AUXILIAR,Sin restricciones,590,640,0412,FLUJO DE FLUIDOS,"['Lunes', 'Miercoles', 'Viernes']"
0412 FLUJO DE FLUIDOS,Clase normal,N,PRESENCIAL,T-5,302,16:30,17:20,"['X', None, 'X', None, 'X', None, None]",PABLO ENRIQUE MORALES PANIAGUA,SIN AUXILIAR,Sin restricciones,990,1040,0412,FLUJO DE FLUIDOS,"['Lunes', 'Miercoles', 'Viernes']"
0414 IQ-3 TRANSFERENCIA DE CALOR,Clase normal,N,PRESENCIAL,T-5,303,15:40,16:30,"['X', None, 'X', None, 'X', None, None]",JORGE EMILIO GODINEZ LEMUS,SIN AUXILIAR,Sin restricciones,940,990,0414,IQ-3 TRANSFERENCIA DE CALOR,"['Lunes', 'Miercoles', 'Viernes']"
0416 IQ-4 TRANSFERENCIA DE MASA,Clase normal,N,HÍBRIDA,HIBR,VIRTUAL,16:30,17:20,"['X', None, 'X', None, 'X', None, None]",WILLIAMS GUILLERMO ALVAREZ MEJIA,SIN AUXILIAR,Sin restricciones,990,1040,0416,IQ-4 TRANSFERENCIA DE MASA,"['Lunes', 'Miercoles', 'Viernes']"
0418 IQ-5 TRANSFERENCIA DE MASA EN UNIDADES CONTINUAS,Clase normal,N,HÍBRIDA,HIBR,VIRTUAL,17:20,18:10,"['X', None, 'X', None, 'X', None, None]",KAREN NOELIA HERNÁNDEZ AVILA,SIN AUXILIAR,Sin restricciones,1040,1090,0418,IQ-5 TRANSFERENCIA DE MASA EN UNIDADES CONTINUAS,"['Lunes', 'Miercoles', 'Viernes']"
0421 GESTION TOTAL DE LA CALIDAD,Clase normal,N,HÍBRIDA,HIBR,VIRTUAL,18:10,19:50,"[None, 'X', None, None, None, None, None]",DINNA LISSETTE ESTRADA MOREIRA DE ROSSAL,SIN AUXILIAR,Sin restricciones,1090,1190,0421,GESTION TOTAL DE LA CALIDAD,['Martes']
0423 EXTRACCIONES INDUSTRIALES,Clase normal,N,HÍBRIDA,HIBR,VIRTUAL,14:00,15:40,"[None, None, None, 'X', None, None, None]",MARIO JOSE MERIDA MERE,SIN AUXILIAR,Sin restricciones,840,940,0423,EXTRACCIONES INDUSTRIALES,['Jueves']
0423 EXTRACCIONES INDUSTRIALES,laboratorio,N,HÍBRIDA,HIBR,VIRTUAL,15:40,17:20,"[None, None, None, 'X', None, None, None]",MARIO JOSE MERIDA MERE,SIN AUXILIAR,Sin restricciones,940,1040,0423,EXTRACCIONES INDUSTRIALES,['Jueves']
0428 LABORATORIO DE INGENIERIA QUIMICA 1,Clase normal,A,PRESENCIAL,T-5,L-OP-UNI,07:10,11:30,"[None, 'X', None, None, None, None, None]",JORGE EMILIO GODINEZ LEMUS,SIN AUXILIAR,Sin restricciones,430,690,0428,LABORATORIO DE INGENIERIA QUIMICA 1,['Martes']
0428 LABORATORIO DE INGENIERIA QUIMICA 1,Clase normal,B,PRESENCIAL,T-5,L-OP-UNI,07:10,11:30,"[None, None, None, 'X', None, None, None]",JORGE EMILIO GODINEZ LEMUS,SIN AUXILIAR,Sin restricciones,430,690,0428,LABORATORIO DE INGENIERIA QUIMICA 1,['Jueves']
0428 LABORATORIO DE INGENIERIA QUIMICA 1,Clase normal,N,PRESENCIAL,T-5,L-OP-UNI,12:10,16:20,"[None, None, None, None, None, 'X', None]",KAREN NOELIA HERNÁNDEZ AVILA,SIN AUXILIAR,Sin restricciones,730,980,0428,LABORATORIO DE INGENIERIA QUIMICA 1,['Sabado']
0430 LABORATORIO DE INGENIERIA QUIMICA 2,Clase normal,A,PRESENCIAL,T-5,L-OP-UNI,07:10,11:20,"[None, None, None, None, None, 'X', None]",MANUEL GILBERTO GALVAN ESTRADA,SIN AUXILIAR,Sin restricciones,430,680,0430,LABORATORIO DE INGENIERIA QUIMICA 2,['Sabado']
0430 LABORATORIO DE INGENIERIA QUIMICA 2,Clase normal,N,PRESENCIAL,T-5,L-OP-UNI,16:30,20:40,"[None, None, None, 'X', None, None, None]",MANUEL GILBERTO GALVAN ESTRADA,SIN AUXILIAR,Sin restricciones,990,1240,0430,LABORATORIO DE INGENIERIA QUIMICA 2,['Jueves']
0432 DINAMICA DE PROCESOS QUIMICOS,Clase normal,N,VIRTUAL,MEET,VIRTUAL,19:50,20:40,"[None, 'X', None, 'X', None, None, None]",GERARDO RENE ROBLES ALFONSO,SIN AUXILIAR,Sin restricciones,1190,1240,0432,DINAMICA DE PROCESOS QUIMICOS,"['Martes', 'Jueves']"
0433 INGENIERIA DEL AZUCAR,Clase normal,N,HÍBRIDA,HIBR,VIRTUAL,19:00,19:50,"[None, 'X', None, 'X', None, None, None]",MARIO RENE SANTIZO CALDERON,SIN AUXILIAR,Sin restricciones,1140,1190,0433,INGENIERIA DEL AZUCAR,"['Martes', 'Jueves']"
0436 DISE\O DE EQUIPO,Clase normal,N,PRESENCIAL,T-5,302,18:10,19:00,"['X', None, 'X', None, 'X', None, None]",ORLANDO POSADAS VALDEZ,SIN AUXILIAR,Sin restricciones,1090,1140,0436,DISE\O DE EQUIPO,"['Lunes', 'Miercoles', 'Viernes']"
0437 CONTROL DE CONTAMINANTES INDUSTRIALES,Clase normal,N,HÍBRIDA,HIBR,VIRTUAL,19:00,19:50,"[None, 'X', None, 'X', None, None, None]",JORGE MARIO ESTRADA ASTURIAS,SIN AUXILIAR,Sin restricciones,1140,1190,0437,CONTROL DE CONTAMINANTES INDUSTRIALES,"['Martes', 'Jueves']"
0440 MICROBIOLOGIA,Clase normal,M,PRESENCIAL,T-5,302,15:40,16:30,"['X', None, 'X', None, 'X', None, None]",PABLO ENRIQUE MORALES PANIAGUA,SIN AUXILIAR,Sin restricciones,940,990,0440,MICROBIOLOGIA,"['Lunes', 'Miercoles', 'Viernes']"
0440 MICROBIOLOGIA,Clase normal,N,PRESENCIAL,T-5,LAB-MIC,17:20,18:10,"['X', None, 'X', None, 'X', None, None]",CARLOS SALVADOR WONG DAVI,SIN AUXILIAR,Sin restricciones,1040,1090,0440,MICROBIOLOGIA,"['Lunes', 'Miercoles', 'Viernes']"
0440 MICROBIOLOGIA,laboratorio,_A,PRESENCIAL,T-5,LAB-MIC,08:00,11:30,"[None, 'X', None, None, None, None, None]",PABLO ENRIQUE MORALES PANIAGUA,SIN AUXILIAR,Sin restricciones,480,690,0440,MICROBIOLOGIA,['Martes']
0440 MICROBIOLOGIA,laboratorio,_N,PRESENCIAL,T-5,LAB-MIC,17:20,20:40,"[None, 'X', None, None, None, None, None]",CARLOS SALVADOR WONG DAVI,SIN AUXILIAR,Sin restricciones,1040,1240,0440,MICROBIOLOGIA,['Martes']
0440 MICROBIOLOGIA,laboratorio,_P,PRESENCIAL,T-5,LAB-MIC,17:20,20:40,"[None, None, None, 'X', None, None, None]",CARLOS SALVADOR WONG DAVI,SIN AUXILIAR,Sin restricciones,1040,1240,0440,MICROBIOLOGIA,['Jueves']
0442 BIOINGENIERIA 1,Clase normal,N,VIRTUAL,MEET,VIRTUAL,15:40,16:30,"[None, 'X', None, 'X', None, None, None]",HILDA PIEDAD PALMA RAMOS,SIN AUXILIAR,Sin restricciones,940,990,0442,BIOINGENIERIA 1,"['Martes', 'Jueves']"
0450 GEOLOGIA,Clase normal,A,PRESENCIAL,T-3,215,10:40,11:30,"[None, 'X', None, 'X', None, None, None]",CARLA DEYANIRA GORDILLO DE MARCHENA,SIN AUXILIAR,Sin restricciones,640,690,0450,GEOLOGIA,"['Martes', 'Jueves']"
0450 GEOLOGIA,Clase normal,N,PRESENCIAL,T-3,212,15:40,16:30,"[None, 'X', None, 'X', None, None, None]",CARLA DEYANIRA GORDILLO DE MARCHENA,SIN AUXILIAR,Sin restricciones,940,990,0450,GEOLOGIA,"['Martes', 'Jueves']"
0452 CIENCIA DE LOS MATERIALES,Clase normal,A,PRESENCIAL,T-3,216,09:00,09:50,"['X', None, 'X', None, 'X', None, None]",AURELIA ANABELA CORDOVA ESTRADA,SIN AUXILIAR,Sin restricciones,540,590,0452,CIENCIA DE LOS MATERIALES,"['Lunes', 'Miercoles', 'Viernes']"
0452 CIENCIA DE LOS MATERIALES,Clase normal,M,PRESENCIAL,T-7,106,13:10,14:00,"['X', None, 'X', None, 'X', None, None]",RIGOBERTO RAFAEL SANDOVAL LOPEZ,SIN AUXILIAR,Sin restricciones,790,840,0452,CIENCIA DE LOS MATERIALES,"['Lunes', 'Miercoles', 'Viernes']"
0452 CIENCIA DE LOS MATERIALES,Clase normal,N+,PRESENCIAL,T-7,202,14:00,14:50,"['X', None, 'X', None, 'X', None, None]",RIGOBERTO RAFAEL SANDOVAL LOPEZ,SIN AUXILIAR,Sin restricciones,840,890,0452,CIENCIA DE LOS MATERIALES,"['Lunes', 'Miercoles', 'Viernes']"
0452 CIENCIA DE LOS MATERIALES,Clase normal,N-,PRESENCIAL,T-7,301,14:00,14:50,"['X', None, 'X', None, 'X', None, None]",MILTON ALEXANDER FUENTES OROZCO,SIN AUXILIAR,Sin restricciones,840,890,0452,CIENCIA DE LOS MATERIALES,"['Lunes', 'Miercoles', 'Viernes']"
0452 CIENCIA DE LOS MATERIALES,Clase normal,P+,PRESENCIAL,T-7,202,14:50,15:40,"['X', None, 'X', None, 'X', None, None]",MILTON ALEXANDER FUENTES OROZCO,SIN AUXILIAR,Sin restricciones,890,940,0452,CIENCIA DE LOS MATERIALES,"['Lunes', 'Miercoles', 'Viernes']"
0452 CIENCIA DE LOS MATERIALES,Clase normal,P-,PRESENCIAL,T-7,106,14:50,15:40,"['X', None, 'X', None, 'X', None, None]",CARLOS SNELL CHICOL MORALES,SIN AUXILIAR,Sin restricciones,890,940,0452,CIENCIA DE LOS MATERIALES,"['Lunes', 'Miercoles', 'Viernes']"
0452 CIENCIA DE LOS MATERIALES,Clase normal,R,PRESENCIAL,T-7,101,17:20,18:10,"['X', None, 'X', None, 'X', None, None]",CARLOS SNELL CHICOL MORALES,SIN AUXILIAR,Sin restricciones,1040,1090,0452,CIENCIA DE LOS MATERIALES,"['Lunes', 'Miercoles', 'Viernes']"
0452 CIENCIA DE LOS MATERIALES,Clase normal,S,PRESENCIAL,T-7,106,19:00,19:50,"['X', None, 'X', None, 'X', None, None]",CARLOS SNELL CHICOL MORALES,SIN AUXILIAR,Sin restricciones,1140,1190,0452,CIENCIA DE LOS MATERIALES,"['Lunes', 'Miercoles', 'Viernes']"
0453 MATERIALES DE CONSTRUCCION 1,Clase normal,A,PRESENCIAL,T-3,311,07:10,08:00,"['X', None, 'X', None, 'X', None, None]",MILTON LENIN HERNANDEZ GONZALEZ,SIN AUXILIAR,Sin restricciones,430,480,0453,MATERIALES DE CONSTRUCCION 1,"['Lunes', 'Miercoles', 'Viernes']"
0453 MATERIALES DE CONSTRUCCION 1,Clase normal,N,PRESENCIAL,T-3,213,13:10,14:00,"['X', None, 'X', None, 'X', None, None]",JOSE GABRIEL ORDONEZ MORALES,SIN AUXILIAR,Sin restricciones,790,840,0453,MATERIALES DE CONSTRUCCION 1,"['Lunes', 'Miercoles', 'Viernes']"
0453 MATERIALES DE CONSTRUCCION 1,laboratorio,2,PRESENCIAL,T-5,CII,17:20,19:00,"['X', None, None, None, None, None, None]",MIGDALIA AZUCENA DEL CID,ABNER ABDIEL BAC QUISQUE,Sin restricciones,1040,1140,0453,MATERIALES DE CONSTRUCCION 1,['Lunes']
0453 MATERIALES DE CONSTRUCCION 1,laboratorio,5,PRESENCIAL,T-5,CII,07:10,08:50,"[None, 'X', None, None, None, None, None]",MIGDALIA AZUCENA DEL CID,ABNER ABDIEL BAC QUISQUE,Sin restricciones,430,530,0453,MATERIALES DE CONSTRUCCION 1,['Martes']
0454 METALURGIA Y METALOGRAFIA,Clase normal,N,PRESENCIAL,T-7,101,19:00,19:50,"['X', None, 'X', None, 'X', None, None]",HERBERT SAMUEL FIGUEROA AVENDAÑO,SIN AUXILIAR,Sin restricciones,1140,1190,0454,METALURGIA Y METALOGRAFIA,"['Lunes', 'Miercoles', 'Viernes']"
0454 METALURGIA Y METALOGRAFIA,Clase normal,P,PRESENCIAL,T-7,202,19:50,20:40,"['X', None, 'X', None, 'X', None, None]",HUGO LEONEL RAMIREZ ORTIZ,SIN AUXILIAR,Sin restricciones,1190,1240,0454,METALURGIA Y METALOGRAFIA,"['Lunes', 'Miercoles', 'Viernes']"
0454 METALURGIA Y METALOGRAFIA,laboratorio,_A,PRESENCIAL,T-7,LAB-MEC,17:20,19:00,"['X', None, None, None, None, None, None]",HUGO LEONEL RAMIREZ ORTIZ,SIN AUXILIAR,Sin restricciones,1040,1140,0454,METALURGIA Y METALOGRAFIA,['Lunes']
0454 METALURGIA Y METALOGRAFIA,laboratorio,_B,PRESENCIAL,T-7,LAB-MEC,17:20,19:00,"[None, 'X', None, None, None, None, None]",HUGO LEONEL RAMIREZ ORTIZ,SIN AUXILIAR,Sin restricciones,1040,1140,0454,METALURGIA Y METALOGRAFIA,['Martes']
0454 METALURGIA Y METALOGRAFIA,laboratorio,_C,PRESENCIAL,T-7,LAB-MEC,17:20,19:00,"[None, None, 'X', None, None, None, None]",HUGO LEONEL RAMIREZ ORTIZ,SIN AUXILIAR,Sin restricciones,1040,1140,0454,METALURGIA Y METALOGRAFIA,['Miercoles']
0454 METALURGIA Y METALOGRAFIA,laboratorio,_D,PRESENCIAL,T-7,LAB-MEC,17:20,19:00,"[None, None, None, 'X', None, None, None]",HUGO LEONEL RAMIREZ ORTIZ,SIN AUXILIAR,Sin restricciones,1040,1140,0454,METALURGIA Y METALOGRAFIA,['Jueves']
0454 METALURGIA Y METALOGRAFIA,laboratorio,_E,PRESENCIAL,T-7,LAB-MEC,17:20,19:00,"[None, None, None, None, 'X', None, None]",HUGO LEONEL RAMIREZ ORTIZ,SIN AUXILIAR,Sin restricciones,1040,1140,0454,METALURGIA Y METALOGRAFIA,['Viernes']
0455 MATERIALES DE CONSTRUCCION 2,Clase normal,N,PRESENCIAL,T-3,313,14:00,14:50,"['X', None, 'X', None, 'X', None, None]",JOSE GABRIEL ORDONEZ MORALES,SIN AUXILIAR,Sin restricciones,840,890,0455,MATERIALES DE CONSTRUCCION 2,"['Lunes', 'Miercoles', 'Viernes']"
0455 MATERIALES DE CONSTRUCCION 2,Clase normal,P,PRESENCIAL,T-7,101,16:30,17:20,"['X', None, 'X', None, 'X', None, None]",JOSE GABRIEL ORDONEZ MORALES,SIN AUXILIAR,Sin restricciones,990,1040,0455,MATERIALES DE CONSTRUCCION 2,"['Lunes', 'Miercoles', 'Viernes']"
0455 MATERIALES DE CONSTRUCCION 2,laboratorio,3,PRESENCIAL,T-5,CII,07:10,08:50,"[None, None, None, 'X', None, None, None]",MIGDALIA AZUCENA DEL CID,ABNER ABDIEL BAC QUISQUE,Sin restricciones,430,530,0455,MATERIALES DE CONSTRUCCION 2,['Jueves']
0455 MATERIALES DE CONSTRUCCION 2,laboratorio,6,PRESENCIAL,T-5,CII,14:50,16:30,"[None, None, None, None, 'X', None, None]",DILMA YANET MEJICANOS JOL,ABNER ABDIEL BAC QUISQUE,Sin restricciones,890,990,0455,MATERIALES DE CONSTRUCCION 2,['Viernes']
0458 MECANICA DE SUELOS 1,Clase normal,N,HÍBRIDA,HIBR,VIRTUAL,14:50,15:40,"['X', None, 'X', None, 'X', None, None]",OMAR ENRIQUE MEDRANO MENDEZ,SIN AUXILIAR,Sin restricciones,890,940,0458,MECANICA DE SUELOS 1,"['Lunes', 'Miercoles', 'Viernes']"
0458 MECANICA DE SUELOS 1,laboratorio,_1,PRESENCIAL,T-5,CII,14:00,15:40,"[None, 'X', None, None, None, None, None]",OMAR ENRIQUE MEDRANO MENDEZ,SIN AUXILIAR,Sin restricciones,840,940,0458,MECANICA DE SUELOS 1,['Martes']
0458 MECANICA DE SUELOS 1,laboratorio,_2,PRESENCIAL,T-5,CII,15:40,17:20,"[None, 'X', None, None, None, None, None]",MIGDALIA AZUCENA DEL CID,SIN AUXILIAR,Sin restricciones,940,1040,0458,MECANICA DE SUELOS 1,['Martes']
0458 MECANICA DE SUELOS 1,laboratorio,_3,PRESENCIAL,T-5,CII,14:00,15:40,"[None, None, None, 'X', None, None, None]",OMAR ENRIQUE MEDRANO MENDEZ,SIN AUXILIAR,Sin restricciones,840,940,0458,MECANICA DE SUELOS 1,['Jueves']
0458 MECANICA DE SUELOS 1,laboratorio,_4,PRESENCIAL,T-5,CII,15:40,17:20,"[None, None, None, 'X', None, None, None]",MIGDALIA AZUCENA DEL CID,SIN AUXILIAR,Sin restricciones,940,1040,0458,MECANICA DE SUELOS 1,['Jueves']
0460 PAVIMENTOS,Clase normal,P,HÍBRIDA,HIBR,VIRTUAL,18:10,19:50,"[None, 'X', None, None, None, None, None]",WUILLIAN RICARDO YON CHAVARRIA,SIN AUXILIAR,Sin restricciones,1090,1190,0460,PAVIMENTOS,['Martes']
0460 PAVIMENTOS,Clase normal,P,HÍBRIDA,HIBR,VIRTUAL,18:10,19:00,"[None, None, None, 'X', None, None, None]",WUILLIAN RICARDO YON CHAVARRIA,SIN AUXILIAR,Sin restricciones,1090,1140,0460,PAVIMENTOS,['Jueves']
0462 ELECTRICIDAD Y ELECTRONICA BASICA,Clase normal,A,PRESENCIAL,T-3,114,09:50,10:40,"['X', None, 'X', None, 'X', None, None]",INGRID SALOME RODRIGUEZ DE LOUKOTA,SIN AUXILIAR,Sin restricciones,590,640,0462,ELECTRICIDAD Y ELECTRONICA BASICA,"['Lunes', 'Miercoles', 'Viernes']"
0462 ELECTRICIDAD Y ELECTRONICA BASICA,Clase normal,N+,HÍBRIDA,HIBR,VIRTUAL,15:40,16:30,"['X', None, 'X', None, 'X', None, None]",MARÍA LORENA RIZZO LÓPEZ,SIN AUXILIAR,Sin restricciones,940,990,0462,ELECTRICIDAD Y ELECTRONICA BASICA,"['Lunes', 'Miercoles', 'Viernes']"
0462 ELECTRICIDAD Y ELECTRONICA BASICA,Clase normal,N-,HÍBRIDA,HIBR,VIRTUAL,15:40,16:30,"['X', None, 'X', None, 'X', None, None]",JULIO ROLANDO BARRIOS ARCHILA,SIN AUXILIAR,Sin restricciones,940,990,0462,ELECTRICIDAD Y ELECTRONICA BASICA,"['Lunes', 'Miercoles', 'Viernes']"
0462 ELECTRICIDAD Y ELECTRONICA BASICA,laboratorio,_A,PRESENCIAL,T-1,LAB EEB,10:40,12:20,"['X', None, None, None, None, None, None]",MARIO ALBERTO REYES CALDERÓN,SIN AUXILIAR,Sin restricciones,640,740,0462,ELECTRICIDAD Y ELECTRONICA BASICA,['Lunes']
0462 ELECTRICIDAD Y ELECTRONICA BASICA,laboratorio,_B,PRESENCIAL,T-1,LAB EEB,13:10,14:50,"['X', None, None, None, None, None, None]",MARIO ALBERTO REYES CALDERÓN,SIN AUXILIAR,Sin restricciones,790,890,0462,ELECTRICIDAD Y ELECTRONICA BASICA,['Lunes']
0462 ELECTRICIDAD Y ELECTRONICA BASICA,laboratorio,_C,PRESENCIAL,T-1,LAB EEB,10:40,12:20,"[None, None, 'X', None, None, None, None]",MARIO ALBERTO REYES CALDERÓN,SIN AUXILIAR,Sin restricciones,640,740,0462,ELECTRICIDAD Y ELECTRONICA BASICA,['Miercoles']
0462 ELECTRICIDAD Y ELECTRONICA BASICA,laboratorio,_D,PRESENCIAL,T-1,LAB EEB,13:10,14:50,"[None, None, 'X', None, None, None, None]",MARIO ALBERTO REYES CALDERÓN,SIN AUXILIAR,Sin restricciones,790,890,0462,ELECTRICIDAD Y ELECTRONICA BASICA,['Miercoles']
0462 ELECTRICIDAD Y ELECTRONICA BASICA,laboratorio,_E,PRESENCIAL,T-1,LAB EEB,13:10,14:50,"[None, None, None, None, 'X', None, None]",MARIO ALBERTO REYES CALDERÓN,SIN AUXILIAR,Sin restricciones,790,890,0462,ELECTRICIDAD Y ELECTRONICA BASICA,['Viernes']
0462 ELECTRICIDAD Y ELECTRONICA BASICA,laboratorio,_G,PRESENCIAL,T-1,LAB EEB,13:10,14:50,"[None, 'X', None, None, None, None, None]",CARLOS EDUARDO GUZMAN SALAZAR,SIN AUXILIAR,Sin restricciones,790,890,0462,ELECTRICIDAD Y ELECTRONICA BASICA,['Martes']
0462 ELECTRICIDAD Y ELECTRONICA BASICA,laboratorio,_I,PRESENCIAL,T-1,LAB EEB,13:10,14:50,"[None, None, None, 'X', None, None, None]",CARLOS EDUARDO GUZMAN SALAZAR,SIN AUXILIAR,Sin restricciones,790,890,0462,ELECTRICIDAD Y ELECTRONICA BASICA,['Jueves']
0472 TECNOLOGIA DE LOS ALIMENTOS,Clase normal,N,VIRTUAL,MEET,VIRTUAL,14:00,14:50,"[None, 'X', None, 'X', None, None, None]",HILDA PIEDAD PALMA RAMOS,SIN AUXILIAR,Sin restricciones,840,890,0472,TECNOLOGIA DE LOS ALIMENTOS,"['Martes', 'Jueves']"
0482 OPERACIONES Y PROCESOS EN LA INDUSTRIA FARMACEUTICA,Clase normal,N,HÍBRIDA,HIBR,VIRTUAL,18:10,19:50,"[None, None, None, 'X', None, None, None]",DINNA LISSETTE ESTRADA MOREIRA DE ROSSAL,SIN AUXILIAR,Sin restricciones,1090,1190,0482,OPERACIONES Y PROCESOS EN LA INDUSTRIA FARMACEUTICA,['Jueves']
0486 DISE\O DE PLANTAS,Clase normal,N,PRESENCIAL,T-5,302,16:30,17:20,"[None, 'X', None, 'X', None, None, None]",ORLANDO POSADAS VALDEZ,SIN AUXILIAR,Sin restricciones,990,1040,0486,DISE\O DE PLANTAS,"['Martes', 'Jueves']"
0502 REFRIGERACION Y AIRE ACONDICIONADO,Clase normal,N,PRESENCIAL,T-7,301,18:10,19:00,"['X', None, 'X', None, 'X', None, None]",LUIS ALFREDO ASTURIAS ZUNIGA,SIN AUXILIAR,Sin restricciones,1090,1140,0502,REFRIGERACION Y AIRE ACONDICIONADO,"['Lunes', 'Miercoles', 'Viernes']"
0502 REFRIGERACION Y AIRE ACONDICIONADO,laboratorio,_A,PRESENCIAL,T-7,LAB-MEC,16:30,18:10,"['X', None, None, None, None, None, None]",LUIS ALFREDO ASTURIAS ZUNIGA,SIN AUXILIAR,Sin restricciones,990,1090,0502,REFRIGERACION Y AIRE ACONDICIONADO,['Lunes']
0502 REFRIGERACION Y AIRE ACONDICIONADO,laboratorio,_B,PRESENCIAL,T-7,LAB-MEC,16:30,18:10,"[None, 'X', None, None, None, None, None]",LUIS ALFREDO ASTURIAS ZUNIGA,SIN AUXILIAR,Sin restricciones,990,1090,0502,REFRIGERACION Y AIRE ACONDICIONADO,['Martes']
0502 REFRIGERACION Y AIRE ACONDICIONADO,laboratorio,_C,PRESENCIAL,T-7,LAB-MEC,16:30,18:10,"[None, None, 'X', None, None, None, None]",LUIS ALFREDO ASTURIAS ZUNIGA,SIN AUXILIAR,Sin restricciones,990,1090,0502,REFRIGERACION Y AIRE ACONDICIONADO,['Miercoles']
0502 REFRIGERACION Y AIRE ACONDICIONADO,laboratorio,_D,PRESENCIAL,T-7,LAB-MEC,16:30,18:10,"[None, None, None, 'X', None, None, None]",LUIS ALFREDO ASTURIAS ZUNIGA,SIN AUXILIAR,Sin restricciones,990,1090,0502,REFRIGERACION Y AIRE ACONDICIONADO,['Jueves']
0502 REFRIGERACION Y AIRE ACONDICIONADO,laboratorio,_E,PRESENCIAL,T-7,LAB-MEC,16:30,18:10,"[None, None, None, None, 'X', None, None]",LUIS ALFREDO ASTURIAS ZUNIGA,SIN AUXILIAR,Sin restricciones,990,1090,0502,REFRIGERACION Y AIRE ACONDICIONADO,['Viernes']
0504 MOTORES DE COMBUSTION INTERNA,Clase normal,M,PRESENCIAL,T-7,106,14:00,14:50,"['X', None, 'X', None, 'X', None, None]",BYRON GIOVANNI PALACIOS COLINDRES,SIN AUXILIAR,Sin restricciones,840,890,0504,MOTORES DE COMBUSTION INTERNA,"['Lunes', 'Miercoles', 'Viernes']"
0504 MOTORES DE COMBUSTION INTERNA,Clase normal,N,PRESENCIAL,T-7,201,17:20,18:10,"['X', None, 'X', None, 'X', None, None]",BYRON GIOVANNI PALACIOS COLINDRES,SIN AUXILIAR,Sin restricciones,1040,1090,0504,MOTORES DE COMBUSTION INTERNA,"['Lunes', 'Miercoles', 'Viernes']"
0504 MOTORES DE COMBUSTION INTERNA,laboratorio,_A,PRESENCIAL,T-7,LAB-MEC,18:10,19:50,"[None, 'X', None, None, None, None, None]",BYRON GIOVANNI PALACIOS COLINDRES,SIN AUXILIAR,Sin restricciones,1090,1190,0504,MOTORES DE COMBUSTION INTERNA,['Martes']
0504 MOTORES DE COMBUSTION INTERNA,laboratorio,_B,PRESENCIAL,T-7,LAB-MEC,18:10,19:50,"[None, None, 'X', None, None, None, None]",BYRON GIOVANNI PALACIOS COLINDRES,SIN AUXILIAR,Sin restricciones,1090,1190,0504,MOTORES DE COMBUSTION INTERNA,['Miercoles']
0504 MOTORES DE COMBUSTION INTERNA,laboratorio,_C,PRESENCIAL,T-7,LAB-MEC,18:10,19:50,"[None, None, None, 'X', None, None, None]",BYRON GIOVANNI PALACIOS COLINDRES,SIN AUXILIAR,Sin restricciones,1090,1190,0504,MOTORES DE COMBUSTION INTERNA,['Jueves']
0504 MOTORES DE COMBUSTION INTERNA,laboratorio,_D,PRESENCIAL,T-7,LAB-MEC,18:10,19:50,"['X', None, None, None, None, None, None]",BYRON GIOVANNI PALACIOS COLINDRES,SIN AUXILIAR,Sin restricciones,1090,1190,0504,MOTORES DE COMBUSTION INTERNA,['Lunes']
0504 MOTORES DE COMBUSTION INTERNA,laboratorio,_E,PRESENCIAL,T-7,LAB-MEC,18:10,19:50,"[None, None, None, None, 'X', None, None]",BYRON GIOVANNI PALACIOS COLINDRES,SIN AUXILIAR,Sin restricciones,1090,1190,0504,MOTORES DE COMBUSTION INTERNA,['Viernes']
0504 MOTORES DE COMBUSTION INTERNA,laboratorio,_F,PRESENCIAL,T-7,LAB-MEC,11:30,13:10,"['X', None, None, None, None, None, None]",BYRON GIOVANNI PALACIOS COLINDRES,SIN AUXILIAR,Sin restricciones,690,790,0504,MOTORES DE COMBUSTION INTERNA,['Lunes']
0504 MOTORES DE COMBUSTION INTERNA,laboratorio,_G,PRESENCIAL,T-7,LAB-MEC,11:30,13:10,"[None, 'X', None, None, None, None, None]",BYRON GIOVANNI PALACIOS COLINDRES,SIN AUXILIAR,Sin restricciones,690,790,0504,MOTORES DE COMBUSTION INTERNA,['Martes']
0504 MOTORES DE COMBUSTION INTERNA,laboratorio,_H,PRESENCIAL,T-7,LAB-MEC,11:30,13:10,"[None, None, 'X', None, None, None, None]",BYRON GIOVANNI PALACIOS COLINDRES,SIN AUXILIAR,Sin restricciones,690,790,0504,MOTORES DE COMBUSTION INTERNA,['Miercoles']
0504 MOTORES DE COMBUSTION INTERNA,laboratorio,_I,PRESENCIAL,T-7,LAB-MEC,11:30,13:10,"[None, None, None, 'X', None, None, None]",BYRON GIOVANNI PALACIOS COLINDRES,SIN AUXILIAR,Sin restricciones,690,790,0504,MOTORES DE COMBUSTION INTERNA,['Jueves']
0504 MOTORES DE COMBUSTION INTERNA,laboratorio,_J,PRESENCIAL,T-7,LAB-MEC,11:30,13:10,"[None, None, None, None, 'X', None, None]",BYRON GIOVANNI PALACIOS COLINDRES,SIN AUXILIAR,Sin restricciones,690,790,0504,MOTORES DE COMBUSTION INTERNA,['Viernes']
0506 PLANTAS DE VAPOR,trabajo dirigido,P,PRESENCIAL,T-7,201,19:50,20:40,"[None, 'X', None, 'X', None, None, None]",ROBERTO GUZMAN ORTIZ,SIN AUXILIAR,Sin restricciones,1190,1240,0506,PLANTAS DE VAPOR,"['Martes', 'Jueves']"
0508 MONTAJE Y MANTENIMIENTO DE EQUIPO,Clase normal,N+,PRESENCIAL,T-3,407,15:40,16:30,"['X', None, 'X', None, 'X', None, None]",FREDY MAURICIO MONROY PERALTA,SIN AUXILIAR,Sin restricciones,940,990,0508,MONTAJE Y MANTENIMIENTO DE EQUIPO,"['Lunes', 'Miercoles', 'Viernes']"
0508 MONTAJE Y MANTENIMIENTO DE EQUIPO,Clase normal,N-,PRESENCIAL,T-7,201,16:30,17:20,"['X', None, 'X', None, 'X', None, None]",BYRON GIOVANNI PALACIOS COLINDRES,SIN AUXILIAR,Sin restricciones,990,1040,0508,MONTAJE Y MANTENIMIENTO DE EQUIPO,"['Lunes', 'Miercoles', 'Viernes']"
0510 INSTALACIONES MECANICAS,Clase normal,P,PRESENCIAL,T-7,201,16:30,17:20,"[None, 'X', None, 'X', None, None, None]",ROBERTO GUZMAN ORTIZ,SIN AUXILIAR,Sin restricciones,990,1040,0510,INSTALACIONES MECANICAS,"['Martes', 'Jueves']"
0510 INSTALACIONES MECANICAS,laboratorio,_A,PRESENCIAL,T-7,INST-MEC,18:10,19:50,"['X', None, None, None, None, None, None]",PABLO RODOLFO ZUÑIGA RAMIREZ,SIN AUXILIAR,Sin restricciones,1090,1190,0510,INSTALACIONES MECANICAS,['Lunes']
0510 INSTALACIONES MECANICAS,laboratorio,_B,PRESENCIAL,T-7,INST-MEC,18:10,19:50,"[None, 'X', None, None, None, None, None]",PABLO RODOLFO ZUÑIGA RAMIREZ,SIN AUXILIAR,Sin restricciones,1090,1190,0510,INSTALACIONES MECANICAS,['Martes']
0510 INSTALACIONES MECANICAS,laboratorio,_C,PRESENCIAL,T-7,INST-MEC,18:10,19:50,"[None, None, 'X', None, None, None, None]",PABLO RODOLFO ZUÑIGA RAMIREZ,SIN AUXILIAR,Sin restricciones,1090,1190,0510,INSTALACIONES MECANICAS,['Miercoles']
0510 INSTALACIONES MECANICAS,laboratorio,_D,PRESENCIAL,T-7,INST-MEC,18:10,19:50,"[None, None, None, 'X', None, None, None]",PABLO RODOLFO ZUÑIGA RAMIREZ,SIN AUXILIAR,Sin restricciones,1090,1190,0510,INSTALACIONES MECANICAS,['Jueves']
0510 INSTALACIONES MECANICAS,laboratorio,_E,PRESENCIAL,T-7,INST-MEC,18:10,19:50,"[None, None, None, None, 'X', None, None]",PABLO RODOLFO ZUÑIGA RAMIREZ,SIN AUXILIAR,Sin restricciones,1090,1190,0510,INSTALACIONES MECANICAS,['Viernes']
0511 MANTENIMIENTO DE HOSPITALES 1,Clase normal,N,PRESENCIAL,T-7,106,19:50,20:40,"['X', None, 'X', None, 'X', None, None]",BYRON GIOVANNI PALACIOS COLINDRES,SIN AUXILIAR,Sin restricciones,1190,1240,0511,MANTENIMIENTO DE HOSPITALES 1,"['Lunes', 'Miercoles', 'Viernes']"
0512 INSTRUMENTACION MECANICA,Clase normal,N-,HÍBRIDA,HIBR,VIRTUAL,18:10,19:00,"[None, 'X', None, 'X', None, None, None]",HERBERT SAMUEL FIGUEROA AVENDAÑO,SIN AUXILIAR,Sin restricciones,1090,1140,0512,INSTRUMENTACION MECANICA,"['Martes', 'Jueves']"
0520 PROCESOS DE MANUFACTURA 1,Clase normal,N,PRESENCIAL,T-7,202,14:00,14:50,"[None, 'X', None, 'X', None, None, None]",CARLOS ENRIQUE CHICOL CABRERA,SIN AUXILIAR,Sin restricciones,840,890,0520,PROCESOS DE MANUFACTURA 1,"['Martes', 'Jueves']"
0520 PROCESOS DE MANUFACTURA 1,Clase normal,P,PRESENCIAL,T-7,202,14:50,15:40,"[None, 'X', None, 'X', None, None, None]",CARLOS ENRIQUE CHICOL CABRERA,SIN AUXILIAR,Sin restricciones,890,940,0520,PROCESOS DE MANUFACTURA 1,"['Martes', 'Jueves']"
0520 PROCESOS DE MANUFACTURA 1,Clase normal,Q+,PRESENCIAL,T-7,106,16:30,17:20,"[None, 'X', None, 'X', None, None, None]",RIGOBERTO RAFAEL SANDOVAL LOPEZ,SIN AUXILIAR,Sin restricciones,990,1040,0520,PROCESOS DE MANUFACTURA 1,"['Martes', 'Jueves']"
0520 PROCESOS DE MANUFACTURA 1,Clase normal,Q-,PRESENCIAL,T-7,301,16:30,17:20,"[None, 'X', None, 'X', None, None, None]",CARLOS ENRIQUE CHICOL CABRERA,SIN AUXILIAR,Sin restricciones,990,1040,0520,PROCESOS DE MANUFACTURA 1,"['Martes', 'Jueves']"
0520 PROCESOS DE MANUFACTURA 1,Clase normal,R+,PRESENCIAL,T-7,202,17:20,18:10,"[None, 'X', None, 'X', None, None, None]",RIGOBERTO RAFAEL SANDOVAL LOPEZ,SIN AUXILIAR,Sin restricciones,1040,1090,0520,PROCESOS DE MANUFACTURA 1,"['Martes', 'Jueves']"
0520 PROCESOS DE MANUFACTURA 1,Clase normal,R-,PRESENCIAL,T-7,301,17:20,18:10,"[None, 'X', None, 'X', None, None, None]",CARLOS ENRIQUE CHICOL CABRERA,SIN AUXILIAR,Sin restricciones,1040,1090,0520,PROCESOS DE MANUFACTURA 1,"['Martes', 'Jueves']"
0520 PROCESOS DE MANUFACTURA 1,Clase normal,S,PRESENCIAL,T-7,102,19:00,19:50,"[None, 'X', None, 'X', None, None, None]",HUGO LEONEL RAMIREZ ORTIZ,SIN AUXILIAR,Sin restricciones,1140,1190,0520,PROCESOS DE MANUFACTURA 1,"['Martes', 'Jueves']"
0520 PROCESOS DE MANUFACTURA 1,laboratorio,_A,PRESENCIAL,T-7,LAB-MEC,07:10,08:50,"['X', None, None, None, None, None, None]",LUIS EDUARDO CORONADO NOJ,SIN AUXILIAR,Sin restricciones,430,530,0520,PROCESOS DE MANUFACTURA 1,['Lunes']
0520 PROCESOS DE MANUFACTURA 1,laboratorio,_B,PRESENCIAL,T-7,LAB-MEC,07:10,08:50,"[None, 'X', None, None, None, None, None]",LUIS EDUARDO CORONADO NOJ,SIN AUXILIAR,Sin restricciones,430,530,0520,PROCESOS DE MANUFACTURA 1,['Martes']
0520 PROCESOS DE MANUFACTURA 1,laboratorio,_C,PRESENCIAL,T-7,LAB-MEC,07:10,08:50,"[None, None, 'X', None, None, None, None]",LUIS EDUARDO CORONADO NOJ,SIN AUXILIAR,Sin restricciones,430,530,0520,PROCESOS DE MANUFACTURA 1,['Miercoles']
0520 PROCESOS DE MANUFACTURA 1,laboratorio,_D,PRESENCIAL,T-7,LAB-MEC,07:10,08:50,"[None, None, None, 'X', None, None, None]",LUIS EDUARDO CORONADO NOJ,SIN AUXILIAR,Sin restricciones,430,530,0520,PROCESOS DE MANUFACTURA 1,['Jueves']
0520 PROCESOS DE MANUFACTURA 1,laboratorio,_E,PRESENCIAL,T-7,LAB-MEC,15:40,17:20,"['X', None, None, None, None, None, None]",LUIS EDUARDO CORONADO NOJ,SIN AUXILIAR,Sin restricciones,940,1040,0520,PROCESOS DE MANUFACTURA 1,['Lunes']
0520 PROCESOS DE MANUFACTURA 1,laboratorio,_F,PRESENCIAL,T-7,LAB-MEC,15:40,17:20,"[None, 'X', None, None, None, None, None]",LUIS EDUARDO CORONADO NOJ,SIN AUXILIAR,Sin restricciones,940,1040,0520,PROCESOS DE MANUFACTURA 1,['Martes']
0520 PROCESOS DE MANUFACTURA 1,laboratorio,_G,PRESENCIAL,T-7,LAB-MEC,15:40,17:20,"[None, None, 'X', None, None, None, None]",LUIS EDUARDO CORONADO NOJ,SIN AUXILIAR,Sin restricciones,940,1040,0520,PROCESOS DE MANUFACTURA 1,['Miercoles']
0520 PROCESOS DE MANUFACTURA 1,laboratorio,_H,PRESENCIAL,T-7,LAB-MEC,15:40,17:20,"[None, None, None, 'X', None, None, None]",LUIS EDUARDO CORONADO NOJ,SIN AUXILIAR,Sin restricciones,940,1040,0520,PROCESOS DE MANUFACTURA 1,['Jueves']
0520 PROCESOS DE MANUFACTURA 1,laboratorio,_I,PRESENCIAL,T-7,LAB-MEC,09:00,10:40,"['X', None, None, None, None, None, None]",LUIS EDUARDO CORONADO NOJ,SIN AUXILIAR,Sin restricciones,540,640,0520,PROCESOS DE MANUFACTURA 1,['Lunes']
0520 PROCESOS DE MANUFACTURA 1,laboratorio,_J,PRESENCIAL,T-7,LAB-MEC,09:00,10:40,"[None, 'X', None, None, None, None, None]",LUIS EDUARDO CORONADO NOJ,SIN AUXILIAR,Sin restricciones,540,640,0520,PROCESOS DE MANUFACTURA 1,['Martes']
0520 PROCESOS DE MANUFACTURA 1,laboratorio,_K,PRESENCIAL,T-7,LAB-MEC,09:00,10:40,"[None, None, 'X', None, None, None, None]",LUIS EDUARDO CORONADO NOJ,SIN AUXILIAR,Sin restricciones,540,640,0520,PROCESOS DE MANUFACTURA 1,['Miercoles']
0520 PROCESOS DE MANUFACTURA 1,laboratorio,_L,PRESENCIAL,T-7,LAB-MEC,09:00,10:40,"[None, None, None, 'X', None, None, None]",LUIS EDUARDO CORONADO NOJ,SIN AUXILIAR,Sin restricciones,540,640,0520,PROCESOS DE MANUFACTURA 1,['Jueves']
0522 PROCESOS DE MANUFACTURA 2,Clase normal,A,PRESENCIAL,T-7,301,12:20,13:10,"[None, 'X', None, 'X', None, None, None]",MILTON ALEXANDER FUENTES OROZCO,SIN AUXILIAR,Sin restricciones,740,790,0522,PROCESOS DE MANUFACTURA 2,"['Martes', 'Jueves']"
0522 PROCESOS DE MANUFACTURA 2,Clase normal,N,PRESENCIAL,T-7,301,13:10,14:00,"[None, 'X', None, 'X', None, None, None]",MILTON ALEXANDER FUENTES OROZCO,SIN AUXILIAR,Sin restricciones,790,840,0522,PROCESOS DE MANUFACTURA 2,"['Martes', 'Jueves']"
0522 PROCESOS DE MANUFACTURA 2,Clase normal,P,PRESENCIAL,T-7,102,14:00,14:50,"[None, 'X', None, 'X', None, None, None]",CARLOS SNELL CHICOL MORALES,SIN AUXILIAR,Sin restricciones,840,890,0522,PROCESOS DE MANUFACTURA 2,"['Martes', 'Jueves']"
0522 PROCESOS DE MANUFACTURA 2,Clase normal,Q,PRESENCIAL,T-7,106,14:50,15:40,"[None, 'X', None, 'X', None, None, None]",LUIS EDUARDO CORONADO NOJ,SIN AUXILIAR,Sin restricciones,890,940,0522,PROCESOS DE MANUFACTURA 2,"['Martes', 'Jueves']"
0522 PROCESOS DE MANUFACTURA 2,Clase normal,T,PRESENCIAL,T-7,106,18:10,19:00,"[None, 'X', None, 'X', None, None, None]",CARLOS SNELL CHICOL MORALES,SIN AUXILIAR,Sin restricciones,1090,1140,0522,PROCESOS DE MANUFACTURA 2,"['Martes', 'Jueves']"
0522 PROCESOS DE MANUFACTURA 2,laboratorio,_A,PRESENCIAL,T-7,LAB-MEC,07:10,08:50,"['X', None, None, None, None, None, None]",CARLOS ENRIQUE CHICOL CABRERA,SIN AUXILIAR,Sin restricciones,430,530,0522,PROCESOS DE MANUFACTURA 2,['Lunes']
0522 PROCESOS DE MANUFACTURA 2,laboratorio,_B,PRESENCIAL,T-7,LAB-MEC,07:10,08:50,"[None, 'X', None, None, None, None, None]",CARLOS ENRIQUE CHICOL CABRERA,SIN AUXILIAR,Sin restricciones,430,530,0522,PROCESOS DE MANUFACTURA 2,['Martes']
0522 PROCESOS DE MANUFACTURA 2,laboratorio,_C,PRESENCIAL,T-7,LAB-MEC,07:10,08:50,"[None, None, 'X', None, None, None, None]",CARLOS ENRIQUE CHICOL CABRERA,SIN AUXILIAR,Sin restricciones,430,530,0522,PROCESOS DE MANUFACTURA 2,['Miercoles']
0522 PROCESOS DE MANUFACTURA 2,laboratorio,_D,PRESENCIAL,T-7,LAB-MEC,07:10,08:50,"[None, None, None, 'X', None, None, None]",CARLOS ENRIQUE CHICOL CABRERA,SIN AUXILIAR,Sin restricciones,430,530,0522,PROCESOS DE MANUFACTURA 2,['Jueves']
0522 PROCESOS DE MANUFACTURA 2,laboratorio,_E,PRESENCIAL,T-7,LAB-MEC,16:30,18:10,"['X', None, None, None, None, None, None]",PABLO RODOLFO ZUÑIGA RAMIREZ,SIN AUXILIAR,Sin restricciones,990,1090,0522,PROCESOS DE MANUFACTURA 2,['Lunes']
0522 PROCESOS DE MANUFACTURA 2,laboratorio,_F,PRESENCIAL,T-7,LAB-MEC,16:30,18:10,"[None, 'X', None, None, None, None, None]",PABLO RODOLFO ZUÑIGA RAMIREZ,SIN AUXILIAR,Sin restricciones,990,1090,0522,PROCESOS DE MANUFACTURA 2,['Martes']
0522 PROCESOS DE MANUFACTURA 2,laboratorio,_G,PRESENCIAL,T-7,LAB-MEC,16:30,18:10,"[None, None, 'X', None, None, None, None]",PABLO RODOLFO ZUÑIGA RAMIREZ,SIN AUXILIAR,Sin restricciones,990,1090,0522,PROCESOS DE MANUFACTURA 2,['Miercoles']
0522 PROCESOS DE MANUFACTURA 2,laboratorio,_H,PRESENCIAL,T-7,LAB-MEC,16:30,18:10,"[None, None, None, 'X', None, None, None]",PABLO RODOLFO ZUÑIGA RAMIREZ,SIN AUXILIAR,Sin restricciones,990,1090,0522,PROCESOS DE MANUFACTURA 2,['Jueves']
0522 PROCESOS DE MANUFACTURA 2,laboratorio,_I,PRESENCIAL,T-7,LAB-MEC,09:00,10:40,"['X', None, None, None, None, None, None]",CARLOS ENRIQUE CHICOL CABRERA,SIN AUXILIAR,Sin restricciones,540,640,0522,PROCESOS DE MANUFACTURA 2,['Lunes']
0522 PROCESOS DE MANUFACTURA 2,laboratorio,_J,PRESENCIAL,T-7,LAB-MEC,09:00,10:40,"[None, 'X', None, None, None, None, None]",CARLOS ENRIQUE CHICOL CABRERA,SIN AUXILIAR,Sin restricciones,540,640,0522,PROCESOS DE MANUFACTURA 2,['Martes']
0522 PROCESOS DE MANUFACTURA 2,laboratorio,_K,PRESENCIAL,T-7,LAB-MEC,09:00,10:40,"[None, None, 'X', None, None, None, None]",CARLOS ENRIQUE CHICOL CABRERA,SIN AUXILIAR,Sin restricciones,540,640,0522,PROCESOS DE MANUFACTURA 2,['Miercoles']
0522 PROCESOS DE MANUFACTURA 2,laboratorio,_L,PRESENCIAL,T-7,LAB-MEC,09:00,10:40,"[None, None, None, 'X', None, None, None]",CARLOS ENRIQUE CHICOL CABRERA,SIN AUXILIAR,Sin restricciones,540,640,0522,PROCESOS DE MANUFACTURA 2,['Jueves']
0524 DISE\O DE MAQUINAS 1,Clase normal,N,PRESENCIAL,T-7,202,18:10,19:00,"['X', None, 'X', None, 'X', None, None]",MILTON ALEXANDER FUENTES OROZCO,SIN AUXILIAR,Sin restricciones,1090,1140,0524,DISE\O DE MAQUINAS 1,"['Lunes', 'Miercoles', 'Viernes']"
0526 DISE\O DE MAQUINAS 2,Clase normal,P,PRESENCIAL,T-7,202,19:00,19:50,"['X', None, 'X', None, 'X', None, None]",MILTON ALEXANDER FUENTES OROZCO,SIN AUXILIAR,Sin restricciones,1140,1190,0526,DISE\O DE MAQUINAS 2,"['Lunes', 'Miercoles', 'Viernes']"
0528 DISE\O DE MAQUINAS 3,Clase normal,N,PRESENCIAL,HIBR,VIRTUAL,18:10,19:00,"['X', None, 'X', None, 'X', None, None]",MYNOR RODERICO FIGUEROA FUENTES,SIN AUXILIAR,Sin restricciones,1090,1140,0528,DISE\O DE MAQUINAS 3,"['Lunes', 'Miercoles', 'Viernes']"
0530 MECANISMOS,Clase normal,N-,HÍBRIDA,HIBR,VIRTUAL,19:00,19:50,"[None, 'X', None, 'X', None, None, None]",LUIS ALFREDO ASTURIAS ZUNIGA,SIN AUXILIAR,Sin restricciones,1140,1190,0530,MECANISMOS,"['Martes', 'Jueves']"
0532 VIBRACIONES,Clase normal,N,PRESENCIAL,T-3,413,19:00,19:50,"['X', None, 'X', None, 'X', None, None]",FREDY MAURICIO MONROY PERALTA,SIN AUXILIAR,Sin restricciones,1140,1190,0532,VIBRACIONES,"['Lunes', 'Miercoles', 'Viernes']"
0532 VIBRACIONES,laboratorio,_A,PRESENCIAL,T-3,407,13:10,14:50,"['X', None, None, None, None, None, None]",FREDY MAURICIO MONROY PERALTA,SIN AUXILIAR,Sin restricciones,790,890,0532,VIBRACIONES,['Lunes']
0532 VIBRACIONES,laboratorio,_B,PRESENCIAL,T-3,407,13:10,14:50,"[None, 'X', None, None, None, None, None]",FREDY MAURICIO MONROY PERALTA,SIN AUXILIAR,Sin restricciones,790,890,0532,VIBRACIONES,['Martes']
0532 VIBRACIONES,laboratorio,_C,PRESENCIAL,T-3,407,13:10,14:50,"[None, None, 'X', None, None, None, None]",FREDY MAURICIO MONROY PERALTA,SIN AUXILIAR,Sin restricciones,790,890,0532,VIBRACIONES,['Miercoles']
0532 VIBRACIONES,laboratorio,_D,PRESENCIAL,T-3,407,13:10,14:50,"[None, None, None, 'X', None, None, None]",FREDY MAURICIO MONROY PERALTA,SIN AUXILIAR,Sin restricciones,790,890,0532,VIBRACIONES,['Jueves']
0550 VIAS TERRESTRES 1,Clase normal,N+,HÍBRIDA,HIBR,VIRTUAL,16:30,17:20,"['X', None, 'X', None, 'X', None, None]",JORGE ALEJANDRO AREVALO VALDEZ,SIN AUXILIAR,Ver Restricciones,990,1040,0550,VIAS TERRESTRES 1,"['Lunes', 'Miercoles', 'Viernes']"
0550 VIAS TERRESTRES 1,Clase normal,N-,HÍBRIDA,HIBR,VIRTUAL,16:30,17:20,"['X', None, 'X', None, 'X', None, None]",MARIO ESTUARDO ARRIOLA AVILA,SIN AUXILIAR,Ver Restricciones,990,1040,0550,VIAS TERRESTRES 1,"['Lunes', 'Miercoles', 'Viernes']"
0550 VIAS TERRESTRES 1,Clase normal,P,HÍBRIDA,HIBR,VIRTUAL,19:00,19:50,"['X', None, 'X', None, 'X', None, None]",MARIO ESTUARDO ARRIOLA AVILA,SIN AUXILIAR,Sin restricciones,1140,1190,0550,VIAS TERRESTRES 1,"['Lunes', 'Miercoles', 'Viernes']"
0550 VIAS TERRESTRES 1,practica,1+,PRESENCIAL,T-3,212,07:10,10:30,"[None, None, None, None, None, 'X', None]",ALEJANDRO CASTAÑON LOPEZ,SIN AUXILIAR,Ver Restricciones,430,630,0550,VIAS TERRESTRES 1,['Sabado']
0550 VIAS TERRESTRES 1,practica,1-,PRESENCIAL,T-3,213,07:10,10:30,"[None, None, None, None, None, 'X', None]",CARLOS ENRIQUE PINTO ALONZO,SIN AUXILIAR,Ver Restricciones,430,630,0550,VIAS TERRESTRES 1,['Sabado']
0550 VIAS TERRESTRES 1,laboratorio,_A,VIRTUAL,MEET,VIRTUAL,07:10,08:50,"[None, None, 'X', None, None, None, None]",JONATHAN ALEXANDER AJBAL CHEGUEN,SIN AUXILIAR,Sin restricciones,430,530,0550,VIAS TERRESTRES 1,['Miercoles']
0550 VIAS TERRESTRES 1,laboratorio,_B,VIRTUAL,MEET,VIRTUAL,07:10,08:50,"[None, None, None, None, None, 'X', None]",JORGE MIGUEL MALDONADO ACEVEDO,SIN AUXILIAR,Sin restricciones,430,530,0550,VIAS TERRESTRES 1,['Sabado']
0560 VIAS TERRESTRES 2,Clase normal,N,HÍBRIDA,HIBR,VIRTUAL,19:00,20:40,"[None, 'X', None, None, None, None, None]",ESTUARDO JEREZ SANTOS,SIN AUXILIAR,Sin restricciones,1140,1240,0560,VIAS TERRESTRES 2,['Martes']
0560 VIAS TERRESTRES 2,Clase normal,N,HÍBRIDA,HIBR,VIRTUAL,19:00,19:50,"[None, None, None, 'X', None, None, None]",ESTUARDO JEREZ SANTOS,SIN AUXILIAR,Sin restricciones,1140,1190,0560,VIAS TERRESTRES 2,['Jueves']
0585 INGENIERIA DE TRANSITO Y TRANSPORTES,Clase normal,N,HÍBRIDA,HIBR,VIRTUAL,19:50,20:40,"['X', None, 'X', None, 'X', None, None]",VICTOR VINICIO BARRIOS US,SIN AUXILIAR,Sin restricciones,1190,1240,0585,INGENIERIA DE TRANSITO Y TRANSPORTES,"['Lunes', 'Miercoles', 'Viernes']"
0601 INVESTIGACION DE OPERACIONES I,Clase normal,A,PRESENCIAL,T-3,216,09:50,10:40,"['X', None, 'X', None, 'X', None, None]",AURELIA ANABELA CORDOVA ESTRADA,SIN AUXILIAR,Sin restricciones,590,640,0601,INVESTIGACION DE OPERACIONES I,"['Lunes', 'Miercoles', 'Viernes']"
0601 INVESTIGACION DE OPERACIONES I,Clase normal,B,PRESENCIAL,T-3,410,10:40,11:30,"['X', None, 'X', None, 'X', None, None]",VICTOR MANUEL AVILA SARMIENTO,SIN AUXILIAR,Sin restricciones,640,690,0601,INVESTIGACION DE OPERACIONES I,"['Lunes', 'Miercoles', 'Viernes']"
0601 INVESTIGACION DE OPERACIONES I,Clase normal,B+,PRESENCIAL,T-3,215,10:40,11:30,"['X', None, 'X', None, 'X', None, None]",ELSA MARIA ALVARADO JURADO,SIN AUXILIAR,Ver Restricciones,640,690,0601,INVESTIGACION DE OPERACIONES I,"['Lunes', 'Miercoles', 'Viernes']"
0601 INVESTIGACION DE OPERACIONES I,Clase normal,C,HÍBRIDA,HIBR,VIRTUAL,10:40,11:30,"['X', None, 'X', None, 'X', None, None]",NORA LEONOR GARCIA TOBAR,SIN AUXILIAR,Sin restricciones,640,690,0601,INVESTIGACION DE OPERACIONES I,"['Lunes', 'Miercoles', 'Viernes']"
0601 INVESTIGACION DE OPERACIONES I,Clase normal,N,VIRTUAL,MEET,VIRTUAL,19:00,19:50,"['X', None, 'X', None, 'X', None, None]",FRANCISCO ARTURO HERNANDEZ ARRIAZA,SIN AUXILIAR,Sin restricciones,1140,1190,0601,INVESTIGACION DE OPERACIONES I,"['Lunes', 'Miercoles', 'Viernes']"
0601 INVESTIGACION DE OPERACIONES I,Clase normal,O+,HÍBRIDA,HIBR,VIRTUAL,16:30,17:20,"['X', None, 'X', None, 'X', None, None]",NORA LEONOR GARCIA TOBAR,SIN AUXILIAR,Sin restricciones,990,1040,0601,INVESTIGACION DE OPERACIONES I,"['Lunes', 'Miercoles', 'Viernes']"
0601 INVESTIGACION DE OPERACIONES I,Clase normal,O-,HÍBRIDA,HIBR,VIRTUAL,16:30,17:20,"['X', None, 'X', None, 'X', None, None]",SELVIN ESTUARDO JOACHIN JUAREZ,SIN AUXILIAR,Sin restricciones,990,1040,0601,INVESTIGACION DE OPERACIONES I,"['Lunes', 'Miercoles', 'Viernes']"
0601 INVESTIGACION DE OPERACIONES I,Clase normal,P,VIRTUAL,MEET,VIRTUAL,19:50,20:40,"['X', None, 'X', None, 'X', None, None]",FRANCISCO ARTURO HERNANDEZ ARRIAZA,SIN AUXILIAR,Sin restricciones,1190,1240,0601,INVESTIGACION DE OPERACIONES I,"['Lunes', 'Miercoles', 'Viernes']"
0601 INVESTIGACION DE OPERACIONES I,practica,A,PRESENCIAL,T-3,112,11:30,12:20,"[None, 'X', None, 'X', None, None, None]",JULIO CÉSAR VILLATORO SANABRIA,SIN AUXILIAR,Sin restricciones,690,740,0601,INVESTIGACION DE OPERACIONES I,"['Martes', 'Jueves']"
0601 INVESTIGACION DE OPERACIONES I,practica,B,PRESENCIAL,T-3,110,10:40,11:30,"[None, 'X', None, 'X', None, None, None]",JULIO CÉSAR VILLATORO SANABRIA,SIN AUXILIAR,Sin restricciones,640,690,0601,INVESTIGACION DE OPERACIONES I,"['Martes', 'Jueves']"
0601 INVESTIGACION DE OPERACIONES I,practica,C,PRESENCIAL,T-3,110,10:40,11:30,"[None, 'X', None, 'X', None, None, None]",JULIO CÉSAR VILLATORO SANABRIA,SIN AUXILIAR,Sin restricciones,640,690,0601,INVESTIGACION DE OPERACIONES I,"['Martes', 'Jueves']"
0601 INVESTIGACION DE OPERACIONES I,practica,D,PRESENCIAL,T-3,110,10:40,11:30,"[None, 'X', None, 'X', None, None, None]",JULIO CÉSAR VILLATORO SANABRIA,SIN AUXILIAR,Sin restricciones,640,690,0601,INVESTIGACION DE OPERACIONES I,"['Martes', 'Jueves']"
0601 INVESTIGACION DE OPERACIONES I,practica,N,PRESENCIAL,T-3,410,17:20,18:10,"[None, 'X', None, 'X', None, None, None]",VICTOR MANUEL AVILA SARMIENTO,SIN AUXILIAR,Sin restricciones,1040,1090,0601,INVESTIGACION DE OPERACIONES I,"['Martes', 'Jueves']"
0601 INVESTIGACION DE OPERACIONES I,practica,O+,PRESENCIAL,T-3,110,16:30,17:20,"[None, 'X', None, 'X', None, None, None]",VICTOR MANUEL AVILA SARMIENTO,SIN AUXILIAR,Sin restricciones,990,1040,0601,INVESTIGACION DE OPERACIONES I,"['Martes', 'Jueves']"
0601 INVESTIGACION DE OPERACIONES I,practica,O-,PRESENCIAL,T-3,110,16:30,17:20,"[None, 'X', None, 'X', None, None, None]",VICTOR MANUEL AVILA SARMIENTO,SIN AUXILIAR,Sin restricciones,990,1040,0601,INVESTIGACION DE OPERACIONES I,"['Martes', 'Jueves']"
0601 INVESTIGACION DE OPERACIONES I,practica,P,PRESENCIAL,T-3,410,17:20,18:10,"[None, 'X', None, 'X', None, None, None]",VICTOR MANUEL AVILA SARMIENTO,SIN AUXILIAR,Sin restricciones,1040,1090,0601,INVESTIGACION DE OPERACIONES I,"['Martes', 'Jueves']"
0603 INVESTIGACION DE OPERACIONES II,Clase normal,A,PRESENCIAL,T-3,111,09:50,10:40,"['X', None, 'X', None, 'X', None, None]",JULIO CÉSAR VILLATORO SANABRIA,SIN AUXILIAR,Sin restricciones,590,640,0603,INVESTIGACION DE OPERACIONES II,"['Lunes', 'Miercoles', 'Viernes']"
0603 INVESTIGACION DE OPERACIONES II,Clase normal,B,PRESENCIAL,T-3,216,10:40,11:30,"['X', None, 'X', None, 'X', None, None]",AURELIA ANABELA CORDOVA ESTRADA,SIN AUXILIAR,Sin restricciones,640,690,0603,INVESTIGACION DE OPERACIONES II,"['Lunes', 'Miercoles', 'Viernes']"
0603 INVESTIGACION DE OPERACIONES II,Clase normal,C,HÍBRIDA,HIBR,VIRTUAL,09:50,10:40,"['X', None, 'X', None, 'X', None, None]",NORA LEONOR GARCIA TOBAR,SIN AUXILIAR,Sin restricciones,590,640,0603,INVESTIGACION DE OPERACIONES II,"['Lunes', 'Miercoles', 'Viernes']"
0603 INVESTIGACION DE OPERACIONES II,Clase normal,M,PRESENCIAL,T-3,411,14:00,14:50,"['X', None, 'X', None, 'X', None, None]",VICTOR MANUEL AVILA SARMIENTO,SIN AUXILIAR,Sin restricciones,840,890,0603,INVESTIGACION DE OPERACIONES II,"['Lunes', 'Miercoles', 'Viernes']"
0603 INVESTIGACION DE OPERACIONES II,Clase normal,N,PRESENCIAL,T-3,216,18:10,19:00,"['X', None, 'X', None, 'X', None, None]",JUAN CARLOS JEREZ JUAREZ,SIN AUXILIAR,Sin restricciones,1090,1140,0603,INVESTIGACION DE OPERACIONES II,"['Lunes', 'Miercoles', 'Viernes']"
0603 INVESTIGACION DE OPERACIONES II,Clase normal,P,PRESENCIAL,T-3,216,19:00,19:50,"['X', None, 'X', None, 'X', None, None]",SELVIN ESTUARDO JOACHIN JUAREZ,SIN AUXILIAR,Sin restricciones,1140,1190,0603,INVESTIGACION DE OPERACIONES II,"['Lunes', 'Miercoles', 'Viernes']"
0603 INVESTIGACION DE OPERACIONES II,practica,A,PRESENCIAL,T-3,311,09:50,10:40,"[None, 'X', None, 'X', None, None, None]",JAVIER ANTONIO CERÓN ROSALES,SIN AUXILIAR,Sin restricciones,590,640,0603,INVESTIGACION DE OPERACIONES II,"['Martes', 'Jueves']"
0603 INVESTIGACION DE OPERACIONES II,practica,B,PRESENCIAL,T-3,311,11:30,12:20,"[None, 'X', None, 'X', None, None, None]",JAVIER ANTONIO CERÓN ROSALES,SIN AUXILIAR,Sin restricciones,690,740,0603,INVESTIGACION DE OPERACIONES II,"['Martes', 'Jueves']"
0603 INVESTIGACION DE OPERACIONES II,practica,C,PRESENCIAL,T-3,311,10:40,11:30,"[None, 'X', None, 'X', None, None, None]",JAVIER ANTONIO CERÓN ROSALES,SIN AUXILIAR,Sin restricciones,640,690,0603,INVESTIGACION DE OPERACIONES II,"['Martes', 'Jueves']"
0603 INVESTIGACION DE OPERACIONES II,practica,M,PRESENCIAL,T-3,411,14:50,15:40,"[None, 'X', None, 'X', None, None, None]",VICTOR MANUEL AVILA SARMIENTO,SIN AUXILIAR,Sin restricciones,890,940,0603,INVESTIGACION DE OPERACIONES II,"['Martes', 'Jueves']"
0603 INVESTIGACION DE OPERACIONES II,practica,N,HÍBRIDA,HIBR,VIRTUAL,17:20,19:00,"[None, None, None, 'X', None, None, None]",JAVIER ANTONIO CERÓN ROSALES,SIN AUXILIAR,Sin restricciones,1040,1140,0603,INVESTIGACION DE OPERACIONES II,['Jueves']
0603 INVESTIGACION DE OPERACIONES II,practica,P,HÍBRIDA,HIBR,VIRTUAL,19:00,20:40,"[None, None, None, 'X', None, None, None]",JAVIER ANTONIO CERÓN ROSALES,SIN AUXILIAR,Sin restricciones,1140,1240,0603,INVESTIGACION DE OPERACIONES II,['Jueves']
0606 ANALISIS DE SISTEMAS INDUSTRIALES,Clase normal,N,PRESENCIAL,T-3,402,18:10,19:00,"['X', None, 'X', None, 'X', None, None]",JULIO OSWALDO ROJAS ARGUETA,SIN AUXILIAR,Sin restricciones,1090,1140,0606,ANALISIS DE SISTEMAS INDUSTRIALES,"['Lunes', 'Miercoles', 'Viernes']"
0610 INFORMATICA,Clase normal,A,PRESENCIAL,T-3,411,10:40,11:30,"[None, None, 'X', None, 'X', None, None]",RENATO ISAAC RIVERA PEREZ,SIN AUXILIAR,Ver Restricciones,640,690,0610,INFORMATICA,"['Miercoles', 'Viernes']"
0610 INFORMATICA,Clase normal,C,PRESENCIAL,T-3,411,11:30,12:20,"[None, 'X', None, None, 'X', None, None]",RENATO ISAAC RIVERA PEREZ,SIN AUXILIAR,Ver Restricciones,690,740,0610,INFORMATICA,"['Martes', 'Viernes']"
0610 INFORMATICA,Clase normal,N,PRESENCIAL,T-3,205-SAE,17:20,19:00,"[None, None, None, None, 'X', None, None]",RENATO ISAAC RIVERA PEREZ,SIN AUXILIAR,Ver Restricciones,1040,1140,0610,INFORMATICA,['Viernes']
0612 GESTION TECNOLOGICA,Clase normal,N,PRESENCIAL,T-3,216,15:40,16:30,"[None, 'X', None, 'X', None, None, None]",JAVIER ANTONIO CERÓN ROSALES,SIN AUXILIAR,Sin restricciones,940,990,0612,GESTION TECNOLOGICA,"['Martes', 'Jueves']"
0614 LOGISTICA Y CADENA DE SUMINISTRO,Clase normal,A,VIRTUAL,MEET,VIRTUAL,13:10,14:00,"['X', None, 'X', None, 'X', None, None]",CESAR ERNESTO URQUIZU RODAS,SIN AUXILIAR,Sin restricciones,790,840,0614,LOGISTICA Y CADENA DE SUMINISTRO,"['Lunes', 'Miercoles', 'Viernes']"
0620 GESTION AMBIENTAL,Clase normal,N,PRESENCIAL,T-3,216,16:30,17:20,"['X', None, 'X', None, 'X', None, None]",JAVIER ANTONIO CERÓN ROSALES,SIN AUXILIAR,Sin restricciones,990,1040,0620,GESTION AMBIENTAL,"['Lunes', 'Miercoles', 'Viernes']"
0630 INGENIERIA DE LA PRODUCCION,Clase normal,N,PRESENCIAL,T-3,216,17:20,18:10,"['X', None, 'X', None, 'X', None, None]",JUAN CARLOS JEREZ JUAREZ,SIN AUXILIAR,Sin restricciones,1040,1090,0630,INGENIERIA DE LA PRODUCCION,"['Lunes', 'Miercoles', 'Viernes']"
0630 INGENIERIA DE LA PRODUCCION,practica,N,PRESENCIAL,T-3,209,17:20,19:00,"[None, None, None, 'X', None, None, None]",RENATO ISAAC RIVERA PEREZ,SIN AUXILIAR,Sin restricciones,1040,1140,0630,INGENIERIA DE LA PRODUCCION,['Jueves']
0632 INGENIERIA DE PLANTAS,Clase normal,B,PRESENCIAL,T-3,215,11:30,12:20,"['X', None, 'X', None, 'X', None, None]",LIDIA VALENTINA JÁCOME CUCÚ,SIN AUXILIAR,Sin restricciones,690,740,0632,INGENIERIA DE PLANTAS,"['Lunes', 'Miercoles', 'Viernes']"
0632 INGENIERIA DE PLANTAS,Clase normal,P,HÍBRIDA,HIBR,VIRTUAL,18:10,19:00,"['X', None, 'X', None, 'X', None, None]",MIRIAM PATRICIA RUBIO CONTRERAS DE AKU,SIN AUXILIAR,Sin restricciones,1090,1140,0632,INGENIERIA DE PLANTAS,"['Lunes', 'Miercoles', 'Viernes']"
0632 INGENIERIA DE PLANTAS,practica,B,PRESENCIAL,T-3,112,07:10,08:50,"[None, None, None, None, None, 'X', None]",VICTOR MANUEL AVILA SARMIENTO,SIN AUXILIAR,Sin restricciones,430,530,0632,INGENIERIA DE PLANTAS,['Sabado']
0632 INGENIERIA DE PLANTAS,practica,N,PRESENCIAL,T-3,112,10:30,12:10,"[None, None, None, None, None, 'X', None]",VICTOR MANUEL AVILA SARMIENTO,SIN AUXILIAR,Sin restricciones,630,730,0632,INGENIERIA DE PLANTAS,['Sabado']
0632 INGENIERIA DE PLANTAS,practica,P,PRESENCIAL,T-3,112,08:50,10:30,"[None, None, None, None, None, 'X', None]",VICTOR MANUEL AVILA SARMIENTO,SIN AUXILIAR,Sin restricciones,530,630,0632,INGENIERIA DE PLANTAS,['Sabado']
0634 INGENIERIA DE METODOS,Clase normal,C,PRESENCIAL,T-3,216,11:30,12:20,"['X', None, 'X', None, 'X', None, None]",AURELIA ANABELA CORDOVA ESTRADA,SIN AUXILIAR,Sin restricciones,690,740,0634,INGENIERIA DE METODOS,"['Lunes', 'Miercoles', 'Viernes']"
0634 INGENIERIA DE METODOS,Clase normal,N,VIRTUAL,MEET,VIRTUAL,17:20,18:10,"['X', None, 'X', None, 'X', None, None]",SHERLY GABRIELA HERRERA ESCOBAR,SIN AUXILIAR,Sin restricciones,1040,1090,0634,INGENIERIA DE METODOS,"['Lunes', 'Miercoles', 'Viernes']"
0634 INGENIERIA DE METODOS,Clase normal,P,PRESENCIAL,T-3,105,19:00,19:50,"['X', None, 'X', None, 'X', None, None]",MARIA MARTHA WOLFORD E. DE HERNANDEZ,SIN AUXILIAR,Sin restricciones,1140,1190,0634,INGENIERIA DE METODOS,"['Lunes', 'Miercoles', 'Viernes']"
0634 INGENIERIA DE METODOS,practica,C,PRESENCIAL,T-3,404,07:10,08:50,"[None, None, None, None, None, 'X', None]",JULIO CÉSAR VILLATORO SANABRIA,SIN AUXILIAR,Sin restricciones,430,530,0634,INGENIERIA DE METODOS,['Sabado']
0634 INGENIERIA DE METODOS,practica,N,PRESENCIAL,T-3,404,08:50,10:30,"[None, None, None, None, None, 'X', None]",JULIO CÉSAR VILLATORO SANABRIA,SIN AUXILIAR,Sin restricciones,530,630,0634,INGENIERIA DE METODOS,['Sabado']
0634 INGENIERIA DE METODOS,practica,P,PRESENCIAL,T-3,404,10:30,12:10,"[None, None, None, None, None, 'X', None]",JULIO CÉSAR VILLATORO SANABRIA,SIN AUXILIAR,Sin restricciones,630,730,0634,INGENIERIA DE METODOS,['Sabado']
0636 DISE\O PARA LA PRODUCCION,Clase normal,A,PRESENCIAL,T-3,112,08:00,08:50,"['X', None, 'X', None, 'X', None, None]",ALBERTO EULALIO HERNANDEZ GARCIA,SIN AUXILIAR,Sin restricciones,480,530,0636,DISE\O PARA LA PRODUCCION,"['Lunes', 'Miercoles', 'Viernes']"
0636 DISE\O PARA LA PRODUCCION,Clase normal,N,PRESENCIAL,T-3,210,18:10,19:00,"['X', None, 'X', None, 'X', None, None]",JOSE ROLANDO CHAVEZ SALAZAR,SIN AUXILIAR,Sin restricciones,1090,1140,0636,DISE\O PARA LA PRODUCCION,"['Lunes', 'Miercoles', 'Viernes']"
0636 DISE\O PARA LA PRODUCCION,practica,A,PRESENCIAL,T-3,105,15:30,17:10,"[None, None, None, None, None, 'X', None]",BRIAN JOSÉ JIMÉNEZ MARTÍNEZ,SIN AUXILIAR,Sin restricciones,930,1030,0636,DISE\O PARA LA PRODUCCION,['Sabado']
0636 DISE\O PARA LA PRODUCCION,practica,N,PRESENCIAL,T-3,105,15:30,17:10,"[None, None, None, None, None, 'X', None]",BRIAN JOSÉ JIMÉNEZ MARTÍNEZ,SIN AUXILIAR,Sin restricciones,930,1030,0636,DISE\O PARA LA PRODUCCION,['Sabado']
0637 DISEÑO INDUSTRIAL,Clase normal,A,PRESENCIAL,T-3,216,08:00,08:50,"['X', None, 'X', None, 'X', None, None]",JOSE ROLANDO CHAVEZ SALAZAR,SIN AUXILIAR,Sin restricciones,480,530,0637,DISEÑO INDUSTRIAL,"['Lunes', 'Miercoles', 'Viernes']"
0637 DISEÑO INDUSTRIAL,Clase normal,N,PRESENCIAL,T-3,213,18:10,19:00,"['X', None, 'X', None, 'X', None, None]",ALBERTO EULALIO HERNANDEZ GARCIA,SIN AUXILIAR,Sin restricciones,1090,1140,0637,DISEÑO INDUSTRIAL,"['Lunes', 'Miercoles', 'Viernes']"
0637 DISEÑO INDUSTRIAL,practica,A,PRESENCIAL,T-3,105,13:50,15:30,"[None, None, None, None, None, 'X', None]",BRIAN JOSÉ JIMÉNEZ MARTÍNEZ,SIN AUXILIAR,Sin restricciones,830,930,0637,DISEÑO INDUSTRIAL,['Sabado']
0637 DISEÑO INDUSTRIAL,practica,N,PRESENCIAL,T-3,105,13:50,15:30,"[None, None, None, None, None, 'X', None]",BRIAN JOSÉ JIMÉNEZ MARTÍNEZ,SIN AUXILIAR,Sin restricciones,830,930,0637,DISEÑO INDUSTRIAL,['Sabado']
0638 CONTROLES INDUSTRIALES,Clase normal,A,PRESENCIAL,T-3,112,07:10,08:00,"['X', None, 'X', None, 'X', None, None]",JULIO OSWALDO ROJAS ARGUETA,SIN AUXILIAR,Sin restricciones,430,480,0638,CONTROLES INDUSTRIALES,"['Lunes', 'Miercoles', 'Viernes']"
0638 CONTROLES INDUSTRIALES,Clase normal,N-,PRESENCIAL,T-3,216,15:40,16:30,"['X', None, 'X', None, 'X', None, None]",SELVIN ESTUARDO JOACHIN JUAREZ,SIN AUXILIAR,Sin restricciones,940,990,0638,CONTROLES INDUSTRIALES,"['Lunes', 'Miercoles', 'Viernes']"
0638 CONTROLES INDUSTRIALES,Clase normal,Q,PRESENCIAL,T-3,310,19:50,20:40,"['X', None, 'X', None, 'X', None, None]",JULIO OSWALDO ROJAS ARGUETA,SIN AUXILIAR,Sin restricciones,1190,1240,0638,CONTROLES INDUSTRIALES,"['Lunes', 'Miercoles', 'Viernes']"
0638 CONTROLES INDUSTRIALES,practica,A,PRESENCIAL,T-3,309,07:10,08:50,"[None, None, None, None, None, 'X', None]",RODOLFO ALEXANDER PÉREZ TEPEQUE,SIN AUXILIAR,Sin restricciones,430,530,0638,CONTROLES INDUSTRIALES,['Sabado']
0638 CONTROLES INDUSTRIALES,practica,N+,PRESENCIAL,T-3,309,08:50,10:30,"[None, None, None, None, None, 'X', None]",RODOLFO ALEXANDER PÉREZ TEPEQUE,SIN AUXILIAR,Sin restricciones,530,630,0638,CONTROLES INDUSTRIALES,['Sabado']
0638 CONTROLES INDUSTRIALES,practica,N-,PRESENCIAL,T-3,309,08:50,10:30,"[None, None, None, None, None, 'X', None]",RODOLFO ALEXANDER PÉREZ TEPEQUE,SIN AUXILIAR,Sin restricciones,530,630,0638,CONTROLES INDUSTRIALES,['Sabado']
0638 CONTROLES INDUSTRIALES,practica,Q,PRESENCIAL,T-3,309,07:10,08:50,"[None, None, None, None, None, 'X', None]",RODOLFO ALEXANDER PÉREZ TEPEQUE,SIN AUXILIAR,Sin restricciones,430,530,0638,CONTROLES INDUSTRIALES,['Sabado']
0639 CONTROL ESTADISTICO DE LA CALIDAD,Clase normal,A,VIRTUAL,MEET,VIRTUAL,09:00,09:50,"['X', None, 'X', None, 'X', None, None]",JUAN CARLOS JEREZ JUAREZ,SIN AUXILIAR,Sin restricciones,540,590,0639,CONTROL ESTADISTICO DE LA CALIDAD,"['Lunes', 'Miercoles', 'Viernes']"
0639 CONTROL ESTADISTICO DE LA CALIDAD,practica,A,PRESENCIAL,T-3,309,10:30,12:10,"[None, None, None, None, None, 'X', None]",RODOLFO ALEXANDER PÉREZ TEPEQUE,SIN AUXILIAR,Sin restricciones,630,730,0639,CONTROL ESTADISTICO DE LA CALIDAD,['Sabado']
0640 CONTROL DE LA PRODUCCION,Clase normal,A+,VIRTUAL,MEET,VIRTUAL,07:10,08:00,"['X', None, 'X', None, 'X', None, None]",JOSE ROLANDO CHAVEZ SALAZAR,SIN AUXILIAR,Sin restricciones,430,480,0640,CONTROL DE LA PRODUCCION,"['Lunes', 'Miercoles', 'Viernes']"
0640 CONTROL DE LA PRODUCCION,Clase normal,A-,VIRTUAL,MEET,VIRTUAL,07:10,08:00,"['X', None, 'X', None, 'X', None, None]",MARIA MARTHA WOLFORD E. DE HERNANDEZ,SIN AUXILIAR,Sin restricciones,430,480,0640,CONTROL DE LA PRODUCCION,"['Lunes', 'Miercoles', 'Viernes']"
0640 CONTROL DE LA PRODUCCION,Clase normal,B,PRESENCIAL,T-3,216,13:10,14:00,"['X', None, 'X', None, 'X', None, None]",ROCIO CAROLINA MEDINA GALINDO,SIN AUXILIAR,Sin restricciones,790,840,0640,CONTROL DE LA PRODUCCION,"['Lunes', 'Miercoles', 'Viernes']"
0640 CONTROL DE LA PRODUCCION,Clase normal,N,PRESENCIAL,T-3,105,19:50,20:40,"['X', None, 'X', None, 'X', None, None]",MARIA MARTHA WOLFORD E. DE HERNANDEZ,SIN AUXILIAR,Sin restricciones,1190,1240,0640,CONTROL DE LA PRODUCCION,"['Lunes', 'Miercoles', 'Viernes']"
0640 CONTROL DE LA PRODUCCION,Clase normal,P+,PRESENCIAL,T-3,112,17:20,18:10,"['X', None, 'X', None, 'X', None, None]",JOSE ROLANDO CHAVEZ SALAZAR,SIN AUXILIAR,Sin restricciones,1040,1090,0640,CONTROL DE LA PRODUCCION,"['Lunes', 'Miercoles', 'Viernes']"
0640 CONTROL DE LA PRODUCCION,Clase normal,P-,PRESENCIAL,T-3,214,17:20,18:10,"['X', None, 'X', None, 'X', None, None]",ALBERTO EULALIO HERNANDEZ GARCIA,SIN AUXILIAR,Sin restricciones,1040,1090,0640,CONTROL DE LA PRODUCCION,"['Lunes', 'Miercoles', 'Viernes']"
0640 CONTROL DE LA PRODUCCION,practica,A,PRESENCIAL,T-3,316,07:10,08:50,"[None, None, None, None, None, 'X', None]",GLADYS MARÍA ESTRADA QUINTANILLA,SIN AUXILIAR,Sin restricciones,430,530,0640,CONTROL DE LA PRODUCCION,['Sabado']
0640 CONTROL DE LA PRODUCCION,practica,B,PRESENCIAL,T-3,316,08:50,10:30,"[None, None, None, None, None, 'X', None]",GLADYS MARÍA ESTRADA QUINTANILLA,SIN AUXILIAR,Sin restricciones,530,630,0640,CONTROL DE LA PRODUCCION,['Sabado']
0640 CONTROL DE LA PRODUCCION,practica,N,PRESENCIAL,T-3,316,10:30,12:10,"[None, None, None, None, None, 'X', None]",GLADYS MARÍA ESTRADA QUINTANILLA,SIN AUXILIAR,Sin restricciones,630,730,0640,CONTROL DE LA PRODUCCION,['Sabado']
0640 CONTROL DE LA PRODUCCION,practica,P,PRESENCIAL,T-3,316,10:30,12:10,"[None, None, None, None, None, 'X', None]",GLADYS MARÍA ESTRADA QUINTANILLA,SIN AUXILIAR,Sin restricciones,630,730,0640,CONTROL DE LA PRODUCCION,['Sabado']
0642 SEGURIDAD E HIGIENE INDUSTRIAL,Clase normal,A,PRESENCIAL,T-3,105,07:10,08:00,"[None, 'X', None, 'X', None, None, None]",LAURA ROSMERY BRIONES ZELADA,SIN AUXILIAR,Sin restricciones,430,480,0642,SEGURIDAD E HIGIENE INDUSTRIAL,"['Martes', 'Jueves']"
0642 SEGURIDAD E HIGIENE INDUSTRIAL,Clase normal,N+,PRESENCIAL,T-3,212,18:10,19:00,"[None, 'X', None, 'X', None, None, None]",YOCASTA IVANOBLA ORTIZ DEL CID,SIN AUXILIAR,Sin restricciones,1090,1140,0642,SEGURIDAD E HIGIENE INDUSTRIAL,"['Martes', 'Jueves']"
0642 SEGURIDAD E HIGIENE INDUSTRIAL,Clase normal,P-,PRESENCIAL,T-3,210,19:00,19:50,"[None, 'X', None, 'X', None, None, None]",HUGO LEONEL ALVARADO DE LEON,SIN AUXILIAR,Sin restricciones,1140,1190,0642,SEGURIDAD E HIGIENE INDUSTRIAL,"['Martes', 'Jueves']"
0650 CONTABILIDAD 1,Clase normal,B,PRESENCIAL,T-3,402,08:00,08:50,"[None, 'X', None, 'X', None, None, None]",EDWIN JOSUE IXPATA REYES,SIN AUXILIAR,Sin restricciones,480,530,0650,CONTABILIDAD 1,"['Martes', 'Jueves']"
0650 CONTABILIDAD 1,Clase normal,P,PRESENCIAL,T-3,105,16:30,17:20,"[None, 'X', None, 'X', None, None, None]",EDWIN JOSUE IXPATA REYES,SIN AUXILIAR,Sin restricciones,990,1040,0650,CONTABILIDAD 1,"['Martes', 'Jueves']"
0650 CONTABILIDAD 1,practica,B,PRESENCIAL,T-3,215,08:50,10:30,"[None, None, None, None, None, 'X', None]",OWEN TORRES RIVERA,SIN AUXILIAR,Sin restricciones,530,630,0650,CONTABILIDAD 1,['Sabado']
0650 CONTABILIDAD 1,practica,P,PRESENCIAL,T-3,215,10:30,12:10,"[None, None, None, None, None, 'X', None]",OWEN TORRES RIVERA,SIN AUXILIAR,Sin restricciones,630,730,0650,CONTABILIDAD 1,['Sabado']
0652 CONTABILIDAD 2,Clase normal,A,PRESENCIAL,T-3,113,07:10,08:00,"[None, 'X', None, 'X', None, None, None]",ELMER DIONICIO SUC CHOCOOJ,SIN AUXILIAR,Sin restricciones,430,480,0652,CONTABILIDAD 2,"['Martes', 'Jueves']"
0652 CONTABILIDAD 2,practica,N,PRESENCIAL,T-3,313,15:30,17:10,"[None, None, None, None, None, 'X', None]",KAREN NATALIE MEINICKE PALACIOS,SIN AUXILIAR,Sin restricciones,930,1030,0652,CONTABILIDAD 2,['Sabado']
0653 INGENIERIA DE COSTOS,Clase normal,A,VIRTUAL,MEET,VIRTUAL,09:00,09:50,"[None, 'X', None, 'X', None, None, None]",JUAN CARLOS JEREZ JUAREZ,SIN AUXILIAR,Sin restricciones,540,590,0653,INGENIERIA DE COSTOS,"['Martes', 'Jueves']"
0653 INGENIERIA DE COSTOS,Clase normal,N,VIRTUAL,MEET,VIRTUAL,19:50,20:40,"[None, 'X', None, 'X', None, None, None]",JOSE ROLANDO CHAVEZ SALAZAR,SIN AUXILIAR,Sin restricciones,1190,1240,0653,INGENIERIA DE COSTOS,"['Martes', 'Jueves']"
0653 INGENIERIA DE COSTOS,practica,A,PRESENCIAL,T-3,215,07:10,08:50,"[None, None, None, None, None, 'X', None]",OWEN TORRES RIVERA,SIN AUXILIAR,Sin restricciones,430,530,0653,INGENIERIA DE COSTOS,['Sabado']
0653 INGENIERIA DE COSTOS,practica,N,PRESENCIAL,T-3,215,07:10,08:50,"[None, None, None, None, None, 'X', None]",OWEN TORRES RIVERA,SIN AUXILIAR,Sin restricciones,430,530,0653,INGENIERIA DE COSTOS,['Sabado']
0654 CONTABILIDAD 3,Clase normal,A,PRESENCIAL,T-3,315,08:00,08:50,"[None, 'X', None, 'X', None, None, None]",YOCASTA IVANOBLA ORTIZ DEL CID,SIN AUXILIAR,Sin restricciones,480,530,0654,CONTABILIDAD 3,"['Martes', 'Jueves']"
0654 CONTABILIDAD 3,Clase normal,N+,PRESENCIAL,T-1,L-II-1,19:50,20:40,"[None, 'X', None, 'X', None, None, None]",MAYRA SAADETH ARREAZA MARTINEZ,SIN AUXILIAR,Sin restricciones,1190,1240,0654,CONTABILIDAD 3,"['Martes', 'Jueves']"
0654 CONTABILIDAD 3,Clase normal,N-,PRESENCIAL,T-3,109,19:50,20:40,"[None, 'X', None, 'X', None, None, None]",ALDO OZAETA SANTIAGO,SIN AUXILIAR,Sin restricciones,1190,1240,0654,CONTABILIDAD 3,"['Martes', 'Jueves']"
0654 CONTABILIDAD 3,Clase normal,O,PRESENCIAL,T-3,112,14:00,14:50,"[None, 'X', None, 'X', None, None, None]",YOCASTA IVANOBLA ORTIZ DEL CID,SIN AUXILIAR,Sin restricciones,840,890,0654,CONTABILIDAD 3,"['Martes', 'Jueves']"
0654 CONTABILIDAD 3,practica,A,PRESENCIAL,T-3,313,07:10,08:50,"[None, None, None, None, None, 'X', None]",KAREN NATALIE MEINICKE PALACIOS,SIN AUXILIAR,Sin restricciones,430,530,0654,CONTABILIDAD 3,['Sabado']
0654 CONTABILIDAD 3,practica,N+,PRESENCIAL,T-3,313,08:50,10:30,"[None, None, None, None, None, 'X', None]",KAREN NATALIE MEINICKE PALACIOS,SIN AUXILIAR,Sin restricciones,530,630,0654,CONTABILIDAD 3,['Sabado']
0654 CONTABILIDAD 3,practica,N-,PRESENCIAL,T-3,313,08:50,10:30,"[None, None, None, None, None, 'X', None]",KAREN NATALIE MEINICKE PALACIOS,SIN AUXILIAR,Sin restricciones,530,630,0654,CONTABILIDAD 3,['Sabado']
0654 CONTABILIDAD 3,practica,O,PRESENCIAL,T-3,313,07:10,08:50,"[None, None, None, None, None, 'X', None]",KAREN NATALIE MEINICKE PALACIOS,SIN AUXILIAR,Sin restricciones,430,530,0654,CONTABILIDAD 3,['Sabado']
0655 ADMINISTRACION FINANCIERA,Clase normal,A,VIRTUAL,MEET,VIRTUAL,09:00,09:50,"[None, 'X', None, 'X', None, None, None]",SELVIN ESTUARDO JOACHIN JUAREZ,SIN AUXILIAR,Sin restricciones,540,590,0655,ADMINISTRACION FINANCIERA,"['Martes', 'Jueves']"
0655 ADMINISTRACION FINANCIERA,Clase normal,O,VIRTUAL,MEET,VIRTUAL,17:20,18:10,"[None, 'X', None, 'X', None, None, None]",SHERLY GABRIELA HERRERA ESCOBAR,SIN AUXILIAR,Sin restricciones,1040,1090,0655,ADMINISTRACION FINANCIERA,"['Martes', 'Jueves']"
0655 ADMINISTRACION FINANCIERA,practica,A,PRESENCIAL,T-3,313,10:30,12:10,"[None, None, None, None, None, 'X', None]",KAREN NATALIE MEINICKE PALACIOS,SIN AUXILIAR,Sin restricciones,630,730,0655,ADMINISTRACION FINANCIERA,['Sabado']
0655 ADMINISTRACION FINANCIERA,practica,O,PRESENCIAL,T-3,313,10:30,12:10,"[None, None, None, None, None, 'X', None]",KAREN NATALIE MEINICKE PALACIOS,SIN AUXILIAR,Sin restricciones,630,730,0655,ADMINISTRACION FINANCIERA,['Sabado']
0656 ADMINISTRACION DE EMPRESAS 1,Clase normal,A,PRESENCIAL,T-3,105,07:10,08:00,"['X', None, 'X', None, 'X', None, None]",JOSE ANTONIO CAMBARA GODOY,SIN AUXILIAR,Sin restricciones,430,480,0656,ADMINISTRACION DE EMPRESAS 1,"['Lunes', 'Miercoles', 'Viernes']"
0656 ADMINISTRACION DE EMPRESAS 1,Clase normal,O,PRESENCIAL,T-3,113,17:20,18:10,"['X', None, 'X', None, 'X', None, None]",BYRON GERARDO CHOCOOJ BARRIENTOS,SIN AUXILIAR,Sin restricciones,1040,1090,0656,ADMINISTRACION DE EMPRESAS 1,"['Lunes', 'Miercoles', 'Viernes']"
0656 ADMINISTRACION DE EMPRESAS 1,Clase normal,P,PRESENCIAL,T-3,109,19:00,19:50,"['X', None, 'X', None, 'X', None, None]",BYRON GERARDO CHOCOOJ BARRIENTOS,SIN AUXILIAR,Sin restricciones,1140,1190,0656,ADMINISTRACION DE EMPRESAS 1,"['Lunes', 'Miercoles', 'Viernes']"
0656 ADMINISTRACION DE EMPRESAS 1,Clase normal,Q,PRESENCIAL,T-3,109,19:50,20:40,"['X', None, 'X', None, 'X', None, None]",BYRON GERARDO CHOCOOJ BARRIENTOS,SIN AUXILIAR,Sin restricciones,1190,1240,0656,ADMINISTRACION DE EMPRESAS 1,"['Lunes', 'Miercoles', 'Viernes']"
0657 ADMINISTRACION DE EMPRESAS 2,Clase normal,N,PRESENCIAL,T-3,411,18:10,19:00,"[None, 'X', None, 'X', None, None, None]",ISMAEL HOMERO JEREZ GONZALEZ,SIN AUXILIAR,Sin restricciones,1090,1140,0657,ADMINISTRACION DE EMPRESAS 2,"['Martes', 'Jueves']"
0658 ADMINISTRACION DE PERSONAL,Clase normal,M,HÍBRIDA,HIBR,VIRTUAL,19:00,19:50,"['X', None, 'X', None, 'X', None, None]",MIRIAM PATRICIA RUBIO CONTRERAS DE AKU,SIN AUXILIAR,Sin restricciones,1140,1190,0658,ADMINISTRACION DE PERSONAL,"['Lunes', 'Miercoles', 'Viernes']"
0658 ADMINISTRACION DE PERSONAL,Clase normal,N,VIRTUAL,MEET,VIRTUAL,17:20,18:10,"['X', None, 'X', None, 'X', None, None]",OTTO LEONEL SUÁREZ MOTA,SIN AUXILIAR,Sin restricciones,1040,1090,0658,ADMINISTRACION DE PERSONAL,"['Lunes', 'Miercoles', 'Viernes']"
0658 ADMINISTRACION DE PERSONAL,Clase normal,P,VIRTUAL,MEET,VIRTUAL,18:10,19:00,"['X', None, 'X', None, 'X', None, None]",OTTO LEONEL SUÁREZ MOTA,SIN AUXILIAR,Sin restricciones,1090,1140,0658,ADMINISTRACION DE PERSONAL,"['Lunes', 'Miercoles', 'Viernes']"
0658 ADMINISTRACION DE PERSONAL,Clase normal,S,PRESENCIAL,T-3,305,19:50,20:40,"['X', None, 'X', None, 'X', None, None]",HUGO LEONEL ALVARADO DE LEON,SIN AUXILIAR,Sin restricciones,1190,1240,0658,ADMINISTRACION DE PERSONAL,"['Lunes', 'Miercoles', 'Viernes']"
0658 ADMINISTRACION DE PERSONAL,practica,M,PRESENCIAL,T-3,110,13:50,15:30,"[None, None, None, None, None, 'X', None]",YESSICA ROSMERY CHAMALE NIÑOS,SIN AUXILIAR,Sin restricciones,830,930,0658,ADMINISTRACION DE PERSONAL,['Sabado']
0658 ADMINISTRACION DE PERSONAL,practica,N,PRESENCIAL,T-3,110,15:30,17:10,"[None, None, None, None, None, 'X', None]",YESSICA ROSMERY CHAMALE NIÑOS,SIN AUXILIAR,Sin restricciones,930,1030,0658,ADMINISTRACION DE PERSONAL,['Sabado']
0658 ADMINISTRACION DE PERSONAL,practica,P,PRESENCIAL,T-3,110,15:30,17:10,"[None, None, None, None, None, 'X', None]",YESSICA ROSMERY CHAMALE NIÑOS,SIN AUXILIAR,Sin restricciones,930,1030,0658,ADMINISTRACION DE PERSONAL,['Sabado']
0658 ADMINISTRACION DE PERSONAL,practica,S,PRESENCIAL,T-3,110,13:50,15:30,"[None, None, None, None, None, 'X', None]",YESSICA ROSMERY CHAMALE NIÑOS,SIN AUXILIAR,Sin restricciones,830,930,0658,ADMINISTRACION DE PERSONAL,['Sabado']
0659 ADMINISTRACION DE RECURSOS HUMANOS,Clase normal,A,VIRTUAL,MEET,VIRTUAL,07:10,08:00,"['X', None, 'X', None, 'X', None, None]",OTTO LEONEL SUÁREZ MOTA,SIN AUXILIAR,Sin restricciones,430,480,0659,ADMINISTRACION DE RECURSOS HUMANOS,"['Lunes', 'Miercoles', 'Viernes']"
0659 ADMINISTRACION DE RECURSOS HUMANOS,Clase normal,N,VIRTUAL,MEET,VIRTUAL,19:00,19:50,"['X', None, 'X', None, 'X', None, None]",OTTO LEONEL SUÁREZ MOTA,SIN AUXILIAR,Sin restricciones,1140,1190,0659,ADMINISTRACION DE RECURSOS HUMANOS,"['Lunes', 'Miercoles', 'Viernes']"
0659 ADMINISTRACION DE RECURSOS HUMANOS,practica,A,PRESENCIAL,T-3,110,12:10,13:50,"[None, None, None, None, None, 'X', None]",YESSICA ROSMERY CHAMALE NIÑOS,SIN AUXILIAR,Sin restricciones,730,830,0659,ADMINISTRACION DE RECURSOS HUMANOS,['Sabado']
0659 ADMINISTRACION DE RECURSOS HUMANOS,practica,N,PRESENCIAL,T-3,110,12:10,13:50,"[None, None, None, None, None, 'X', None]",YESSICA ROSMERY CHAMALE NIÑOS,SIN AUXILIAR,Sin restricciones,730,830,0659,ADMINISTRACION DE RECURSOS HUMANOS,['Sabado']
0660 MERCADOTECNIA 1,Clase normal,B,PRESENCIAL,T-3,305,08:00,08:50,"[None, 'X', None, 'X', None, None, None]",JOSE ANTONIO CAMBARA GODOY,SIN AUXILIAR,Sin restricciones,480,530,0660,MERCADOTECNIA 1,"['Martes', 'Jueves']"
0660 MERCADOTECNIA 1,Clase normal,N,PRESENCIAL,T-3,407,18:10,19:00,"[None, 'X', None, 'X', None, None, None]",VICTOR HUGO GARCIA ROQUE,SIN AUXILIAR,Sin restricciones,1090,1140,0660,MERCADOTECNIA 1,"['Martes', 'Jueves']"
0660 MERCADOTECNIA 1,Clase normal,P,PRESENCIAL,T-3,210,15:40,16:30,"[None, 'X', None, 'X', None, None, None]",BYRON GERARDO CHOCOOJ BARRIENTOS,SIN AUXILIAR,Sin restricciones,940,990,0660,MERCADOTECNIA 1,"['Martes', 'Jueves']"
0660 MERCADOTECNIA 1,practica,B,PRESENCIAL,T-3,112,13:50,15:30,"[None, None, None, None, None, 'X', None]",JUAN CARLOS GODINEZ OROZCO,SIN AUXILIAR,Sin restricciones,830,930,0660,MERCADOTECNIA 1,['Sabado']
0660 MERCADOTECNIA 1,practica,N,PRESENCIAL,T-3,112,15:30,17:10,"[None, None, None, None, None, 'X', None]",JUAN CARLOS GODINEZ OROZCO,SIN AUXILIAR,Sin restricciones,930,1030,0660,MERCADOTECNIA 1,['Sabado']
0660 MERCADOTECNIA 1,practica,P,PRESENCIAL,T-3,112,15:30,17:10,"[None, None, None, None, None, 'X', None]",JUAN CARLOS GODINEZ OROZCO,SIN AUXILIAR,Sin restricciones,930,1030,0660,MERCADOTECNIA 1,['Sabado']
0662 LEGISLACION 1,Clase normal,A+,PRESENCIAL,T-3,215,09:00,09:50,"[None, 'X', None, 'X', None, None, None]",ELSA MARIA ALVARADO JURADO,SIN AUXILIAR,Ver Restricciones,540,590,0662,LEGISLACION 1,"['Martes', 'Jueves']"
0662 LEGISLACION 1,Clase normal,A-,PRESENCIAL,T-1,L-II-2,09:00,09:50,"[None, 'X', None, 'X', None, None, None]",OSCAR APARICIO SEGURA MONZON,SIN AUXILIAR,Sin restricciones,540,590,0662,LEGISLACION 1,"['Martes', 'Jueves']"
0662 LEGISLACION 1,Clase normal,B,PRESENCIAL,T-1,L-II-2,09:50,10:40,"[None, 'X', None, 'X', None, None, None]",OSCAR APARICIO SEGURA MONZON,SIN AUXILIAR,Sin restricciones,590,640,0662,LEGISLACION 1,"['Martes', 'Jueves']"
0662 LEGISLACION 1,Clase normal,B+,PRESENCIAL,T-3,215,09:50,10:40,"[None, 'X', None, 'X', None, None, None]",ELSA MARIA ALVARADO JURADO,SIN AUXILIAR,Ver Restricciones,590,640,0662,LEGISLACION 1,"['Martes', 'Jueves']"
0662 LEGISLACION 1,Clase normal,C,PRESENCIAL,T-3,214,09:00,09:50,"[None, 'X', None, 'X', None, None, None]",JOSE ROLANDO CHAVEZ SALAZAR,SIN AUXILIAR,Sin restricciones,540,590,0662,LEGISLACION 1,"['Martes', 'Jueves']"
0662 LEGISLACION 1,Clase normal,M+,PRESENCIAL,T-3,209,15:40,16:30,"[None, 'X', None, 'X', None, None, None]",YOCASTA IVANOBLA ORTIZ DEL CID,SIN AUXILIAR,Sin restricciones,940,990,0662,LEGISLACION 1,"['Martes', 'Jueves']"
0662 LEGISLACION 1,Clase normal,M-,PRESENCIAL,T-3,109,15:40,16:30,"[None, 'X', None, 'X', None, None, None]",NANCY MARIA GUTIERREZ SAMAYOA,SIN AUXILIAR,Sin restricciones,940,990,0662,LEGISLACION 1,"['Martes', 'Jueves']"
0662 LEGISLACION 1,Clase normal,N+,PRESENCIAL,T-3,111,18:10,19:00,"[None, 'X', None, 'X', None, None, None]",ALDO OZAETA SANTIAGO,SIN AUXILIAR,Sin restricciones,1090,1140,0662,LEGISLACION 1,"['Martes', 'Jueves']"
0662 LEGISLACION 1,Clase normal,N-,PRESENCIAL,T-3,114,18:10,19:00,"[None, 'X', None, 'X', None, None, None]",NANCY MARIA GUTIERREZ SAMAYOA,SIN AUXILIAR,Sin restricciones,1090,1140,0662,LEGISLACION 1,"['Martes', 'Jueves']"
0662 LEGISLACION 1,Clase normal,P+,PRESENCIAL,T-3,112,19:00,19:50,"[None, 'X', None, 'X', None, None, None]",KARLA LIZBETH MARTÍNEZ VARGAS,SIN AUXILIAR,Sin restricciones,1140,1190,0662,LEGISLACION 1,"['Martes', 'Jueves']"
0662 LEGISLACION 1,Clase normal,P-,PRESENCIAL,T-3,114,19:00,19:50,"[None, 'X', None, 'X', None, None, None]",ALDO OZAETA SANTIAGO,SIN AUXILIAR,Sin restricciones,1140,1190,0662,LEGISLACION 1,"['Martes', 'Jueves']"
0662 LEGISLACION 1,Clase normal,Q,PRESENCIAL,T-3,112,19:50,20:40,"[None, 'X', None, 'X', None, None, None]",KARLA LIZBETH MARTÍNEZ VARGAS,SIN AUXILIAR,Sin restricciones,1190,1240,0662,LEGISLACION 1,"['Martes', 'Jueves']"
0663 LEGISLACION AMBIENTAL 1,Clase normal,A,PRESENCIAL,T-5,302,07:10,08:50,"[None, 'X', None, None, None, None, None]",MARIA ALEJANDRA MA VILLATORO,SIN AUXILIAR,Sin restricciones,430,530,0663,LEGISLACION AMBIENTAL 1,['Martes']
0664 LEGISLACION 2,Clase normal,A+,PRESENCIAL,T-1,L-II-2,08:00,08:50,"[None, 'X', None, 'X', None, None, None]",OSCAR APARICIO SEGURA MONZON,SIN AUXILIAR,Sin restricciones,480,530,0664,LEGISLACION 2,"['Martes', 'Jueves']"
0664 LEGISLACION 2,Clase normal,A-,PRESENCIAL,T-3,111,08:00,08:50,"[None, 'X', None, 'X', None, None, None]",JULIO CÉSAR VILLATORO SANABRIA,SIN AUXILIAR,Sin restricciones,480,530,0664,LEGISLACION 2,"['Martes', 'Jueves']"
0664 LEGISLACION 2,Clase normal,M,PRESENCIAL,T-3,111,16:30,17:20,"[None, 'X', None, 'X', None, None, None]",NANCY MARIA GUTIERREZ SAMAYOA,SIN AUXILIAR,Sin restricciones,990,1040,0664,LEGISLACION 2,"['Martes', 'Jueves']"
0664 LEGISLACION 2,Clase normal,N+,PRESENCIAL,T-3,113,17:20,18:10,"[None, 'X', None, 'X', None, None, None]",NANCY MARIA GUTIERREZ SAMAYOA,SIN AUXILIAR,Sin restricciones,1040,1090,0664,LEGISLACION 2,"['Martes', 'Jueves']"
0664 LEGISLACION 2,Clase normal,N-,PRESENCIAL,T-3,111,17:20,18:10,"[None, 'X', None, 'X', None, None, None]",ALDO OZAETA SANTIAGO,SIN AUXILIAR,Sin restricciones,1040,1090,0664,LEGISLACION 2,"['Martes', 'Jueves']"
0664 LEGISLACION 2,Clase normal,P,PRESENCIAL,T-3,412,18:10,19:00,"[None, 'X', None, 'X', None, None, None]",ALEX EVELIO CASTAÑEDA SALAZAR,SIN AUXILIAR,Sin restricciones,1090,1140,0664,LEGISLACION 2,"['Martes', 'Jueves']"
0664 LEGISLACION 2,Clase normal,Q,PRESENCIAL,T-3,109,19:00,19:50,"[None, 'X', None, 'X', None, None, None]",NANCY MARIA GUTIERREZ SAMAYOA,SIN AUXILIAR,Sin restricciones,1140,1190,0664,LEGISLACION 2,"['Martes', 'Jueves']"
0664 LEGISLACION 2,Clase normal,R,PRESENCIAL,T-3,110,19:50,20:40,"[None, 'X', None, 'X', None, None, None]",NANCY MARIA GUTIERREZ SAMAYOA,SIN AUXILIAR,Sin restricciones,1190,1240,0664,LEGISLACION 2,"['Martes', 'Jueves']"
0665 MICROECONOMIA,Clase normal,A,HÍBRIDA,HIBR,VIRTUAL,09:00,09:50,"[None, 'X', None, 'X', None, None, None]",NORA LEONOR GARCIA TOBAR,SIN AUXILIAR,Sin restricciones,540,590,0665,MICROECONOMIA,"['Martes', 'Jueves']"
0665 MICROECONOMIA,Clase normal,B,PRESENCIAL,T-3,111,07:10,08:00,"[None, 'X', None, 'X', None, None, None]",JULIO CÉSAR VILLATORO SANABRIA,SIN AUXILIAR,Sin restricciones,430,480,0665,MICROECONOMIA,"['Martes', 'Jueves']"
0665 MICROECONOMIA,Clase normal,P,HÍBRIDA,HIBR,VIRTUAL,19:00,19:50,"[None, 'X', None, 'X', None, None, None]",ILEANA GUISELA RALDA R. DE ILLESCAS,SIN AUXILIAR,Sin restricciones,1140,1190,0665,MICROECONOMIA,"['Martes', 'Jueves']"
0665 MICROECONOMIA,Clase normal,Q,HÍBRIDA,HIBR,VIRTUAL,14:00,15:40,"[None, None, None, None, None, 'X', None]",ILEANA GUISELA RALDA R. DE ILLESCAS,SIN AUXILIAR,Sin restricciones,840,940,0665,MICROECONOMIA,['Sabado']
0665 MICROECONOMIA,Clase normal,R,HÍBRIDA,HIBR,VIRTUAL,19:50,20:40,"[None, 'X', None, 'X', None, None, None]",ILEANA GUISELA RALDA R. DE ILLESCAS,SIN AUXILIAR,Sin restricciones,1190,1240,0665,MICROECONOMIA,"['Martes', 'Jueves']"
0665 MICROECONOMIA,practica,A,VIRTUAL,MEET,VIRTUAL,09:50,10:40,"[None, None, None, 'X', None, None, None]",JULIO CÉSAR VILLATORO SANABRIA,SIN AUXILIAR,Sin restricciones,590,640,0665,MICROECONOMIA,['Jueves']
0665 MICROECONOMIA,practica,B,PRESENCIAL,T-3,111,09:00,09:50,"[None, None, None, 'X', None, None, None]",JULIO CÉSAR VILLATORO SANABRIA,SIN AUXILIAR,Sin restricciones,540,590,0665,MICROECONOMIA,['Jueves']
0665 MICROECONOMIA,practica,P,VIRTUAL,MEET,VIRTUAL,19:50,20:40,"[None, None, None, 'X', None, None, None]",JULIO CÉSAR VILLATORO SANABRIA,SIN AUXILIAR,Sin restricciones,1190,1240,0665,MICROECONOMIA,['Jueves']
0665 MICROECONOMIA,practica,Q,HÍBRIDA,HIBR,VIRTUAL,19:50,20:40,"[None, None, None, 'X', None, None, None]",JULIO CÉSAR VILLATORO SANABRIA,SIN AUXILIAR,Sin restricciones,1190,1240,0665,MICROECONOMIA,['Jueves']
0665 MICROECONOMIA,practica,R,HÍBRIDA,HIBR,VIRTUAL,19:00,19:50,"[None, None, None, 'X', None, None, None]",JULIO CÉSAR VILLATORO SANABRIA,SIN AUXILIAR,Sin restricciones,1140,1190,0665,MICROECONOMIA,['Jueves']
0666 COSTOS PRESUPUESTOS Y AVALUOS,Clase normal,N,PRESENCIAL,T-3,111,16:30,17:20,"['X', None, 'X', None, 'X', None, None]",GUILLERMO FRANCISCO MELINI SALGUERO,SIN AUXILIAR,Sin restricciones,990,1040,0666,COSTOS PRESUPUESTOS Y AVALUOS,"['Lunes', 'Miercoles', 'Viernes']"
0666 COSTOS PRESUPUESTOS Y AVALUOS,Clase normal,P,PRESENCIAL,T-3,111,17:20,18:10,"['X', None, 'X', None, 'X', None, None]",GUILLERMO FRANCISCO MELINI SALGUERO,SIN AUXILIAR,Sin restricciones,1040,1090,0666,COSTOS PRESUPUESTOS Y AVALUOS,"['Lunes', 'Miercoles', 'Viernes']"
0667 PROGRAMACION COMERCIAL 1,Clase normal,A,HÍBRIDA,HIBR,VIRTUAL,07:10,08:50,"[None, None, None, None, None, 'X', None]",GUIPPSY JEANNIRA MENENDEZ PEREZ,ROSA EMILIA BOCHE NAZ,Sin restricciones,430,530,0667,PROGRAMACION COMERCIAL 1,['Sabado']
0667 PROGRAMACION COMERCIAL 1,Clase normal,N,HÍBRIDA,HIBR,VIRTUAL,19:00,19:50,"['X', None, 'X', None, None, None, None]",JURGEN ANDONI RAMIREZ RAMÍREZ,OSCAR EDUARDO MORALES GIRÓN,Sin restricciones,1140,1190,0667,PROGRAMACION COMERCIAL 1,"['Lunes', 'Miercoles']"
0667 PROGRAMACION COMERCIAL 1,Clase normal,Q,HÍBRIDA,HIBR,VIRTUAL,13:10,14:00,"[None, 'X', None, 'X', None, None, None]",WILLIAM ESTUARDO ESCOBAR ARGUETA,JOSE DANIEL GUZMAN HERNANDEZ,Sin restricciones,790,840,0667,PROGRAMACION COMERCIAL 1,"['Martes', 'Jueves']"
0667 PROGRAMACION COMERCIAL 1,laboratorio,A,HÍBRIDA,HIBR,VIRTUAL,12:20,14:00,"[None, None, None, None, 'X', None, None]",ROSA EMILIA BOCHE NAZ,SIN AUXILIAR,Sin restricciones,740,840,0667,PROGRAMACION COMERCIAL 1,['Viernes']
0667 PROGRAMACION COMERCIAL 1,laboratorio,N,HÍBRIDA,HIBR,VIRTUAL,12:20,14:00,"[None, None, None, None, 'X', None, None]",OSCAR EDUARDO MORALES GIRÓN,SIN AUXILIAR,Sin restricciones,740,840,0667,PROGRAMACION COMERCIAL 1,['Viernes']
0667 PROGRAMACION COMERCIAL 1,laboratorio,Q,HÍBRIDA,HIBR,VIRTUAL,12:20,14:00,"[None, None, None, None, 'X', None, None]",JOSE DANIEL GUZMAN HERNANDEZ,SIN AUXILIAR,Sin restricciones,740,840,0667,PROGRAMACION COMERCIAL 1,['Viernes']
0669 ECONOMIA INDUSTRIAL,Clase normal,N,PRESENCIAL,T-3,402,19:00,19:50,"[None, 'X', None, 'X', None, None, None]",JULIO OSWALDO ROJAS ARGUETA,SIN AUXILIAR,Sin restricciones,1140,1190,0669,ECONOMIA INDUSTRIAL,"['Martes', 'Jueves']"
0672 FUNDAMENTOS DE ADMINISTRACION,Clase normal,M,VIRTUAL,MEET,VIRTUAL,13:10,14:00,"['X', None, 'X', None, 'X', None, None]",KAREN NATALIE MEINICKE PALACIOS,SIN AUXILIAR,Sin restricciones,790,840,0672,FUNDAMENTOS DE ADMINISTRACION,"['Lunes', 'Miercoles', 'Viernes']"
0672 FUNDAMENTOS DE ADMINISTRACION,Clase normal,N,VIRTUAL,MEET,VIRTUAL,14:00,14:50,"['X', None, 'X', None, 'X', None, None]",CESAR ERNESTO URQUIZU RODAS,SIN AUXILIAR,Sin restricciones,840,890,0672,FUNDAMENTOS DE ADMINISTRACION,"['Lunes', 'Miercoles', 'Viernes']"
0674 FUNDAMENTOS DE MERCADOTECNIA,Clase normal,A,PRESENCIAL,T-1,L-II-2,07:10,08:00,"[None, 'X', None, 'X', None, None, None]",OSCAR APARICIO SEGURA MONZON,SIN AUXILIAR,Sin restricciones,430,480,0674,FUNDAMENTOS DE MERCADOTECNIA,"['Martes', 'Jueves']"
0674 FUNDAMENTOS DE MERCADOTECNIA,Clase normal,O,PRESENCIAL,T-3,214,18:10,19:00,"[None, 'X', None, 'X', None, None, None]",BYRON GERARDO CHOCOOJ BARRIENTOS,SIN AUXILIAR,Sin restricciones,1090,1140,0674,FUNDAMENTOS DE MERCADOTECNIA,"['Martes', 'Jueves']"
0674 FUNDAMENTOS DE MERCADOTECNIA,practica,A,PRESENCIAL,T-3,112,12:10,13:50,"[None, None, None, None, None, 'X', None]",JUAN CARLOS GODINEZ OROZCO,SIN AUXILIAR,Sin restricciones,730,830,0674,FUNDAMENTOS DE MERCADOTECNIA,['Sabado']
0674 FUNDAMENTOS DE MERCADOTECNIA,practica,N,PRESENCIAL,T-3,112,12:10,13:50,"[None, None, None, None, None, 'X', None]",JUAN CARLOS GODINEZ OROZCO,SIN AUXILIAR,Sin restricciones,730,830,0674,FUNDAMENTOS DE MERCADOTECNIA,['Sabado']
0674 FUNDAMENTOS DE MERCADOTECNIA,practica,O,PRESENCIAL,T-3,112,12:10,13:50,"[None, None, None, None, None, 'X', None]",JUAN CARLOS GODINEZ OROZCO,SIN AUXILIAR,Sin restricciones,730,830,0674,FUNDAMENTOS DE MERCADOTECNIA,['Sabado']
0676 COMERCIO INTERNACIONAL,Clase normal,A,PRESENCIAL,T-3,105,08:00,08:50,"[None, 'X', None, 'X', None, None, None]",LAURA ROSMERY BRIONES ZELADA,SIN AUXILIAR,Sin restricciones,480,530,0676,COMERCIO INTERNACIONAL,"['Martes', 'Jueves']"
0676 COMERCIO INTERNACIONAL,Clase normal,N+,HÍBRIDA,HIBR,VIRTUAL,17:20,18:10,"[None, 'X', None, 'X', None, None, None]",ELSA MARIA ALVARADO JURADO,SIN AUXILIAR,Sin restricciones,1040,1090,0676,COMERCIO INTERNACIONAL,"['Martes', 'Jueves']"
0676 COMERCIO INTERNACIONAL,Clase normal,N-,HÍBRIDA,HIBR,VIRTUAL,17:20,18:10,"[None, 'X', None, 'X', None, None, None]",MARIA MARTHA WOLFORD E. DE HERNANDEZ,SIN AUXILIAR,Sin restricciones,1040,1090,0676,COMERCIO INTERNACIONAL,"['Martes', 'Jueves']"
0687 GEOLOGIA ESTRUCTURAL,Clase normal,A,PRESENCIAL,T-3,113,16:30,17:20,"[None, 'X', None, 'X', None, None, None]",JULIO ROBERTO LUNA AROCHE,SIN AUXILIAR,Sin restricciones,990,1040,0687,GEOLOGIA ESTRUCTURAL,"['Martes', 'Jueves']"
0700 INGENIERIA ECONOMICA 1,Clase normal,A,HÍBRIDA,HIBR,VIRTUAL,08:00,08:50,"['X', None, 'X', None, 'X', None, None]",ALBA MARITZA GUERRERO SPINOLA,SIN AUXILIAR,Sin restricciones,480,530,0700,INGENIERIA ECONOMICA 1,"['Lunes', 'Miercoles', 'Viernes']"
0700 INGENIERIA ECONOMICA 1,Clase normal,B,HÍBRIDA,HIBR,VIRTUAL,09:00,09:50,"['X', None, 'X', None, 'X', None, None]",ALBA MARITZA GUERRERO SPINOLA,SIN AUXILIAR,Sin restricciones,540,590,0700,INGENIERIA ECONOMICA 1,"['Lunes', 'Miercoles', 'Viernes']"
0700 INGENIERIA ECONOMICA 1,Clase normal,C,HÍBRIDA,HIBR,VIRTUAL,10:40,11:30,"[None, None, 'X', None, None, None, None]",MARIO ESTUARDO ARRIOLA AVILA,SIN AUXILIAR,Sin restricciones,640,690,0700,INGENIERIA ECONOMICA 1,['Miercoles']
0700 INGENIERIA ECONOMICA 1,Clase normal,C,HÍBRIDA,HIBR,VIRTUAL,09:50,10:40,"[None, None, 'X', None, 'X', None, None]",MARIO ESTUARDO ARRIOLA AVILA,SIN AUXILIAR,Sin restricciones,590,640,0700,INGENIERIA ECONOMICA 1,"['Miercoles', 'Viernes']"
0700 INGENIERIA ECONOMICA 1,Clase normal,D,HÍBRIDA,HIBR,VIRTUAL,11:30,12:20,"[None, None, 'X', None, None, None, None]",MARIO ESTUARDO ARRIOLA AVILA,SIN AUXILIAR,Sin restricciones,690,740,0700,INGENIERIA ECONOMICA 1,['Miercoles']
0700 INGENIERIA ECONOMICA 1,Clase normal,D,HÍBRIDA,HIBR,VIRTUAL,10:40,12:20,"[None, None, None, None, 'X', None, None]",MARIO ESTUARDO ARRIOLA AVILA,SIN AUXILIAR,Sin restricciones,640,740,0700,INGENIERIA ECONOMICA 1,['Viernes']
0700 INGENIERIA ECONOMICA 1,Clase normal,P,HÍBRIDA,HIBR,VIRTUAL,14:00,15:40,"[None, None, 'X', None, None, None, None]",ERIC RONALDO RUIZ MATIAS,SIN AUXILIAR,Sin restricciones,840,940,0700,INGENIERIA ECONOMICA 1,['Miercoles']
0700 INGENIERIA ECONOMICA 1,Clase normal,P,HÍBRIDA,HIBR,VIRTUAL,14:00,14:50,"['X', None, None, None, None, None, None]",ERIC RONALDO RUIZ MATIAS,SIN AUXILIAR,Sin restricciones,840,890,0700,INGENIERIA ECONOMICA 1,['Lunes']
0700 INGENIERIA ECONOMICA 1,Clase normal,R,HÍBRIDA,HIBR,VIRTUAL,19:00,19:50,"['X', None, 'X', None, 'X', None, None]",JOSÉ MANUEL MORO BLANCO,SIN AUXILIAR,Sin restricciones,1140,1190,0700,INGENIERIA ECONOMICA 1,"['Lunes', 'Miercoles', 'Viernes']"
0704 INGENIERIA ECONOMICA 3,Clase normal,P,HÍBRIDA,HIBR,VIRTUAL,19:50,20:40,"['X', None, 'X', None, 'X', None, None]",JORGE RODOLFO GARCIA CARRERA,SIN AUXILIAR,Sin restricciones,1190,1240,0704,INGENIERIA ECONOMICA 3,"['Lunes', 'Miercoles', 'Viernes']"
0706 PREPARACION Y EVALUACION DE PROYECTOS 1,Clase normal,A,HÍBRIDA,HIBR,VIRTUAL,09:50,10:40,"['X', None, 'X', None, 'X', None, None]",ALBA MARITZA GUERRERO SPINOLA,SIN AUXILIAR,Sin restricciones,590,640,0706,PREPARACION Y EVALUACION DE PROYECTOS 1,"['Lunes', 'Miercoles', 'Viernes']"
0706 PREPARACION Y EVALUACION DE PROYECTOS 1,Clase normal,P,HÍBRIDA,HIBR,VIRTUAL,19:00,19:50,"['X', None, 'X', None, 'X', None, None]",ALEJANDRO CASTAÑON LOPEZ,SIN AUXILIAR,Sin restricciones,1140,1190,0706,PREPARACION Y EVALUACION DE PROYECTOS 1,"['Lunes', 'Miercoles', 'Viernes']"
0708 PREPARACION Y EVALUACION DE PROYECTOS 2,Clase normal,A,HÍBRIDA,HIBR,VIRTUAL,07:10,08:00,"['X', None, 'X', None, 'X', None, None]",SURIEL CRISTINA ABALLI HERWING,SIN AUXILIAR,Sin restricciones,430,480,0708,PREPARACION Y EVALUACION DE PROYECTOS 2,"['Lunes', 'Miercoles', 'Viernes']"
0708 PREPARACION Y EVALUACION DE PROYECTOS 2,Clase normal,M,PRESENCIAL,T-1,L-II-1,17:20,18:10,"['X', None, 'X', None, 'X', None, None]",ISMAEL HOMERO JEREZ GONZALEZ,SIN AUXILIAR,Sin restricciones,1040,1090,0708,PREPARACION Y EVALUACION DE PROYECTOS 2,"['Lunes', 'Miercoles', 'Viernes']"
0708 PREPARACION Y EVALUACION DE PROYECTOS 2,Clase normal,N,PRESENCIAL,T-3,113,16:30,17:20,"['X', None, 'X', None, 'X', None, None]",BYRON GERARDO CHOCOOJ BARRIENTOS,SIN AUXILIAR,Sin restricciones,990,1040,0708,PREPARACION Y EVALUACION DE PROYECTOS 2,"['Lunes', 'Miercoles', 'Viernes']"
0708 PREPARACION Y EVALUACION DE PROYECTOS 2,Clase normal,P,PRESENCIAL,T-1,L-II-1,19:00,19:50,"['X', None, 'X', None, 'X', None, None]",ISMAEL HOMERO JEREZ GONZALEZ,SIN AUXILIAR,Sin restricciones,1140,1190,0708,PREPARACION Y EVALUACION DE PROYECTOS 2,"['Lunes', 'Miercoles', 'Viernes']"
0710 PLANEAMIENTO,Clase normal,N,HÍBRIDA,HIBR,VIRTUAL,18:10,19:00,"['X', None, 'X', None, 'X', None, None]",ALEJANDRO CASTAÑON LOPEZ,SIN AUXILIAR,Sin restricciones,1090,1140,0710,PLANEAMIENTO,"['Lunes', 'Miercoles', 'Viernes']"
0710 PLANEAMIENTO,Clase normal,P,HÍBRIDA,HIBR,VIRTUAL,19:50,20:40,"['X', None, 'X', None, 'X', None, None]",ALEJANDRO CASTAÑON LOPEZ,SIN AUXILIAR,Sin restricciones,1190,1240,0710,PLANEAMIENTO,"['Lunes', 'Miercoles', 'Viernes']"
0712 URBANISMO,Clase normal,N,HÍBRIDA,HIBR,VIRTUAL,19:00,19:50,"['X', None, 'X', None, 'X', None, None]",HAROLD EDUARDO ROJAS BARRIOS,SIN AUXILIAR,Sin restricciones,1140,1190,0712,URBANISMO,"['Lunes', 'Miercoles', 'Viernes']"
0720 MODELACION Y SIMULACION 2,Clase normal,A,VIRTUAL,MEET,VIRTUAL,19:00,20:40,"['X', None, 'X', None, None, None, None]",MIGUEL ANGEL CANCINOS RENDON,YANIA ESZTER DÁVID CADENAS,Sin restricciones,1140,1240,0720,MODELACION Y SIMULACION 2,"['Lunes', 'Miercoles']"
0720 MODELACION Y SIMULACION 2,laboratorio,A,HÍBRIDA,HIBR,VIRTUAL,17:20,19:00,"[None, None, 'X', None, None, None, None]",YANIA ESZTER DÁVID CADENAS,SIN AUXILIAR,Sin restricciones,1040,1140,0720,MODELACION Y SIMULACION 2,['Miercoles']
0720 MODELACION Y SIMULACION 2,laboratorio,B,HÍBRIDA,HIBR,VIRTUAL,17:20,19:00,"[None, None, 'X', None, None, None, None]",PABLO GERARDO SCHAART CALDERÓN,SIN AUXILIAR,Sin restricciones,1040,1140,0720,MODELACION Y SIMULACION 2,['Miercoles']
0722 TEORIA DE SISTEMAS 1,Clase normal,A,VIRTUAL,MEET,VIRTUAL,07:10,08:50,"[None, None, None, 'X', None, 'X', None]",JORGE LUIS ALVAREZ MEJIA,MARCO SEBASTIAN SOLARES ESPAÑA,Sin restricciones,430,530,0722,TEORIA DE SISTEMAS 1,"['Jueves', 'Sabado']"
0724 TEORIA DE SISTEMAS 2,Clase normal,A,VIRTUAL,MEET,VIRTUAL,08:50,10:30,"[None, None, None, None, None, 'X', None]",JORGE LUIS ALVAREZ MEJIA,DANIEL EDUARDO IZAS MARROQUÍN,Sin restricciones,530,630,0724,TEORIA DE SISTEMAS 2,['Sabado']
0724 TEORIA DE SISTEMAS 2,Clase normal,A,VIRTUAL,MEET,VIRTUAL,07:10,08:50,"[None, 'X', None, None, None, None, None]",JORGE LUIS ALVAREZ MEJIA,DANIEL EDUARDO IZAS MARROQUÍN,Sin restricciones,430,530,0724,TEORIA DE SISTEMAS 2,['Martes']
0724 TEORIA DE SISTEMAS 2,Clase normal,P,VIRTUAL,MEET,VIRTUAL,19:00,20:40,"['X', None, 'X', None, None, None, None]",CESAR AUGUSTO FERNANDEZ CACERES,KEVIN ESTUARDO DEL CID QUEZADA,Sin restricciones,1140,1240,0724,TEORIA DE SISTEMAS 2,"['Lunes', 'Miercoles']"
0724 TEORIA DE SISTEMAS 2,laboratorio,A,VIRTUAL,MEET,VIRTUAL,09:00,10:40,"[None, 'X', None, None, None, None, None]",JORGE LUIS ALVAREZ MEJIA,SIN AUXILIAR,Sin restricciones,540,640,0724,TEORIA DE SISTEMAS 2,['Martes']
0724 TEORIA DE SISTEMAS 2,laboratorio,P,VIRTUAL,MEET,VIRTUAL,19:00,20:40,"[None, 'X', None, None, None, None, None]",CESAR AUGUSTO FERNANDEZ CACERES,SIN AUXILIAR,Sin restricciones,1140,1240,0724,TEORIA DE SISTEMAS 2,['Martes']
0729 MODELACION Y SIMULACION 1,laboratorio,A,HÍBRIDA,HIBR,VIRTUAL,17:20,19:00,"[None, None, None, None, 'X', None, None]",WALTER JAVIER SANTIZO MAZARIEGOS,SIN AUXILIAR,Sin restricciones,1040,1140,0729,MODELACION Y SIMULACION 1,['Viernes']
0732 ESTADISTICA 1,Clase normal,A,HÍBRIDA,HIBR,VIRTUAL,07:10,08:00,"['X', 'X', 'X', 'X', None, None, None]",CLAUDIA CECILIA CONTRERAS FOLGAR DE ALFARO,YERVIS MAURICIO LÓPEZ ESTRADA,Sin restricciones,430,480,0732,ESTADISTICA 1,"['Lunes', 'Martes', 'Miercoles', 'Jueves']"
0732 ESTADISTICA 1,Clase normal,B+,HÍBRIDA,HIBR,VIRTUAL,08:00,08:50,"['X', 'X', 'X', 'X', None, None, None]",EDWIN ADALBERTO BRACAMONTE OROZCO,ASTRID SARAÍ CHOXÍN SAMAYOA,Ver Restricciones,480,530,0732,ESTADISTICA 1,"['Lunes', 'Martes', 'Miercoles', 'Jueves']"
0732 ESTADISTICA 1,Clase normal,B-,HÍBRIDA,HIBR,VIRTUAL,08:00,08:50,"['X', 'X', 'X', 'X', None, None, None]",LADY MARIEBELIA ELIAS ESTRADA,JACQUELIN ANDREA GARCÍA FLORES,Ver Restricciones,480,530,0732,ESTADISTICA 1,"['Lunes', 'Martes', 'Miercoles', 'Jueves']"
0732 ESTADISTICA 1,Clase normal,D,PRESENCIAL,T-3,114,07:10,08:00,"['X', 'X', 'X', 'X', None, None, None]",LESBIA CAROLINA CARRANZA ESCOBAR,MARIA JOSE VEGA ORTEGA,Sin restricciones,430,480,0732,ESTADISTICA 1,"['Lunes', 'Martes', 'Miercoles', 'Jueves']"
0732 ESTADISTICA 1,Clase normal,E,HÍBRIDA,HIBR,VIRTUAL,11:30,12:20,"['X', 'X', 'X', 'X', None, None, None]",ALBA MARITZA GUERRERO SPINOLA,YERVIS MAURICIO LÓPEZ ESTRADA,Sin restricciones,690,740,0732,ESTADISTICA 1,"['Lunes', 'Martes', 'Miercoles', 'Jueves']"
0732 ESTADISTICA 1,Clase normal,F,HÍBRIDA,HIBR,VIRTUAL,10:40,11:30,"['X', 'X', 'X', 'X', None, None, None]",LADY MARIEBELIA ELIAS ESTRADA,JACQUELIN ANDREA GARCÍA FLORES,Sin restricciones,640,690,0732,ESTADISTICA 1,"['Lunes', 'Martes', 'Miercoles', 'Jueves']"
0732 ESTADISTICA 1,Clase normal,G,HÍBRIDA,HIBR,VIRTUAL,13:10,14:00,"['X', 'X', 'X', 'X', None, None, None]",ALBA MARITZA GUERRERO SPINOLA,YERVIS MAURICIO LÓPEZ ESTRADA,Sin restricciones,790,840,0732,ESTADISTICA 1,"['Lunes', 'Martes', 'Miercoles', 'Jueves']"
0732 ESTADISTICA 1,Clase normal,N,HÍBRIDA,HIBR,VIRTUAL,17:20,18:10,"['X', 'X', 'X', 'X', None, None, None]",KAREN LUCRECIA HURTARTE PINEDA,MISHELLE ESTEFANNY CARDONA HERNANDEZ,Sin restricciones,1040,1090,0732,ESTADISTICA 1,"['Lunes', 'Martes', 'Miercoles', 'Jueves']"
0732 ESTADISTICA 1,Clase normal,P,PRESENCIAL,T-3,412,15:40,16:30,"['X', 'X', 'X', 'X', None, None, None]",LUIS MANFREDO REYES CHAVEZ,JOSUE DAVID SOTOY JULAJUJ,Sin restricciones,940,990,0732,ESTADISTICA 1,"['Lunes', 'Martes', 'Miercoles', 'Jueves']"
0732 ESTADISTICA 1,Clase normal,Q,PRESENCIAL,T-3,407,14:50,15:40,"['X', 'X', 'X', 'X', None, None, None]",LUIS MANFREDO REYES CHAVEZ,JOSUE DAVID SOTOY JULAJUJ,Sin restricciones,890,940,0732,ESTADISTICA 1,"['Lunes', 'Martes', 'Miercoles', 'Jueves']"
0732 ESTADISTICA 1,Clase normal,R,HÍBRIDA,HIBR,VIRTUAL,18:10,19:00,"['X', 'X', 'X', 'X', None, None, None]",JONATHAN EFREN ALVAREZ CACACHO,MISHELLE ESTEFANNY CARDONA HERNANDEZ,Sin restricciones,1090,1140,0732,ESTADISTICA 1,"['Lunes', 'Martes', 'Miercoles', 'Jueves']"
0732 ESTADISTICA 1,Clase normal,S,HÍBRIDA,HIBR,VIRTUAL,19:00,19:50,"['X', 'X', 'X', 'X', None, None, None]",KAREN LUCRECIA HURTARTE PINEDA,VICTOR RONALDO GÓMEZ LARA,Sin restricciones,1140,1190,0732,ESTADISTICA 1,"['Lunes', 'Martes', 'Miercoles', 'Jueves']"
0732 ESTADISTICA 1,practica,A,HÍBRIDA,HIBR,VIRTUAL,07:10,08:00,"[None, None, None, None, 'X', None, None]",YERVIS MAURICIO LÓPEZ ESTRADA,SIN AUXILIAR,Sin restricciones,430,480,0732,ESTADISTICA 1,['Viernes']
0732 ESTADISTICA 1,practica,B+,HÍBRIDA,HIBR,VIRTUAL,08:00,08:50,"[None, None, None, None, 'X', None, None]",ASTRID SARAÍ CHOXÍN SAMAYOA,SIN AUXILIAR,Sin restricciones,480,530,0732,ESTADISTICA 1,['Viernes']
0732 ESTADISTICA 1,practica,B-,HÍBRIDA,HIBR,VIRTUAL,08:00,08:50,"[None, None, None, None, 'X', None, None]",JACQUELIN ANDREA GARCÍA FLORES,SIN AUXILIAR,Sin restricciones,480,530,0732,ESTADISTICA 1,['Viernes']
0732 ESTADISTICA 1,practica,D,PRESENCIAL,T-3,114,07:10,08:00,"[None, None, None, None, 'X', None, None]",MARIA JOSE VEGA ORTEGA,SIN AUXILIAR,Sin restricciones,430,480,0732,ESTADISTICA 1,['Viernes']
0732 ESTADISTICA 1,practica,E,HÍBRIDA,HIBR,VIRTUAL,11:30,12:20,"[None, None, None, None, 'X', None, None]",YERVIS MAURICIO LÓPEZ ESTRADA,SIN AUXILIAR,Sin restricciones,690,740,0732,ESTADISTICA 1,['Viernes']
0732 ESTADISTICA 1,practica,F,HÍBRIDA,HIBR,VIRTUAL,10:40,11:30,"[None, None, None, None, 'X', None, None]",JACQUELIN ANDREA GARCÍA FLORES,SIN AUXILIAR,Sin restricciones,640,690,0732,ESTADISTICA 1,['Viernes']
0732 ESTADISTICA 1,practica,G,HÍBRIDA,HIBR,VIRTUAL,13:10,14:00,"[None, None, None, None, 'X', None, None]",YERVIS MAURICIO LÓPEZ ESTRADA,SIN AUXILIAR,Sin restricciones,790,840,0732,ESTADISTICA 1,['Viernes']
0732 ESTADISTICA 1,practica,N,HÍBRIDA,HIBR,VIRTUAL,17:20,18:10,"[None, None, None, None, 'X', None, None]",MISHELLE ESTEFANNY CARDONA HERNANDEZ,SIN AUXILIAR,Sin restricciones,1040,1090,0732,ESTADISTICA 1,['Viernes']
0732 ESTADISTICA 1,practica,P,PRESENCIAL,T-3,412,15:40,16:30,"[None, None, None, None, 'X', None, None]",JOSUE DAVID SOTOY JULAJUJ,SIN AUXILIAR,Sin restricciones,940,990,0732,ESTADISTICA 1,['Viernes']
0732 ESTADISTICA 1,practica,Q,PRESENCIAL,T-3,407,14:50,15:40,"[None, None, None, None, 'X', None, None]",JOSUE DAVID SOTOY JULAJUJ,SIN AUXILIAR,Sin restricciones,890,940,0732,ESTADISTICA 1,['Viernes']
0732 ESTADISTICA 1,practica,R,HÍBRIDA,HIBR,VIRTUAL,18:10,19:00,"[None, None, None, None, 'X', None, None]",MISHELLE ESTEFANNY CARDONA HERNANDEZ,SIN AUXILIAR,Sin restricciones,1090,1140,0732,ESTADISTICA 1,['Viernes']
0732 ESTADISTICA 1,practica,S,HÍBRIDA,HIBR,VIRTUAL,19:00,19:50,"[None, None, None, None, 'X', None, None]",VICTOR RONALDO GÓMEZ LARA,SIN AUXILIAR,Sin restricciones,1140,1190,0732,ESTADISTICA 1,['Viernes']
0734 ESTADISTICA 2,Clase normal,A,PRESENCIAL,T-3,212,08:00,08:50,"['X', 'X', 'X', 'X', None, None, None]",MAYRA VIRGINIA CARVAJAL CASTILLO,MARIA JOSE VEGA ORTEGA,Sin restricciones,480,530,0734,ESTADISTICA 2,"['Lunes', 'Martes', 'Miercoles', 'Jueves']"
0734 ESTADISTICA 2,Clase normal,B,HÍBRIDA,HIBR,VIRTUAL,09:00,09:50,"['X', 'X', 'X', 'X', None, None, None]",EDWIN ADALBERTO BRACAMONTE OROZCO,MARIA JOSE VEGA ORTEGA,Sin restricciones,540,590,0734,ESTADISTICA 2,"['Lunes', 'Martes', 'Miercoles', 'Jueves']"
0734 ESTADISTICA 2,Clase normal,N,VIRTUAL,MEET,VIRTUAL,14:50,15:40,"['X', 'X', 'X', 'X', None, None, None]",LADY MARIEBELIA ELIAS ESTRADA,MARCO ANTONIO TAX ALVAREZ,Sin restricciones,890,940,0734,ESTADISTICA 2,"['Lunes', 'Martes', 'Miercoles', 'Jueves']"
0734 ESTADISTICA 2,Clase normal,P,VIRTUAL,MEET,VIRTUAL,16:30,17:20,"['X', 'X', None, 'X', 'X', None, None]",MARIA EUGENIA AGUILAR BOBADILLA,YERVIS MAURICIO LÓPEZ ESTRADA,Sin restricciones,990,1040,0734,ESTADISTICA 2,"['Lunes', 'Martes', 'Jueves', 'Viernes']"
0734 ESTADISTICA 2,Clase normal,Q,VIRTUAL,MEET,VIRTUAL,17:20,18:10,"['X', 'X', None, 'X', 'X', None, None]",MARIA EUGENIA AGUILAR BOBADILLA,YERVIS MAURICIO LÓPEZ ESTRADA,Sin restricciones,1040,1090,0734,ESTADISTICA 2,"['Lunes', 'Martes', 'Jueves', 'Viernes']"
0734 ESTADISTICA 2,Clase normal,R,VIRTUAL,MEET,VIRTUAL,19:00,19:50,"['X', 'X', 'X', 'X', None, None, None]",JONATHAN EFREN ALVAREZ CACACHO,YERVIS MAURICIO LÓPEZ ESTRADA,Sin restricciones,1140,1190,0734,ESTADISTICA 2,"['Lunes', 'Martes', 'Miercoles', 'Jueves']"
0734 ESTADISTICA 2,practica,A,PRESENCIAL,T-3,212,08:00,08:50,"[None, None, None, None, 'X', None, None]",MARIA JOSE VEGA ORTEGA,SIN AUXILIAR,Sin restricciones,480,530,0734,ESTADISTICA 2,['Viernes']
0734 ESTADISTICA 2,practica,B,HÍBRIDA,HIBR,VIRTUAL,09:00,09:50,"[None, None, None, None, 'X', None, None]",MARIA JOSE VEGA ORTEGA,SIN AUXILIAR,Sin restricciones,540,590,0734,ESTADISTICA 2,['Viernes']
0734 ESTADISTICA 2,practica,N,HÍBRIDA,HIBR,VIRTUAL,14:50,15:40,"[None, None, None, None, 'X', None, None]",MARCO ANTONIO TAX ALVAREZ,SIN AUXILIAR,Sin restricciones,890,940,0734,ESTADISTICA 2,['Viernes']
0734 ESTADISTICA 2,practica,P,VIRTUAL,MEET,VIRTUAL,16:30,17:20,"[None, None, 'X', None, None, None, None]",YERVIS MAURICIO LÓPEZ ESTRADA,SIN AUXILIAR,Sin restricciones,990,1040,0734,ESTADISTICA 2,['Miercoles']
0734 ESTADISTICA 2,practica,Q,VIRTUAL,MEET,VIRTUAL,17:20,18:10,"[None, None, 'X', None, None, None, None]",YERVIS MAURICIO LÓPEZ ESTRADA,SIN AUXILIAR,Sin restricciones,1040,1090,0734,ESTADISTICA 2,['Miercoles']
0734 ESTADISTICA 2,practica,R,VIRTUAL,MEET,VIRTUAL,19:00,19:50,"[None, None, None, None, 'X', None, None]",YERVIS MAURICIO LÓPEZ ESTRADA,SIN AUXILIAR,Sin restricciones,1140,1190,0734,ESTADISTICA 2,['Viernes']
0736 ANALISIS PROBABILISTICO,Clase normal,A,VIRTUAL,MEET,VIRTUAL,09:50,10:40,"['X', 'X', 'X', 'X', None, None, None]",LADY MARIEBELIA ELIAS ESTRADA,ASTRID SARAÍ CHOXÍN SAMAYOA,Sin restricciones,590,640,0736,ANALISIS PROBABILISTICO,"['Lunes', 'Martes', 'Miercoles', 'Jueves']"
0736 ANALISIS PROBABILISTICO,Clase normal,N,VIRTUAL,MEET,VIRTUAL,15:40,16:30,"['X', 'X', None, 'X', 'X', None, None]",MARIA EUGENIA AGUILAR BOBADILLA,VICTOR RONALDO GÓMEZ LARA,Sin restricciones,940,990,0736,ANALISIS PROBABILISTICO,"['Lunes', 'Martes', 'Jueves', 'Viernes']"
0736 ANALISIS PROBABILISTICO,practica,A,VIRTUAL,MEET,VIRTUAL,09:50,10:40,"[None, None, None, None, 'X', None, None]",ASTRID SARAÍ CHOXÍN SAMAYOA,SIN AUXILIAR,Sin restricciones,590,640,0736,ANALISIS PROBABILISTICO,['Viernes']
0736 ANALISIS PROBABILISTICO,practica,N,VIRTUAL,MEET,VIRTUAL,15:40,16:30,"[None, None, 'X', None, None, None, None]",VICTOR RONALDO GÓMEZ LARA,SIN AUXILIAR,Sin restricciones,940,990,0736,ANALISIS PROBABILISTICO,['Miercoles']
0768 INTRODUCCION A LOS ALGORITMOS Y FLUJO DE DATOS,Clase normal,A,PRESENCIAL,0000,00000000,07:10,08:50,"[None, 'X', None, 'X', None, None, None]",EDGAR FRANCISCO RODAS ROBLEDO,SIN AUXILIAR,Sin restricciones,430,530,0768,INTRODUCCION A LOS ALGORITMOS Y FLUJO DE DATOS,"['Martes', 'Jueves']"
0768 INTRODUCCION A LOS ALGORITMOS Y FLUJO DE DATOS,Clase normal,B,PRESENCIAL,T-3,402,07:10,08:50,"['X', None, 'X', None, None, None, None]",HERMAN IGOR VELIZ LINARES,LUIS FERNANDO FALLA GUZMÁN,Sin restricciones,430,530,0768,INTRODUCCION A LOS ALGORITMOS Y FLUJO DE DATOS,"['Lunes', 'Miercoles']"
0768 INTRODUCCION A LOS ALGORITMOS Y FLUJO DE DATOS,Clase normal,C,PRESENCIAL,T-3,401,07:10,10:40,"[None, None, None, None, 'X', None, None]",HERMAN IGOR VELIZ LINARES,TOBÍAS FRANCISCO ZAMORA SANTOS,Sin restricciones,430,640,0768,INTRODUCCION A LOS ALGORITMOS Y FLUJO DE DATOS,['Viernes']
0768 INTRODUCCION A LOS ALGORITMOS Y FLUJO DE DATOS,laboratorio,A,PRESENCIAL,0000,00000000,10:30,12:10,"[None, None, None, None, None, 'X', None]",--,SIN AUXILIAR,Sin restricciones,630,730,0768,INTRODUCCION A LOS ALGORITMOS Y FLUJO DE DATOS,['Sabado']
0768 INTRODUCCION A LOS ALGORITMOS Y FLUJO DE DATOS,laboratorio,B,PRESENCIAL,T-3,305,10:30,12:10,"[None, None, None, None, None, 'X', None]",LUIS FERNANDO FALLA GUZMÁN,SIN AUXILIAR,Sin restricciones,630,730,0768,INTRODUCCION A LOS ALGORITMOS Y FLUJO DE DATOS,['Sabado']
0768 INTRODUCCION A LOS ALGORITMOS Y FLUJO DE DATOS,laboratorio,C,PRESENCIAL,T-3,401,10:30,12:10,"[None, None, None, None, None, 'X', None]",TOBÍAS FRANCISCO ZAMORA SANTOS,SIN AUXILIAR,Sin restricciones,630,730,0768,INTRODUCCION A LOS ALGORITMOS Y FLUJO DE DATOS,['Sabado']
0769 INTRODUCCION A LA PROGRAMACION DE COMPUTADORAS,Clase normal,N,HÍBRIDA,HIBR,VIRTUAL,14:50,15:40,"['X', None, 'X', None, 'X', None, None]",JOSE ANIBAL SILVA DE LOS ANGELES,SIN AUXILIAR,Sin restricciones,890,940,0769,INTRODUCCION A LA PROGRAMACION DE COMPUTADORAS,"['Lunes', 'Miercoles', 'Viernes']"
0769 INTRODUCCION A LA PROGRAMACION DE COMPUTADORAS,Clase normal,O,HÍBRIDA,HIBR,VIRTUAL,14:50,15:40,"[None, None, 'X', None, None, None, None]",SERGIO LEONEL GOMEZ BRAVO,SIN AUXILIAR,Sin restricciones,890,940,0769,INTRODUCCION A LA PROGRAMACION DE COMPUTADORAS,['Miercoles']
0769 INTRODUCCION A LA PROGRAMACION DE COMPUTADORAS,Clase normal,O,HÍBRIDA,HIBR,VIRTUAL,14:50,16:30,"['X', None, None, None, None, None, None]",SERGIO LEONEL GOMEZ BRAVO,SIN AUXILIAR,Sin restricciones,890,990,0769,INTRODUCCION A LA PROGRAMACION DE COMPUTADORAS,['Lunes']
0769 INTRODUCCION A LA PROGRAMACION DE COMPUTADORAS,Clase normal,P,HÍBRIDA,HIBR,VIRTUAL,19:00,19:50,"[None, 'X', None, None, None, None, None]",EDGAR FRANCISCO RODAS ROBLEDO,SIN AUXILIAR,Sin restricciones,1140,1190,0769,INTRODUCCION A LA PROGRAMACION DE COMPUTADORAS,['Martes']
0769 INTRODUCCION A LA PROGRAMACION DE COMPUTADORAS,Clase normal,P,HÍBRIDA,HIBR,VIRTUAL,19:00,20:40,"[None, None, None, 'X', None, None, None]",EDGAR FRANCISCO RODAS ROBLEDO,SIN AUXILIAR,Sin restricciones,1140,1240,0769,INTRODUCCION A LA PROGRAMACION DE COMPUTADORAS,['Jueves']
0770 INTRODUCCION A LA PROGRAMACION Y COMPUTACION 1,Clase normal,A,PRESENCIAL,T-3,114,07:10,10:30,"[None, None, None, None, None, 'X', None]",MARLON FRANCISCO ORELLANA LOPEZ,DIEGO ABRAHAM ROBLES MEZA,Sin restricciones,430,630,0770,INTRODUCCION A LA PROGRAMACION Y COMPUTACION 1,['Sabado']
0770 INTRODUCCION A LA PROGRAMACION Y COMPUTACION 1,Clase normal,B,PRESENCIAL,T-3,309,07:10,08:50,"[None, 'X', None, 'X', None, None, None]",WILLIAM ESTUARDO ESCOBAR ARGUETA,FERNANDO JOSE VICENTE VELASQUEZ,Sin restricciones,430,530,0770,INTRODUCCION A LA PROGRAMACION Y COMPUTACION 1,"['Martes', 'Jueves']"
0770 INTRODUCCION A LA PROGRAMACION Y COMPUTACION 1,Clase normal,C,PRESENCIAL,T-1,L-II-1,07:10,08:50,"[None, 'X', None, 'X', None, None, None]",MOISES EDUARDO VELASQUEZ OLIVA,PABLO JOSÉ OLIVA BONILLA,Sin restricciones,430,530,0770,INTRODUCCION A LA PROGRAMACION Y COMPUTACION 1,"['Martes', 'Jueves']"
0770 INTRODUCCION A LA PROGRAMACION Y COMPUTACION 1,Clase normal,D,PRESENCIAL,T-7,202,07:10,08:50,"[None, 'X', None, 'X', None, None, None]",HERMAN IGOR VELIZ LINARES,ERICK DANIEL PORÓN MUÑOZ,Sin restricciones,430,530,0770,INTRODUCCION A LA PROGRAMACION Y COMPUTACION 1,"['Martes', 'Jueves']"
0770 INTRODUCCION A LA PROGRAMACION Y COMPUTACION 1,Clase normal,E,PRESENCIAL,T-3,316,07:10,08:50,"[None, 'X', None, 'X', None, None, None]",NEFTALI DE JESUS CALDERON MENDEZ,EDUARDO ISAÍ AJSIVINAC XICO,Sin restricciones,430,530,0770,INTRODUCCION A LA PROGRAMACION Y COMPUTACION 1,"['Martes', 'Jueves']"
0770 INTRODUCCION A LA PROGRAMACION Y COMPUTACION 1,Clase normal,F,PRESENCIAL,T-3,410,11:30,13:10,"['X', None, 'X', None, None, None, None]",WILLIAM ESTUARDO ESCOBAR ARGUETA,JOSÉ LEONEL LÓPEZ AJVIX,Sin restricciones,690,790,0770,INTRODUCCION A LA PROGRAMACION Y COMPUTACION 1,"['Lunes', 'Miercoles']"
0770 INTRODUCCION A LA PROGRAMACION Y COMPUTACION 1,laboratorio,A,PRESENCIAL,T-3,113,10:30,12:10,"[None, None, None, None, None, 'X', None]",DIEGO ABRAHAM ROBLES MEZA,SIN AUXILIAR,Sin restricciones,630,730,0770,INTRODUCCION A LA PROGRAMACION Y COMPUTACION 1,['Sabado']
0770 INTRODUCCION A LA PROGRAMACION Y COMPUTACION 1,laboratorio,B,PRESENCIAL,T-3,310,10:30,12:10,"[None, None, None, None, None, 'X', None]",FERNANDO JOSE VICENTE VELASQUEZ,SIN AUXILIAR,Sin restricciones,630,730,0770,INTRODUCCION A LA PROGRAMACION Y COMPUTACION 1,['Sabado']
0770 INTRODUCCION A LA PROGRAMACION Y COMPUTACION 1,laboratorio,C,PRESENCIAL,T-3,402,10:30,12:10,"[None, None, None, None, None, 'X', None]",PABLO JOSÉ OLIVA BONILLA,SIN AUXILIAR,Sin restricciones,630,730,0770,INTRODUCCION A LA PROGRAMACION Y COMPUTACION 1,['Sabado']
0770 INTRODUCCION A LA PROGRAMACION Y COMPUTACION 1,laboratorio,D,PRESENCIAL,T-3,111,10:30,12:10,"[None, None, None, None, None, 'X', None]",ERICK DANIEL PORÓN MUÑOZ,SIN AUXILIAR,Sin restricciones,630,730,0770,INTRODUCCION A LA PROGRAMACION Y COMPUTACION 1,['Sabado']
0770 INTRODUCCION A LA PROGRAMACION Y COMPUTACION 1,laboratorio,E,PRESENCIAL,T-3,114,10:30,12:10,"[None, None, None, None, None, 'X', None]",EDUARDO ISAÍ AJSIVINAC XICO,SIN AUXILIAR,Sin restricciones,630,730,0770,INTRODUCCION A LA PROGRAMACION Y COMPUTACION 1,['Sabado']
0770 INTRODUCCION A LA PROGRAMACION Y COMPUTACION 1,laboratorio,F,PRESENCIAL,T-3,311,10:30,12:10,"[None, None, None, None, None, 'X', None]",JOSÉ LEONEL LÓPEZ AJVIX,SIN AUXILIAR,Sin restricciones,630,730,0770,INTRODUCCION A LA PROGRAMACION Y COMPUTACION 1,['Sabado']
0771 INTRODUCCION A LA PROGRAMACION Y COMPUTACION 2,Clase normal,A,HÍBRIDA,HIBR,VIRTUAL,07:10,08:50,"[None, None, None, 'X', 'X', None, None]",MARLON ANTONIO PEREZ TURK,EDDY ALEJANDRO MURGA BARILLAS,Sin restricciones,430,530,0771,INTRODUCCION A LA PROGRAMACION Y COMPUTACION 2,"['Jueves', 'Viernes']"
0771 INTRODUCCION A LA PROGRAMACION Y COMPUTACION 2,Clase normal,B,HÍBRIDA,HIBR,VIRTUAL,07:10,08:50,"[None, None, None, 'X', 'X', None, None]",CLAUDIA LICETH ROJAS MORALES,DIEGO ANDRES HUITE ALVAREZ,Sin restricciones,430,530,0771,INTRODUCCION A LA PROGRAMACION Y COMPUTACION 2,"['Jueves', 'Viernes']"
0771 INTRODUCCION A LA PROGRAMACION Y COMPUTACION 2,Clase normal,C,HÍBRIDA,HIBR,VIRTUAL,07:10,08:50,"[None, None, None, 'X', 'X', None, None]",JOSE MANUEL RUIZ JUAREZ,DANIEL EDUARDO VELÁSQUEZ AVILA,Sin restricciones,430,530,0771,INTRODUCCION A LA PROGRAMACION Y COMPUTACION 2,"['Jueves', 'Viernes']"
0771 INTRODUCCION A LA PROGRAMACION Y COMPUTACION 2,Clase normal,D,HÍBRIDA,HIBR,VIRTUAL,07:10,10:30,"[None, None, None, None, None, 'X', None]",DENNIS STANLEY BARRIOS GONZALEZ,LUIS ANTONIO CASTILLO JAVIER,Sin restricciones,430,630,0771,INTRODUCCION A LA PROGRAMACION Y COMPUTACION 2,['Sabado']
0771 INTRODUCCION A LA PROGRAMACION Y COMPUTACION 2,Clase normal,N,HÍBRIDA,HIBR,VIRTUAL,17:20,19:00,"[None, None, None, 'X', 'X', None, None]",EDWIN ESTUARDO ZAPETA GOMEZ,TOBIAS RAFAEL ZAMORA SANTOS,Sin restricciones,1040,1140,0771,INTRODUCCION A LA PROGRAMACION Y COMPUTACION 2,"['Jueves', 'Viernes']"
0771 INTRODUCCION A LA PROGRAMACION Y COMPUTACION 2,Clase normal,P,HÍBRIDA,HIBR,VIRTUAL,17:20,19:00,"['X', None, 'X', None, None, None, None]",FERNANDO JOSÉ PAZ GONZÁLEZ,CARLOS MANUEL LIMA Y LIMA,Sin restricciones,1040,1140,0771,INTRODUCCION A LA PROGRAMACION Y COMPUTACION 2,"['Lunes', 'Miercoles']"
0771 INTRODUCCION A LA PROGRAMACION Y COMPUTACION 2,laboratorio,A,HÍBRIDA,HIBR,VIRTUAL,17:20,19:00,"[None, 'X', None, None, None, None, None]",EDDY ALEJANDRO MURGA BARILLAS,SIN AUXILIAR,Sin restricciones,1040,1140,0771,INTRODUCCION A LA PROGRAMACION Y COMPUTACION 2,['Martes']
0771 INTRODUCCION A LA PROGRAMACION Y COMPUTACION 2,laboratorio,B,HÍBRIDA,HIBR,VIRTUAL,17:20,19:00,"[None, 'X', None, None, None, None, None]",DIEGO ANDRES HUITE ALVAREZ,SIN AUXILIAR,Sin restricciones,1040,1140,0771,INTRODUCCION A LA PROGRAMACION Y COMPUTACION 2,['Martes']
0771 INTRODUCCION A LA PROGRAMACION Y COMPUTACION 2,laboratorio,C,HÍBRIDA,HIBR,VIRTUAL,17:20,19:00,"[None, 'X', None, None, None, None, None]",DANIEL EDUARDO VELÁSQUEZ AVILA,SIN AUXILIAR,Sin restricciones,1040,1140,0771,INTRODUCCION A LA PROGRAMACION Y COMPUTACION 2,['Martes']
0771 INTRODUCCION A LA PROGRAMACION Y COMPUTACION 2,laboratorio,D,HÍBRIDA,HIBR,VIRTUAL,17:20,19:00,"[None, 'X', None, None, None, None, None]",LUIS ANTONIO CASTILLO JAVIER,SIN AUXILIAR,Sin restricciones,1040,1140,0771,INTRODUCCION A LA PROGRAMACION Y COMPUTACION 2,['Martes']
0771 INTRODUCCION A LA PROGRAMACION Y COMPUTACION 2,laboratorio,N,HÍBRIDA,HIBR,VIRTUAL,17:20,19:00,"[None, 'X', None, None, None, None, None]",TOBIAS RAFAEL ZAMORA SANTOS,SIN AUXILIAR,Sin restricciones,1040,1140,0771,INTRODUCCION A LA PROGRAMACION Y COMPUTACION 2,['Martes']
0771 INTRODUCCION A LA PROGRAMACION Y COMPUTACION 2,laboratorio,P,HÍBRIDA,HIBR,VIRTUAL,17:20,19:00,"[None, 'X', None, None, None, None, None]",CARLOS MANUEL LIMA Y LIMA,SIN AUXILIAR,Sin restricciones,1040,1140,0771,INTRODUCCION A LA PROGRAMACION Y COMPUTACION 2,['Martes']
0772 ESTRUCTURAS DE DATOS,Clase normal,A,HÍBRIDA,HIBR,VIRTUAL,07:10,08:50,"[None, None, 'X', None, 'X', None, None]",EDGAR RENE ORNELIS HOIL,GIOVANNI SAUL CONCOHÁ CAX,Sin restricciones,430,530,0772,ESTRUCTURAS DE DATOS,"['Miercoles', 'Viernes']"
0772 ESTRUCTURAS DE DATOS,Clase normal,B,HÍBRIDA,HIBR,VIRTUAL,07:10,08:50,"[None, None, 'X', None, None, 'X', None]",ALVARO OBRAYAN HERNÁNDEZ GARCÍA,JENS JEREMY PABLO SOSOF,Sin restricciones,430,530,0772,ESTRUCTURAS DE DATOS,"['Miercoles', 'Sabado']"
0772 ESTRUCTURAS DE DATOS,Clase normal,C,HÍBRIDA,HIBR,VIRTUAL,07:10,10:40,"[None, None, None, None, 'X', None, None]",LUIS FERNANDO ESPINO BARRIOS,SERGIO SEBASTIÁN SANDOVAL RUIZ,Sin restricciones,430,640,0772,ESTRUCTURAS DE DATOS,['Viernes']
0772 ESTRUCTURAS DE DATOS,laboratorio,A,HÍBRIDA,HIBR,VIRTUAL,17:20,19:00,"[None, None, 'X', None, None, None, None]",GIOVANNI SAUL CONCOHÁ CAX,SIN AUXILIAR,Sin restricciones,1040,1140,0772,ESTRUCTURAS DE DATOS,['Miercoles']
0772 ESTRUCTURAS DE DATOS,laboratorio,B,HÍBRIDA,HIBR,VIRTUAL,17:20,19:00,"[None, None, 'X', None, None, None, None]",JENS JEREMY PABLO SOSOF,SIN AUXILIAR,Sin restricciones,1040,1140,0772,ESTRUCTURAS DE DATOS,['Miercoles']
0772 ESTRUCTURAS DE DATOS,laboratorio,C,HÍBRIDA,HIBR,VIRTUAL,17:20,19:00,"[None, None, 'X', None, None, None, None]",SERGIO SEBASTIÁN SANDOVAL RUIZ,SIN AUXILIAR,Sin restricciones,1040,1140,0772,ESTRUCTURAS DE DATOS,['Miercoles']
0773 MANEJO E IMPLEMENTACION DE ARCHIVOS,Clase normal,A,HÍBRIDA,HIBR,VIRTUAL,07:10,08:50,"[None, 'X', 'X', None, None, None, None]",JUAN ALVARO DIAZ ARDAVIN,EDGAR JOSIAS CAN AJQUEJAY,Sin restricciones,430,530,0773,MANEJO E IMPLEMENTACION DE ARCHIVOS,"['Martes', 'Miercoles']"
0773 MANEJO E IMPLEMENTACION DE ARCHIVOS,Clase normal,B,HÍBRIDA,HIBR,VIRTUAL,11:30,13:10,"[None, 'X', None, 'X', None, None, None]",WILLIAM ESTUARDO ESCOBAR ARGUETA,DANIEL EDUARDO MELLADO AYALA,Sin restricciones,690,790,0773,MANEJO E IMPLEMENTACION DE ARCHIVOS,"['Martes', 'Jueves']"
0773 MANEJO E IMPLEMENTACION DE ARCHIVOS,Clase normal,C,HÍBRIDA,HIBR,VIRTUAL,07:10,10:30,"[None, None, None, None, None, 'X', None]",OSCAR ALEJANDRO PAZ CAMPOS,KEVIN GOLWER ENRIQUE RUIZ BARBALES,Sin restricciones,430,630,0773,MANEJO E IMPLEMENTACION DE ARCHIVOS,['Sabado']
0773 MANEJO E IMPLEMENTACION DE ARCHIVOS,Clase normal,D,HÍBRIDA,HIBR,VIRTUAL,10:30,13:50,"[None, None, None, None, None, 'X', None]",JURGEN ANDONI RAMIREZ RAMÍREZ,NATALIA MARIEL CALDERÓN ECHEVERRÍA,Sin restricciones,630,830,0773,MANEJO E IMPLEMENTACION DE ARCHIVOS,['Sabado']
0773 MANEJO E IMPLEMENTACION DE ARCHIVOS,laboratorio,A,HÍBRIDA,HIBR,VIRTUAL,17:20,19:00,"['X', None, None, None, None, None, None]",EDGAR JOSIAS CAN AJQUEJAY,SIN AUXILIAR,Sin restricciones,1040,1140,0773,MANEJO E IMPLEMENTACION DE ARCHIVOS,['Lunes']
0773 MANEJO E IMPLEMENTACION DE ARCHIVOS,laboratorio,B,HÍBRIDA,HIBR,VIRTUAL,17:20,19:00,"['X', None, None, None, None, None, None]",DANIEL EDUARDO MELLADO AYALA,SIN AUXILIAR,Sin restricciones,1040,1140,0773,MANEJO E IMPLEMENTACION DE ARCHIVOS,['Lunes']
0773 MANEJO E IMPLEMENTACION DE ARCHIVOS,laboratorio,C,HÍBRIDA,HIBR,VIRTUAL,17:20,19:00,"['X', None, None, None, None, None, None]",KEVIN GOLWER ENRIQUE RUIZ BARBALES,SIN AUXILIAR,Sin restricciones,1040,1140,0773,MANEJO E IMPLEMENTACION DE ARCHIVOS,['Lunes']
0773 MANEJO E IMPLEMENTACION DE ARCHIVOS,laboratorio,D,HÍBRIDA,HIBR,VIRTUAL,17:20,19:00,"['X', None, None, None, None, None, None]",NATALIA MARIEL CALDERÓN ECHEVERRÍA,SIN AUXILIAR,Sin restricciones,1040,1140,0773,MANEJO E IMPLEMENTACION DE ARCHIVOS,['Lunes']
0774 SISTEMAS DE BASES DE DATOS 1,Clase normal,B,HÍBRIDA,HIBR,VIRTUAL,07:10,10:40,"[None, None, 'X', None, None, None, None]",LUIS FERNANDO ESPINO BARRIOS,PAULO VLADEMÍR ARGUETA ORTEGA,Sin restricciones,430,640,0774,SISTEMAS DE BASES DE DATOS 1,['Miercoles']
0774 SISTEMAS DE BASES DE DATOS 1,Clase normal,N,HÍBRIDA,HIBR,VIRTUAL,07:10,10:30,"[None, None, None, None, None, 'X', None]",ÁLVARO GIOVANNI LONGO MORALES,HEINZ RICARDO GOMEZ GALINDO,Sin restricciones,430,630,0774,SISTEMAS DE BASES DE DATOS 1,['Sabado']
0774 SISTEMAS DE BASES DE DATOS 1,laboratorio,B,HÍBRIDA,HIBR,VIRTUAL,17:20,19:00,"[None, None, None, None, 'X', None, None]",PAULO VLADEMÍR ARGUETA ORTEGA,SIN AUXILIAR,Sin restricciones,1040,1140,0774,SISTEMAS DE BASES DE DATOS 1,['Viernes']
0774 SISTEMAS DE BASES DE DATOS 1,laboratorio,N,HÍBRIDA,HIBR,VIRTUAL,17:20,19:00,"[None, None, None, None, 'X', None, None]",HEINZ RICARDO GOMEZ GALINDO,SIN AUXILIAR,Sin restricciones,1040,1140,0774,SISTEMAS DE BASES DE DATOS 1,['Viernes']
0775 SISTEMAS DE BASES DE DATOS 2,Clase normal,B,HÍBRIDA,HIBR,VIRTUAL,07:10,08:50,"[None, None, 'X', None, None, 'X', None]",LUIS ALBERTO ARIAS SOLÓRZANO,OTTO ROMAN OLIVAREZ CRUZ,Sin restricciones,430,530,0775,SISTEMAS DE BASES DE DATOS 2,"['Miercoles', 'Sabado']"
0775 SISTEMAS DE BASES DE DATOS 2,Clase normal,N,HÍBRIDA,HIBR,VIRTUAL,19:00,20:40,"['X', None, 'X', None, None, None, None]",OTTO AMILCAR RODRIGUEZ ACOSTA,SIN AUXILIAR,Sin restricciones,1140,1240,0775,SISTEMAS DE BASES DE DATOS 2,"['Lunes', 'Miercoles']"
0775 SISTEMAS DE BASES DE DATOS 2,laboratorio,B,HÍBRIDA,HIBR,VIRTUAL,17:20,19:00,"[None, None, 'X', None, None, None, None]",OTTO ROMAN OLIVAREZ CRUZ,SIN AUXILIAR,Sin restricciones,1040,1140,0775,SISTEMAS DE BASES DE DATOS 2,['Miercoles']
0777 ORGANIZACION DE LENGUAJES Y COMPILADORES 1,Clase normal,B,VIRTUAL,MEET,VIRTUAL,07:10,08:50,"[None, 'X', None, 'X', None, None, None]",MANUEL HAROLDO CASTILLO REYNA,FERNANDO MISAEL MORALES ORTIZ,Sin restricciones,430,530,0777,ORGANIZACION DE LENGUAJES Y COMPILADORES 1,"['Martes', 'Jueves']"
0777 ORGANIZACION DE LENGUAJES Y COMPILADORES 1,Clase normal,C,VIRTUAL,MEET,VIRTUAL,07:10,08:50,"[None, 'X', None, 'X', None, None, None]",KEVIN ADIEL LAJPOP AJPACAJA,JOHNNY WHILLMAN ALDANA OSORIO,Sin restricciones,430,530,0777,ORGANIZACION DE LENGUAJES Y COMPILADORES 1,"['Martes', 'Jueves']"
0777 ORGANIZACION DE LENGUAJES Y COMPILADORES 1,Clase normal,N,VIRTUAL,MEET,VIRTUAL,17:20,19:00,"[None, 'X', None, 'X', None, None, None]",MARIO JOSE BAUTISTA FUENTES,LUIS EDUARDO MONROY PÉREZ,Sin restricciones,1040,1140,0777,ORGANIZACION DE LENGUAJES Y COMPILADORES 1,"['Martes', 'Jueves']"
0777 ORGANIZACION DE LENGUAJES Y COMPILADORES 1,laboratorio,B,HÍBRIDA,HIBR,VIRTUAL,17:20,19:00,"['X', None, None, None, None, None, None]",FERNANDO MISAEL MORALES ORTIZ,SIN AUXILIAR,Sin restricciones,1040,1140,0777,ORGANIZACION DE LENGUAJES Y COMPILADORES 1,['Lunes']
0777 ORGANIZACION DE LENGUAJES Y COMPILADORES 1,laboratorio,C,HÍBRIDA,HIBR,VIRTUAL,17:20,19:00,"['X', None, None, None, None, None, None]",JOHNNY WHILLMAN ALDANA OSORIO,SIN AUXILIAR,Sin restricciones,1040,1140,0777,ORGANIZACION DE LENGUAJES Y COMPILADORES 1,['Lunes']
0777 ORGANIZACION DE LENGUAJES Y COMPILADORES 1,laboratorio,N,HÍBRIDA,HIBR,VIRTUAL,17:20,19:00,"['X', None, None, None, None, None, None]",LUIS EDUARDO MONROY PÉREZ,SIN AUXILIAR,Sin restricciones,1040,1140,0777,ORGANIZACION DE LENGUAJES Y COMPILADORES 1,['Lunes']
0778 ARQUITECTURA DE COMPUTADORES Y ENSAMBLADORES 1,Clase normal,A,PRESENCIAL,T-3,312,10:40,12:20,"[None, 'X', None, 'X', None, None, None]",OTTO RENE ESCOBAR LEIVA,JOSÉ MANUEL LÓPEZ LEMUS,Sin restricciones,640,740,0778,ARQUITECTURA DE COMPUTADORES Y ENSAMBLADORES 1,"['Martes', 'Jueves']"
0778 ARQUITECTURA DE COMPUTADORES Y ENSAMBLADORES 1,Clase normal,B,PRESENCIAL,T-3,209,07:10,10:30,"[None, None, None, None, None, 'X', None]",OTTO RENE ESCOBAR LEIVA,DIEGO JOSUE GUEVARA ABAJ,Sin restricciones,430,630,0778,ARQUITECTURA DE COMPUTADORES Y ENSAMBLADORES 1,['Sabado']
0778 ARQUITECTURA DE COMPUTADORES Y ENSAMBLADORES 1,laboratorio,A,PRESENCIAL,T-3,209,13:50,15:30,"[None, None, None, None, None, 'X', None]",JOSÉ MANUEL LÓPEZ LEMUS,SIN AUXILIAR,Sin restricciones,830,930,0778,ARQUITECTURA DE COMPUTADORES Y ENSAMBLADORES 1,['Sabado']
0778 ARQUITECTURA DE COMPUTADORES Y ENSAMBLADORES 1,laboratorio,B,PRESENCIAL,T-3,309,13:50,15:30,"[None, None, None, None, None, 'X', None]",DIEGO JOSUE GUEVARA ABAJ,SIN AUXILIAR,Sin restricciones,830,930,0778,ARQUITECTURA DE COMPUTADORES Y ENSAMBLADORES 1,['Sabado']
0779 ARQUITECTURA DE COMPUTADORES Y ENSAMBLADORES 2,Clase normal,A,PRESENCIAL,T-1,L-II-1,07:10,10:30,"[None, None, None, None, None, 'X', None]",GABRIEL ALEJANDRO DIAZ LOPEZ,LUIS EDUARDO DE LEÓN PACHECO,Sin restricciones,430,630,0779,ARQUITECTURA DE COMPUTADORES Y ENSAMBLADORES 2,['Sabado']
0779 ARQUITECTURA DE COMPUTADORES Y ENSAMBLADORES 2,Clase normal,B,PRESENCIAL,T-3,110,07:10,10:30,"[None, None, None, None, None, 'X', None]",JURGEN ANDONI RAMIREZ RAMÍREZ,LUIS CESAR LIZAMA QUIÑONEZ,Sin restricciones,430,630,0779,ARQUITECTURA DE COMPUTADORES Y ENSAMBLADORES 2,['Sabado']
0779 ARQUITECTURA DE COMPUTADORES Y ENSAMBLADORES 2,laboratorio,A,PRESENCIAL,T-3,LAB-IND2,12:10,13:50,"[None, None, None, None, None, 'X', None]",LUIS EDUARDO DE LEÓN PACHECO,SIN AUXILIAR,Sin restricciones,730,830,0779,ARQUITECTURA DE COMPUTADORES Y ENSAMBLADORES 2,['Sabado']
0779 ARQUITECTURA DE COMPUTADORES Y ENSAMBLADORES 2,laboratorio,B,PRESENCIAL,T-3,402,12:10,13:50,"[None, None, None, None, None, 'X', None]",LUIS CESAR LIZAMA QUIÑONEZ,SIN AUXILIAR,Sin restricciones,730,830,0779,ARQUITECTURA DE COMPUTADORES Y ENSAMBLADORES 2,['Sabado']
0780 SOFTWARE AVANZADO,Clase normal,A,HÍBRIDA,HIBR,VIRTUAL,07:10,08:50,"[None, 'X', None, 'X', None, None, None]",EVEREST DARWIN MEDINILLA RODRIGUEZ,JUAN PABLO SAMAYOA RUÍZ,Sin restricciones,430,530,0780,SOFTWARE AVANZADO,"['Martes', 'Jueves']"
0780 SOFTWARE AVANZADO,laboratorio,A,HÍBRIDA,HIBR,VIRTUAL,17:20,19:00,"[None, None, None, 'X', None, None, None]",JUAN PABLO SAMAYOA RUÍZ,SIN AUXILIAR,Sin restricciones,1040,1140,0780,SOFTWARE AVANZADO,['Jueves']
0781 ORGANIZACION DE LENGUAJES Y COMPILADORES 2,Clase normal,A,VIRTUAL,MEET,VIRTUAL,12:10,13:50,"[None, None, None, None, None, 'X', None]",BAYRON WOSVELY LOPEZ LOPEZ,DIEGO FELIPE CALI MORALES,Sin restricciones,730,830,0781,ORGANIZACION DE LENGUAJES Y COMPILADORES 2,['Sabado']
0781 ORGANIZACION DE LENGUAJES Y COMPILADORES 2,Clase normal,A,VIRTUAL,MEET,VIRTUAL,07:10,08:50,"['X', None, None, None, None, None, None]",BAYRON WOSVELY LOPEZ LOPEZ,DIEGO FELIPE CALI MORALES,Sin restricciones,430,530,0781,ORGANIZACION DE LENGUAJES Y COMPILADORES 2,['Lunes']
0781 ORGANIZACION DE LENGUAJES Y COMPILADORES 2,Clase normal,B,VIRTUAL,MEET,VIRTUAL,07:10,10:40,"[None, 'X', None, None, None, None, None]",LUIS FERNANDO ESPINO BARRIOS,RUBEN ALEJANDRO RALDA MEJIA,Sin restricciones,430,640,0781,ORGANIZACION DE LENGUAJES Y COMPILADORES 2,['Martes']
0781 ORGANIZACION DE LENGUAJES Y COMPILADORES 2,Clase normal,N,VIRTUAL,MEET,VIRTUAL,19:00,20:40,"[None, 'X', None, 'X', None, None, None]",EDGAR RUBEN SABAN RAXON,OMAR ALEJANDRO VIDES ESTEBAN,Sin restricciones,1140,1240,0781,ORGANIZACION DE LENGUAJES Y COMPILADORES 2,"['Martes', 'Jueves']"
0781 ORGANIZACION DE LENGUAJES Y COMPILADORES 2,laboratorio,A,HÍBRIDA,HIBR,VIRTUAL,17:20,19:00,"[None, 'X', None, None, None, None, None]",DIEGO FELIPE CALI MORALES,SIN AUXILIAR,Sin restricciones,1040,1140,0781,ORGANIZACION DE LENGUAJES Y COMPILADORES 2,['Martes']
0781 ORGANIZACION DE LENGUAJES Y COMPILADORES 2,laboratorio,B,HÍBRIDA,HIBR,VIRTUAL,17:20,19:00,"[None, 'X', None, None, None, None, None]",RUBEN ALEJANDRO RALDA MEJIA,SIN AUXILIAR,Sin restricciones,1040,1140,0781,ORGANIZACION DE LENGUAJES Y COMPILADORES 2,['Martes']
0781 ORGANIZACION DE LENGUAJES Y COMPILADORES 2,laboratorio,N,HÍBRIDA,HIBR,VIRTUAL,17:20,19:00,"[None, 'X', None, None, None, None, None]",OMAR ALEJANDRO VIDES ESTEBAN,SIN AUXILIAR,Sin restricciones,1040,1140,0781,ORGANIZACION DE LENGUAJES Y COMPILADORES 2,['Martes']
0785 ANALISIS Y DISE\O DE SISTEMAS 2,Clase normal,A,HÍBRIDA,HIBR,VIRTUAL,17:20,19:00,"['X', 'X', None, None, None, None, None]",CLAUDIA LICETH ROJAS MORALES,MYNOR FRANCISCO MORÁN GARCIA,Sin restricciones,1040,1140,0785,ANALISIS Y DISE\O DE SISTEMAS 2,"['Lunes', 'Martes']"
0785 ANALISIS Y DISE\O DE SISTEMAS 2,Clase normal,B,HÍBRIDA,HIBR,VIRTUAL,07:10,08:50,"[None, 'X', None, 'X', None, None, None]",MIRNA IVONNE ALDANA LARRAZABAL,MELYZA ALEJANDRA RODRIGUEZ CONTRERAS,Sin restricciones,430,530,0785,ANALISIS Y DISE\O DE SISTEMAS 2,"['Martes', 'Jueves']"
0785 ANALISIS Y DISE\O DE SISTEMAS 2,laboratorio,A,HÍBRIDA,HIBR,VIRTUAL,17:20,19:00,"[None, None, None, 'X', None, None, None]",MYNOR FRANCISCO MORÁN GARCIA,SIN AUXILIAR,Sin restricciones,1040,1140,0785,ANALISIS Y DISE\O DE SISTEMAS 2,['Jueves']
0785 ANALISIS Y DISE\O DE SISTEMAS 2,laboratorio,B,HÍBRIDA,HIBR,VIRTUAL,17:20,19:00,"[None, None, None, 'X', None, None, None]",MELYZA ALEJANDRA RODRIGUEZ CONTRERAS,SIN AUXILIAR,Sin restricciones,1040,1140,0785,ANALISIS Y DISE\O DE SISTEMAS 2,['Jueves']
0786 SISTEMAS ORGANIZACIONALES Y GERENCIALES 1,Clase normal,A,VIRTUAL,MEET,VIRTUAL,10:30,13:50,"[None, None, None, None, None, 'X', None]",FERNANDO JOSÉ PAZ GONZÁLEZ,KHRISTIAN MANOLO JUNIOR GARCÍA PINEDA,Sin restricciones,630,830,0786,SISTEMAS ORGANIZACIONALES Y GERENCIALES 1,['Sabado']
0786 SISTEMAS ORGANIZACIONALES Y GERENCIALES 1,Clase normal,N,VIRTUAL,MEET,VIRTUAL,19:00,20:40,"[None, 'X', None, 'X', None, None, None]",EDWIN ESTUARDO ZAPETA GOMEZ,JOSUE DANIEL SOLIS OSORIO,Sin restricciones,1140,1240,0786,SISTEMAS ORGANIZACIONALES Y GERENCIALES 1,"['Martes', 'Jueves']"
0786 SISTEMAS ORGANIZACIONALES Y GERENCIALES 1,laboratorio,A,HÍBRIDA,HIBR,VIRTUAL,19:00,20:40,"['X', None, None, None, None, None, None]",KHRISTIAN MANOLO JUNIOR GARCÍA PINEDA,SIN AUXILIAR,Sin restricciones,1140,1240,0786,SISTEMAS ORGANIZACIONALES Y GERENCIALES 1,['Lunes']
0786 SISTEMAS ORGANIZACIONALES Y GERENCIALES 1,laboratorio,N,HÍBRIDA,HIBR,VIRTUAL,19:00,20:40,"['X', None, None, None, None, None, None]",JOSUE DANIEL SOLIS OSORIO,SIN AUXILIAR,Sin restricciones,1140,1240,0786,SISTEMAS ORGANIZACIONALES Y GERENCIALES 1,['Lunes']
0787 SISTEMAS ORGANIZACIONALES Y GERENCIALES 2,Clase normal,N,VIRTUAL,MEET,VIRTUAL,19:00,20:40,"[None, 'X', None, 'X', None, None, None]",MARIO JOSE BAUTISTA FUENTES,WILLIAM ALEXANDER SANTOS COLINDRES,Sin restricciones,1140,1240,0787,SISTEMAS ORGANIZACIONALES Y GERENCIALES 2,"['Martes', 'Jueves']"
0787 SISTEMAS ORGANIZACIONALES Y GERENCIALES 2,laboratorio,N,HÍBRIDA,HIBR,VIRTUAL,17:20,19:00,"[None, 'X', None, None, None, None, None]",WILLIAM ALEXANDER SANTOS COLINDRES,SIN AUXILIAR,Sin restricciones,1040,1140,0787,SISTEMAS ORGANIZACIONALES Y GERENCIALES 2,['Martes']
0787 SISTEMAS ORGANIZACIONALES Y GERENCIALES 2,laboratorio,P,HÍBRIDA,HIBR,VIRTUAL,17:20,19:00,"[None, 'X', None, None, None, None, None]",MYNOR ISRAEL MIRANDA LÓPEZ,SIN AUXILIAR,Sin restricciones,1040,1140,0787,SISTEMAS ORGANIZACIONALES Y GERENCIALES 2,['Martes']
0795 LOGICA DE SISTEMAS,Clase normal,C,PRESENCIAL,T-3,316,12:20,14:50,"[None, None, None, 'X', None, None, None]",FLORIZA FELIPA AVILA PESQUERA DE MEDINILLA,KERVIN ADOLFO CARDONA RAMÍREZ,Sin restricciones,740,890,0795,LOGICA DE SISTEMAS,['Jueves']
0796 LENGUAJES FORMALES Y DE PROGRAMACION,Clase normal,A,HÍBRIDA,HIBR,VIRTUAL,07:10,08:50,"[None, 'X', None, None, None, None, None]",VIVIAN DAMARIS CAMPOS GONZALEZ,CARLOS JAVIER COX BAUTISTA,Sin restricciones,430,530,0796,LENGUAJES FORMALES Y DE PROGRAMACION,['Martes']
0796 LENGUAJES FORMALES Y DE PROGRAMACION,Clase normal,B+,HÍBRIDA,HIBR,VIRTUAL,07:10,08:50,"[None, 'X', None, None, None, None, None]",DAVID ESTUARDO MORALES AJCOT,KEWIN MASLOVY PATZÁN TZÚN,Ver Restricciones,430,530,0796,LENGUAJES FORMALES Y DE PROGRAMACION,['Martes']
0796 LENGUAJES FORMALES Y DE PROGRAMACION,Clase normal,B-,HÍBRIDA,HIBR,VIRTUAL,07:10,08:50,"[None, 'X', None, None, None, None, None]",ZULMA KARINA AGUIRRE ORDONEZ,RIVER ANDERSON ISMALEJ ROMAN,Ver Restricciones,430,530,0796,LENGUAJES FORMALES Y DE PROGRAMACION,['Martes']
0796 LENGUAJES FORMALES Y DE PROGRAMACION,Clase normal,N,HÍBRIDA,HIBR,VIRTUAL,17:20,19:00,"[None, 'X', None, None, None, None, None]",OTTO AMILCAR RODRIGUEZ ACOSTA,JORGE ESTUARDO PUMAY SOY,Sin restricciones,1040,1140,0796,LENGUAJES FORMALES Y DE PROGRAMACION,['Martes']
0796 LENGUAJES FORMALES Y DE PROGRAMACION,laboratorio,A,HÍBRIDA,HIBR,VIRTUAL,09:00,10:40,"[None, 'X', None, None, None, None, None]",CARLOS JAVIER COX BAUTISTA,SIN AUXILIAR,Sin restricciones,540,640,0796,LENGUAJES FORMALES Y DE PROGRAMACION,['Martes']
0796 LENGUAJES FORMALES Y DE PROGRAMACION,laboratorio,B+,HÍBRIDA,HIBR,VIRTUAL,09:00,10:40,"[None, 'X', None, None, None, None, None]",KEWIN MASLOVY PATZÁN TZÚN,SIN AUXILIAR,Ver Restricciones,540,640,0796,LENGUAJES FORMALES Y DE PROGRAMACION,['Martes']
0796 LENGUAJES FORMALES Y DE PROGRAMACION,laboratorio,B-,HÍBRIDA,HIBR,VIRTUAL,09:00,10:40,"[None, 'X', None, None, None, None, None]",RIVER ANDERSON ISMALEJ ROMAN,SIN AUXILIAR,Ver Restricciones,540,640,0796,LENGUAJES FORMALES Y DE PROGRAMACION,['Martes']
0796 LENGUAJES FORMALES Y DE PROGRAMACION,laboratorio,N,HÍBRIDA,HIBR,VIRTUAL,09:00,10:40,"[None, 'X', None, None, None, None, None]",JORGE ESTUARDO PUMAY SOY,SIN AUXILIAR,Sin restricciones,540,640,0796,LENGUAJES FORMALES Y DE PROGRAMACION,['Martes']
0797 SEMINARIO DE SISTEMAS I,Clase normal,A,VIRTUAL,MEET,VIRTUAL,07:10,08:50,"[None, None, None, None, 'X', None, None]",MANUEL FERNANDO LOPEZ FERNANDEZ,ELDER OBDULIO CALDERÓN NAVARIJO,Sin restricciones,430,530,0797,SEMINARIO DE SISTEMAS I,['Viernes']
0797 SEMINARIO DE SISTEMAS I,Clase normal,B,VIRTUAL,MEET,VIRTUAL,07:10,08:50,"[None, None, None, None, 'X', None, None]",LUDWING FEDERICO ALTAN SAC,MARCO PABLO MAZARIEGOS MACARIO,Sin restricciones,430,530,0797,SEMINARIO DE SISTEMAS I,['Viernes']
0797 SEMINARIO DE SISTEMAS I,laboratorio,A,HÍBRIDA,HIBR,VIRTUAL,19:00,20:40,"[None, 'X', None, None, None, None, None]",ELDER OBDULIO CALDERÓN NAVARIJO,SIN AUXILIAR,Sin restricciones,1140,1240,0797,SEMINARIO DE SISTEMAS I,['Martes']
0797 SEMINARIO DE SISTEMAS I,laboratorio,B,HÍBRIDA,HIBR,VIRTUAL,19:00,20:40,"[None, 'X', None, None, None, None, None]",MARCO PABLO MAZARIEGOS MACARIO,SIN AUXILIAR,Sin restricciones,1140,1240,0797,SEMINARIO DE SISTEMAS I,['Martes']
0798 SEMINARIO DE SISTEMAS 2,Clase normal,N,VIRTUAL,MEET,VIRTUAL,19:00,20:40,"['X', None, 'X', None, None, None, None]",FERNANDO JOSÉ PAZ GONZÁLEZ,GERHARD BENJAMIN ARDÓN VALDÉZ,Sin restricciones,1140,1240,0798,SEMINARIO DE SISTEMAS 2,"['Lunes', 'Miercoles']"
0798 SEMINARIO DE SISTEMAS 2,laboratorio,A,HÍBRIDA,HIBR,VIRTUAL,17:20,19:00,"[None, None, 'X', None, None, None, None]",JAVIER ANDRÉS VALDEZ GONZÁLEZ,SIN AUXILIAR,Sin restricciones,1040,1140,0798,SEMINARIO DE SISTEMAS 2,['Miercoles']
0798 SEMINARIO DE SISTEMAS 2,laboratorio,N,HÍBRIDA,HIBR,VIRTUAL,17:20,19:00,"[None, None, 'X', None, None, None, None]",GERHARD BENJAMIN ARDÓN VALDÉZ,SIN AUXILIAR,Sin restricciones,1040,1140,0798,SEMINARIO DE SISTEMAS 2,['Miercoles']
0799 SEMINARIO DE INVESTIGACION,Clase normal,A,VIRTUAL,MEET,VIRTUAL,07:10,08:50,"[None, None, 'X', None, None, None, None]",CARLOS ALFREDO AZURDIA MORALES,SIN AUXILIAR,Sin restricciones,430,530,0799,SEMINARIO DE INVESTIGACION,['Miercoles']
0799 SEMINARIO DE INVESTIGACION,Clase normal,B,VIRTUAL,MEET,VIRTUAL,07:10,08:50,"[None, None, 'X', None, None, None, None]",EDGAR ESTUARDO SANTOS SUTUJ,SIN AUXILIAR,Sin restricciones,430,530,0799,SEMINARIO DE INVESTIGACION,['Miercoles']
0799 SEMINARIO DE INVESTIGACION,Clase normal,C,VIRTUAL,MEET,VIRTUAL,07:10,08:50,"[None, None, 'X', None, None, None, None]",CARLOS GUSTAVO ALONZO,SIN AUXILIAR,Sin restricciones,430,530,0799,SEMINARIO DE INVESTIGACION,['Miercoles']
0960 MATEMATICA PARA COMPUTACION 1,Clase normal,A,PRESENCIAL,T-3,414,10:40,11:30,"['X', None, 'X', None, 'X', None, None]",CARLOS AUGUSTO MORALES SANTACRUZ,DIEGO ALESSANDRO CONSTANZA PADILLA,Sin restricciones,640,690,0960,MATEMATICA PARA COMPUTACION 1,"['Lunes', 'Miercoles', 'Viernes']"
0960 MATEMATICA PARA COMPUTACION 1,Clase normal,B,PRESENCIAL,T-3,209,13:10,14:00,"['X', None, 'X', None, 'X', None, None]",RENATO GIOVANNI PONCIANO SANDOVAL,DÁMARIS MAGALI ARCE GUZMÁN,Sin restricciones,790,840,0960,MATEMATICA PARA COMPUTACION 1,"['Lunes', 'Miercoles', 'Viernes']"
0960 MATEMATICA PARA COMPUTACION 1,Clase normal,C,PRESENCIAL,T-3,113,12:20,13:10,"['X', None, 'X', None, 'X', None, None]",CARLOS ALFREDO ANGULO HUERGO,JOSÉ DANIEL FUENTES OROZCO,Sin restricciones,740,790,0960,MATEMATICA PARA COMPUTACION 1,"['Lunes', 'Miercoles', 'Viernes']"
0960 MATEMATICA PARA COMPUTACION 1,Clase normal,D,PRESENCIAL,T-3,210,09:00,09:50,"['X', None, 'X', None, 'X', None, None]",CARLOS ALBERTO GARRIDO LOPEZ,BRAYAN ALEXANDER MEJÍA BARRIENTOS,Sin restricciones,540,590,0960,MATEMATICA PARA COMPUTACION 1,"['Lunes', 'Miercoles', 'Viernes']"
0960 MATEMATICA PARA COMPUTACION 1,Clase normal,E,PRESENCIAL,T-3,210,10:40,11:30,"['X', None, 'X', None, 'X', None, None]",CARLOS ALBERTO GARRIDO LOPEZ,ENNER ESAÍ MENDIZABAL CASTRO,Sin restricciones,640,690,0960,MATEMATICA PARA COMPUTACION 1,"['Lunes', 'Miercoles', 'Viernes']"
0960 MATEMATICA PARA COMPUTACION 1,Clase normal,N,PRESENCIAL,T-3,410,14:50,15:40,"['X', None, 'X', None, 'X', None, None]",MARIO GUSTAVO LOPEZ HERNANDEZ,DÁMARIS MAGALI ARCE GUZMÁN,Sin restricciones,890,940,0960,MATEMATICA PARA COMPUTACION 1,"['Lunes', 'Miercoles', 'Viernes']"
0962 MATEMATICA PARA COMPUTACION 2,Clase normal,A,PRESENCIAL,T-1,L-II-1,10:40,11:30,"['X', None, 'X', None, 'X', None, None]",JOSE ALFREDO GONZALEZ DIAZ,BRAYAN ALEXANDER MEJÍA BARRIENTOS,Sin restricciones,640,690,0962,MATEMATICA PARA COMPUTACION 2,"['Lunes', 'Miercoles', 'Viernes']"
0962 MATEMATICA PARA COMPUTACION 2,Clase normal,B,PRESENCIAL,T-1,L-II-1,13:10,14:00,"['X', None, 'X', None, 'X', None, None]",JOSE ALFREDO GONZALEZ DIAZ,JOSÉ DANIEL FUENTES OROZCO,Sin restricciones,790,840,0962,MATEMATICA PARA COMPUTACION 2,"['Lunes', 'Miercoles', 'Viernes']"
0962 MATEMATICA PARA COMPUTACION 2,Clase normal,C,PRESENCIAL,T-3,210,09:50,10:40,"['X', None, 'X', None, 'X', None, None]",CARLOS ALBERTO GARRIDO LOPEZ,ENNER ESAÍ MENDIZABAL CASTRO,Sin restricciones,590,640,0962,MATEMATICA PARA COMPUTACION 2,"['Lunes', 'Miercoles', 'Viernes']"
0962 MATEMATICA PARA COMPUTACION 2,Clase normal,N,PRESENCIAL,T-3,410,15:40,16:30,"['X', None, 'X', None, 'X', None, None]",MARIO GUSTAVO LOPEZ HERNANDEZ,DÁMARIS MAGALI ARCE GUZMÁN,Sin restricciones,940,990,0962,MATEMATICA PARA COMPUTACION 2,"['Lunes', 'Miercoles', 'Viernes']"
0964 ORGANIZACION COMPUTACIONAL,Clase normal,A,PRESENCIAL,T-3,316,09:00,10:40,"[None, 'X', None, 'X', None, None, None]",OTTO RENE ESCOBAR LEIVA,DILAN CONAHER SUY MIRANDA,Sin restricciones,540,640,0964,ORGANIZACION COMPUTACIONAL,"['Martes', 'Jueves']"
0964 ORGANIZACION COMPUTACIONAL,Clase normal,B,PRESENCIAL,T-3,315,12:20,14:00,"[None, 'X', None, 'X', None, None, None]",OTTO RENE ESCOBAR LEIVA,SERGIO SAUL RALDA MEJIA,Sin restricciones,740,840,0964,ORGANIZACION COMPUTACIONAL,"['Martes', 'Jueves']"
0964 ORGANIZACION COMPUTACIONAL,Clase normal,C,PRESENCIAL,T-3,210,07:10,10:30,"[None, None, None, None, None, 'X', None]",FERNANDO JOSÉ PAZ GONZÁLEZ,RONY OMAR MIGUEL LOPEZ,Sin restricciones,430,630,0964,ORGANIZACION COMPUTACIONAL,['Sabado']
0964 ORGANIZACION COMPUTACIONAL,laboratorio,A,PRESENCIAL,T-3,310,07:10,08:50,"[None, None, None, None, None, 'X', None]",DILAN CONAHER SUY MIRANDA,SIN AUXILIAR,Sin restricciones,430,530,0964,ORGANIZACION COMPUTACIONAL,['Sabado']
0964 ORGANIZACION COMPUTACIONAL,laboratorio,B,PRESENCIAL,T-3,311,07:10,08:50,"[None, None, None, None, None, 'X', None]",SERGIO SAUL RALDA MEJIA,SIN AUXILIAR,Sin restricciones,430,530,0964,ORGANIZACION COMPUTACIONAL,['Sabado']
0964 ORGANIZACION COMPUTACIONAL,laboratorio,C,PRESENCIAL,T-3,410,10:30,12:10,"[None, None, None, None, None, 'X', None]",RONY OMAR MIGUEL LOPEZ,SIN AUXILIAR,Sin restricciones,630,730,0964,ORGANIZACION COMPUTACIONAL,['Sabado']
0968 INTELIGENCIA ARTIFICIAL 2,Clase normal,B,VIRTUAL,MEET,VIRTUAL,10:40,12:20,"['X', None, 'X', None, None, None, None]",FREIRY JAVIER GRAMAJO LOPEZ,SIN AUXILIAR,Sin restricciones,640,740,0968,INTELIGENCIA ARTIFICIAL 2,"['Lunes', 'Miercoles']"
0969 TELECOMUNICACIONES Y REDES LOCALES,Clase normal,N,HÍBRIDA,HIBR,VIRTUAL,19:00,19:50,"[None, 'X', None, None, None, None, None]",JOSE ANIBAL SILVA DE LOS ANGELES,SIN AUXILIAR,Sin restricciones,1140,1190,0969,TELECOMUNICACIONES Y REDES LOCALES,['Martes']
0969 TELECOMUNICACIONES Y REDES LOCALES,Clase normal,N,HÍBRIDA,HIBR,VIRTUAL,19:00,20:40,"[None, None, None, 'X', None, None, None]",JOSE ANIBAL SILVA DE LOS ANGELES,SIN AUXILIAR,Sin restricciones,1140,1240,0969,TELECOMUNICACIONES Y REDES LOCALES,['Jueves']
0969 TELECOMUNICACIONES Y REDES LOCALES,laboratorio,_A,PRESENCIAL,T-1,LAB-ELEC,08:00,13:00,"[None, None, None, None, None, 'X', None]",JOSÉ RODRIGO DE LEÓN VELÁSQUEZ,SIN AUXILIAR,Sin restricciones,480,780,0969,TELECOMUNICACIONES Y REDES LOCALES,['Sabado']
0969 TELECOMUNICACIONES Y REDES LOCALES,laboratorio,_B,PRESENCIAL,T-3,314,08:00,13:00,"[None, None, None, None, None, 'X', None]",DANILO ESCOBAR CORONADO,SIN AUXILIAR,Sin restricciones,480,780,0969,TELECOMUNICACIONES Y REDES LOCALES,['Sabado']
0970 REDES DE COMPUTADORAS 1,Clase normal,A,VIRTUAL,MEET,VIRTUAL,07:10,10:40,"[None, None, None, 'X', None, None, None]",LUIS FERNANDO ESPINO BARRIOS,JOSSELINE GRISELDA MONTECINOS HERNÁNDEZ,Sin restricciones,430,640,0970,REDES DE COMPUTADORAS 1,['Jueves']
0970 REDES DE COMPUTADORAS 1,Clase normal,N,PRESENCIAL,T-3,404,14:00,17:20,"[None, None, None, None, None, 'X', None]",PEDRO PABLO HERNANDEZ RAMIREZ,CÉSAR FERNANDO SAZO QUISQUINAY,Sin restricciones,840,1040,0970,REDES DE COMPUTADORAS 1,['Sabado']
0970 REDES DE COMPUTADORAS 1,laboratorio,A,PRESENCIAL,T-3,114,13:50,15:30,"[None, None, None, None, None, 'X', None]",JOSSELINE GRISELDA MONTECINOS HERNÁNDEZ,SIN AUXILIAR,Sin restricciones,830,930,0970,REDES DE COMPUTADORAS 1,['Sabado']
0970 REDES DE COMPUTADORAS 1,laboratorio,N,PRESENCIAL,T-3,316,07:10,08:50,"[None, None, None, None, 'X', None, None]",CÉSAR FERNANDO SAZO QUISQUINAY,SIN AUXILIAR,Sin restricciones,430,530,0970,REDES DE COMPUTADORAS 1,['Viernes']
0972 INTELIGENCIA ARTIFICIAL 1,Clase normal,A,VIRTUAL,MEET,VIRTUAL,07:10,10:30,"['X', None, None, None, None, None, None]",LUIS FERNANDO ESPINO BARRIOS,ROBERTO MIGUEL GARCÍA SANTIZO,Sin restricciones,430,630,0972,INTELIGENCIA ARTIFICIAL 1,['Lunes']
0972 INTELIGENCIA ARTIFICIAL 1,Clase normal,B,VIRTUAL,MEET,VIRTUAL,07:10,10:40,"['X', None, None, None, None, None, None]",FREIRY JAVIER GRAMAJO LOPEZ,ALBERTO KANEC IXCHOP ORDOÑEZ,Sin restricciones,430,640,0972,INTELIGENCIA ARTIFICIAL 1,['Lunes']
0972 INTELIGENCIA ARTIFICIAL 1,laboratorio,A,HÍBRIDA,HIBR,VIRTUAL,19:00,20:40,"[None, None, None, None, 'X', None, None]",ROBERTO MIGUEL GARCÍA SANTIZO,SIN AUXILIAR,Sin restricciones,1140,1240,0972,INTELIGENCIA ARTIFICIAL 1,['Viernes']
0972 INTELIGENCIA ARTIFICIAL 1,laboratorio,B,HÍBRIDA,HIBR,VIRTUAL,19:00,20:40,"[None, None, None, None, 'X', None, None]",ALBERTO KANEC IXCHOP ORDOÑEZ,SIN AUXILIAR,Sin restricciones,1140,1240,0972,INTELIGENCIA ARTIFICIAL 1,['Viernes']
0975 REDES DE COMPUTADORAS 2,Clase normal,N,VIRTUAL,MEET,VIRTUAL,17:20,19:00,"[None, 'X', None, 'X', None, None, None]",ALLAN ALBERTO MORATAYA GÓMEZ,DOMINIC JUAN PABLO RUANO PEREZ,Sin restricciones,1040,1140,0975,REDES DE COMPUTADORAS 2,"['Martes', 'Jueves']"
0975 REDES DE COMPUTADORAS 2,laboratorio,N,PRESENCIAL,T-3,411,10:30,12:10,"[None, None, None, None, None, 'X', None]",DOMINIC JUAN PABLO RUANO PEREZ,SIN AUXILIAR,Sin restricciones,630,730,0975,REDES DE COMPUTADORAS 2,['Sabado']
0980 PROYECTOS DE COMPUTACION APLICADA A I.E.,Clase normal,P,HÍBRIDA,HIBR,VIRTUAL,19:50,20:40,"['X', None, 'X', None, 'X', None, None]",JOSE ANIBAL SILVA DE LOS ANGELES,SIN AUXILIAR,Sin restricciones,1190,1240,0980,PROYECTOS DE COMPUTACION APLICADA A I.E.,"['Lunes', 'Miercoles', 'Viernes']"
0991 LENGUAJES DE PROGRAMACION APLICADOS A I.E.,Clase normal,N,HÍBRIDA,HIBR,VIRTUAL,13:10,14:50,"[None, None, 'X', None, None, None, None]",SERGIO LEONEL GOMEZ BRAVO,SIN AUXILIAR,Sin restricciones,790,890,0991,LENGUAJES DE PROGRAMACION APLICADOS A I.E.,['Miercoles']
0991 LENGUAJES DE PROGRAMACION APLICADOS A I.E.,Clase normal,N,HÍBRIDA,HIBR,VIRTUAL,14:00,14:50,"['X', None, None, None, None, None, None]",SERGIO LEONEL GOMEZ BRAVO,SIN AUXILIAR,Sin restricciones,840,890,0991,LENGUAJES DE PROGRAMACION APLICADOS A I.E.,['Lunes']
0991 LENGUAJES DE PROGRAMACION APLICADOS A I.E.,Clase normal,P,HÍBRIDA,HIBR,VIRTUAL,19:00,19:50,"['X', None, 'X', None, 'X', None, None]",EDGAR FRANCISCO RODAS ROBLEDO,SIN AUXILIAR,Sin restricciones,1140,1190,0991,LENGUAJES DE PROGRAMACION APLICADOS A I.E.,"['Lunes', 'Miercoles', 'Viernes']"
0991 LENGUAJES DE PROGRAMACION APLICADOS A I.E.,Clase normal,Q,HÍBRIDA,HIBR,VIRTUAL,19:50,20:40,"['X', None, 'X', None, 'X', None, None]",WALTER JACOBO GALICIA GARCIA,SIN AUXILIAR,Sin restricciones,1190,1240,0991,LENGUAJES DE PROGRAMACION APLICADOS A I.E.,"['Lunes', 'Miercoles', 'Viernes']"
2001 PRACTICAS FINALES INGENIERIA CIVIL,Clase normal,L,PRESENCIAL,EPS,EPS-1,20:40,21:30,"['X', None, None, None, None, None, None]",CHRISTA DEL ROSARIO CLASSON REHWOLDT DE PINTO,SIN AUXILIAR,Sin restricciones,1240,1290,2001,PRACTICAS FINALES INGENIERIA CIVIL,['Lunes']
2001 PRACTICAS FINALES INGENIERIA CIVIL,Clase normal,M,PRESENCIAL,EPS,EPS-1,20:40,21:30,"[None, 'X', None, None, None, None, None]",JUAN MERCK COS,SIN AUXILIAR,Sin restricciones,1240,1290,2001,PRACTICAS FINALES INGENIERIA CIVIL,['Martes']
2001 PRACTICAS FINALES INGENIERIA CIVIL,Clase normal,O,PRESENCIAL,EPS,EPS-1,20:40,21:30,"[None, None, None, 'X', None, None, None]",MAYRA REBECA GARCIA SORIA DE SIERRA,SIN AUXILIAR,Sin restricciones,1240,1290,2001,PRACTICAS FINALES INGENIERIA CIVIL,['Jueves']
2001 PRACTICAS FINALES INGENIERIA CIVIL,Clase normal,P,PRESENCIAL,EPS,EPS-1,20:40,21:30,"[None, None, None, None, 'X', None, None]",OSCAR ARGUETA HERNANDEZ,SIN AUXILIAR,Sin restricciones,1240,1290,2001,PRACTICAS FINALES INGENIERIA CIVIL,['Viernes']
2001 PRACTICAS FINALES INGENIERIA CIVIL,Clase normal,R,PRESENCIAL,EPS,EPS-1,20:40,21:30,"['X', None, None, None, None, None, None]",SILVIO JOSE RODRIGUEZ SERRANO,SIN AUXILIAR,Sin restricciones,1240,1290,2001,PRACTICAS FINALES INGENIERIA CIVIL,['Lunes']
2002 PRACTICAS FINALES INGENIERIA QUIMICA,Clase normal,K,PRESENCIAL,EPS,EPS-1,20:40,21:30,"[None, None, None, 'X', None, None, None]",SERGIO ALEJANDRO RECINOS,SIN AUXILIAR,Sin restricciones,1240,1290,2002,PRACTICAS FINALES INGENIERIA QUIMICA,['Jueves']
2003 PRACTICAS FINALES INGENIERIA MECANICA,Clase normal,D,PRESENCIAL,EPS,EPS-1,20:40,21:30,"[None, None, None, 'X', None, None, None]",DIEGO ISRAEL NAVARRO GODINEZ,SIN AUXILIAR,Sin restricciones,1240,1290,2003,PRACTICAS FINALES INGENIERIA MECANICA,['Jueves']
2003 PRACTICAS FINALES INGENIERIA MECANICA,Clase normal,F,PRESENCIAL,EPS,EPS-1,20:40,21:30,"[None, None, 'X', None, None, None, None]",EDWIN ESTUARDO SARCEÑO ZEPEDA,SIN AUXILIAR,Sin restricciones,1240,1290,2003,PRACTICAS FINALES INGENIERIA MECANICA,['Miercoles']
2003 PRACTICAS FINALES INGENIERIA MECANICA,Clase normal,G,PRESENCIAL,EPS,EPS-1,20:40,21:30,"[None, None, None, None, 'X', None, None]",EMILIO VLADIMIR LUX MONROY,SIN AUXILIAR,Sin restricciones,1240,1290,2003,PRACTICAS FINALES INGENIERIA MECANICA,['Viernes']
2004 PRACTICAS FINALES INGENIERIA ELECTRICA,Clase normal,A,PRESENCIAL,EPS,EPS-1,20:40,21:30,"['X', None, None, None, None, None, None]",FRANCISCO JAVIER GONZALEZ LOPEZ,SIN AUXILIAR,Sin restricciones,1240,1290,2004,PRACTICAS FINALES INGENIERIA ELECTRICA,['Lunes']
2005 PRACTICAS FINALES INGENIERIA INDUSTRIAL,Clase normal,A,PRESENCIAL,EPS,EPS-1,20:40,21:30,"['X', None, None, None, None, None, None]",SIGRID ALITZA CALDERON DE LEON,SIN AUXILIAR,Sin restricciones,1240,1290,2005,PRACTICAS FINALES INGENIERIA INDUSTRIAL,['Lunes']
2005 PRACTICAS FINALES INGENIERIA INDUSTRIAL,Clase normal,B,PRESENCIAL,EPS,EPS-1,20:40,21:30,"[None, None, None, 'X', None, None, None]",NORMA ILEANA SARMIENTO ZECENA,SIN AUXILIAR,Sin restricciones,1240,1290,2005,PRACTICAS FINALES INGENIERIA INDUSTRIAL,['Jueves']
2005 PRACTICAS FINALES INGENIERIA INDUSTRIAL,Clase normal,H,PRESENCIAL,EPS,EPS-1,20:40,21:30,"[None, 'X', None, None, None, None, None]",YOCASTA IVANOBLA ORTIZ DEL CID,SIN AUXILIAR,Sin restricciones,1240,1290,2005,PRACTICAS FINALES INGENIERIA INDUSTRIAL,['Martes']
2005 PRACTICAS FINALES INGENIERIA INDUSTRIAL,Clase normal,I,PRESENCIAL,EPS,EPS-1,19:00,19:50,"['X', None, None, None, None, None, None]",VICTOR HUGO GARCIA ROQUE,SIN AUXILIAR,Sin restricciones,1140,1190,2005,PRACTICAS FINALES INGENIERIA INDUSTRIAL,['Lunes']
2005 PRACTICAS FINALES INGENIERIA INDUSTRIAL,Clase normal,J,PRESENCIAL,EPS,EPS-1,20:40,21:30,"[None, None, None, 'X', None, None, None]",SINDY MASSIEL GODINEZ BAUTISTA,SIN AUXILIAR,Sin restricciones,1240,1290,2005,PRACTICAS FINALES INGENIERIA INDUSTRIAL,['Jueves']
2005 PRACTICAS FINALES INGENIERIA INDUSTRIAL,Clase normal,S,PRESENCIAL,EPS,EPS-1,20:40,21:30,"[None, 'X', None, None, None, None, None]",ROCIO CAROLINA MEDINA GALINDO,SIN AUXILIAR,Sin restricciones,1240,1290,2005,PRACTICAS FINALES INGENIERIA INDUSTRIAL,['Martes']
2006 PRACTICAS FINALES INGENIERIA MECANICA ELECTRICA,Clase normal,A,PRESENCIAL,EPS,EPS-1,20:40,21:30,"[None, 'X', None, None, None, None, None]",FRANCISCO JAVIER GONZALEZ LOPEZ,SIN AUXILIAR,Sin restricciones,1240,1290,2006,PRACTICAS FINALES INGENIERIA MECANICA ELECTRICA,['Martes']
2007 PRACTICAS FINALES INGENIERIA MECANICA INDUSTRIAL,Clase normal,H,PRESENCIAL,EPS,EPS-1,20:40,21:30,"['X', None, None, None, None, None, None]",JAIME HUMBERTO BATTEN ESQUIVEL,SIN AUXILIAR,Sin restricciones,1240,1290,2007,PRACTICAS FINALES INGENIERIA MECANICA INDUSTRIAL,['Lunes']
2009 PRACTICAS FINALES INGENIERIA CIENCIAS Y SISTEMAS,Clase normal,C,PRESENCIAL,EPS,EPS-1,20:40,21:30,"[None, None, 'X', None, None, None, None]",FLORIZA FELIPA AVILA PESQUERA DE MEDINILLA,SIN AUXILIAR,Sin restricciones,1240,1290,2009,PRACTICAS FINALES INGENIERIA CIENCIAS Y SISTEMAS,['Miercoles']
2013 PRACTICAS FINALES INGENIERIA ELECTRONICA,Clase normal,B,PRESENCIAL,EPS,EPS-1,20:40,21:30,"[None, 'X', None, None, None, None, None]",SERGIO LEONEL GOMEZ BRAVO,SIN AUXILIAR,Sin restricciones,1240,1290,2013,PRACTICAS FINALES INGENIERIA ELECTRONICA,['Martes']
2013 PRACTICAS FINALES INGENIERIA ELECTRONICA,Clase normal,T,PRESENCIAL,EPS,EPS-1,20:40,21:30,"[None, 'X', None, None, None, None, None]",CHRISTIAN DAVID POCOL FRANCO,SIN AUXILIAR,Sin restricciones,1240,1290,2013,PRACTICAS FINALES INGENIERIA ELECTRONICA,['Martes']
2025 PRACTICAS INICIALES,Clase normal,A+,PRESENCIAL,S-12,106,09:50,11:30,"[None, None, None, 'X', None, None, None]",MAYRA REBECA GARCIA SORIA DE SIERRA,SIN AUXILIAR,Ver Restricciones,590,690,2025,PRACTICAS INICIALES,['Jueves']
2025 PRACTICAS INICIALES,Clase normal,A-,PRESENCIAL,S-12,103,09:50,11:30,"[None, None, None, 'X', None, None, None]",CHRISTA DEL ROSARIO CLASSON REHWOLDT DE PINTO,SIN AUXILIAR,Ver Restricciones,590,690,2025,PRACTICAS INICIALES,['Jueves']
2025 PRACTICAS INICIALES,Clase normal,B+,PRESENCIAL,S-12,308,09:50,11:30,"[None, None, None, 'X', None, None, None]",SIGRID ALITZA CALDERON DE LEON,SIN AUXILIAR,Ver Restricciones,590,690,2025,PRACTICAS INICIALES,['Jueves']
2025 PRACTICAS INICIALES,Clase normal,B-,PRESENCIAL,S-12,304,09:50,11:30,"[None, None, None, 'X', None, None, None]",JAIME HUMBERTO BATTEN ESQUIVEL,SIN AUXILIAR,Ver Restricciones,590,690,2025,PRACTICAS INICIALES,['Jueves']
2025 PRACTICAS INICIALES,Clase normal,C,PRESENCIAL,S-12,107,09:50,11:30,"[None, None, None, 'X', None, None, None]",FLORIZA FELIPA AVILA PESQUERA DE MEDINILLA,SIN AUXILIAR,Ver Restricciones,590,690,2025,PRACTICAS INICIALES,['Jueves']
2025 PRACTICAS INICIALES,Clase normal,D+,PRESENCIAL,S-12,309,09:50,11:30,"[None, None, None, 'X', None, None, None]",NORMA ILEANA SARMIENTO ZECENA,SIN AUXILIAR,Ver Restricciones,590,690,2025,PRACTICAS INICIALES,['Jueves']
2025 PRACTICAS INICIALES,Clase normal,D-,PRESENCIAL,S-12,104,09:50,11:30,"[None, None, None, 'X', None, None, None]",YOCASTA IVANOBLA ORTIZ DEL CID,SIN AUXILIAR,Ver Restricciones,590,690,2025,PRACTICAS INICIALES,['Jueves']
2025 PRACTICAS INICIALES,Clase normal,E,PRESENCIAL,T-1,L-II-1,09:50,11:30,"[None, None, None, 'X', None, None, None]",FRANCISCO JAVIER GONZALEZ LOPEZ,SIN AUXILIAR,Ver Restricciones,590,690,2025,PRACTICAS INICIALES,['Jueves']
2025 PRACTICAS INICIALES,Clase normal,F+,PRESENCIAL,S-12,309,10:40,12:20,"[None, None, None, 'X', None, None, None]",SERGIO LEONEL GOMEZ BRAVO,SIN AUXILIAR,Ver Restricciones,640,740,2025,PRACTICAS INICIALES,['Jueves']
2025 PRACTICAS INICIALES,Clase normal,F-,PRESENCIAL,S-12,305,10:40,12:20,"[None, None, None, 'X', None, None, None]",HERMAN IGOR VELIZ LINARES,SIN AUXILIAR,Ver Restricciones,640,740,2025,PRACTICAS INICIALES,['Jueves']
2025 PRACTICAS INICIALES,Clase normal,M,PRESENCIAL,T-3,411,13:10,14:50,"[None, None, None, 'X', None, None, None]",EDWIN ESTUARDO SARCEÑO ZEPEDA,SIN AUXILIAR,Ver Restricciones,790,890,2025,PRACTICAS INICIALES,['Jueves']
2025 PRACTICAS INICIALES,Clase normal,P,PRESENCIAL,T-3,214,10:40,12:20,"[None, None, None, 'X', None, None, None]",MANUEL ALFREDO ARRIVILLAGA OCHAETA,SIN AUXILIAR,Ver Restricciones,640,740,2025,PRACTICAS INICIALES,['Jueves']
2025 PRACTICAS INICIALES,Clase normal,Q,PRESENCIAL,T-3,305,17:20,19:00,"[None, None, None, 'X', None, None, None]",CHRISTIAN DAVID POCOL FRANCO,SIN AUXILIAR,Ver Restricciones,1040,1140,2025,PRACTICAS INICIALES,['Jueves']
2025 PRACTICAS INICIALES,Clase normal,R,PRESENCIAL,T-3,316,17:20,19:00,"[None, 'X', None, None, None, None, None]",LORENA VICTORIA PINEDA CABRERA,SIN AUXILIAR,Ver Restricciones,1040,1140,2025,PRACTICAS INICIALES,['Martes']
2025 PRACTICAS INICIALES,Clase normal,S,PRESENCIAL,T-3,213,18:10,19:50,"[None, None, None, 'X', None, None, None]",DIEGO ISRAEL NAVARRO GODINEZ,SIN AUXILIAR,Ver Restricciones,1090,1190,2025,PRACTICAS INICIALES,['Jueves']
2035 PRACTICAS FINALES INGENIERIA AMBIENTAL,Clase normal,Q,PRESENCIAL,EPS,EPS-1,20:40,21:30,"[None, None, None, None, 'X', None, None]",MANUEL ALFREDO ARRIVILLAGA OCHAETA,SIN AUXILIAR,Sin restricciones,1240,1290,2035,PRACTICAS FINALES INGENIERIA AMBIENTAL,['Viernes']
2036 PRACTICAS INTERMEDIAS,Clase normal,A+,PRESENCIAL,EPS,EPS-1,09:50,11:30,"[None, 'X', None, None, None, None, None]",OSCAR ARGUETA HERNANDEZ,SIN AUXILIAR,Ver Restricciones,590,690,2036,PRACTICAS INTERMEDIAS,['Martes']
2036 PRACTICAS INTERMEDIAS,Clase normal,A-,PRESENCIAL,T-3,212,09:50,11:30,"[None, 'X', None, None, None, None, None]",SILVIO JOSE RODRIGUEZ SERRANO,SIN AUXILIAR,Ver Restricciones,590,690,2036,PRACTICAS INTERMEDIAS,['Martes']
2036 PRACTICAS INTERMEDIAS,Clase normal,B,PRESENCIAL,S-12,307,10:40,12:20,"[None, None, 'X', None, None, None, None]",FLORIZA FELIPA AVILA PESQUERA DE MEDINILLA,SIN AUXILIAR,Ver Restricciones,640,740,2036,PRACTICAS INTERMEDIAS,['Miercoles']
2036 PRACTICAS INTERMEDIAS,Clase normal,C,VIRTUAL,MEET,VIRTUAL,09:00,10:40,"[None, 'X', None, None, None, None, None]",YOCASTA IVANOBLA ORTIZ DEL CID,SIN AUXILIAR,Ver Restricciones,540,640,2036,PRACTICAS INTERMEDIAS,['Martes']
2036 PRACTICAS INTERMEDIAS,Clase normal,D,PRESENCIAL,T-3,310,10:40,12:20,"[None, 'X', None, None, None, None, None]",SERGIO LEONEL GOMEZ BRAVO,SIN AUXILIAR,Ver Restricciones,640,740,2036,PRACTICAS INTERMEDIAS,['Martes']
2036 PRACTICAS INTERMEDIAS,Clase normal,M,PRESENCIAL,T-3,214,14:00,15:40,"[None, 'X', None, None, None, None, None]",EDWIN ESTUARDO SARCEÑO ZEPEDA,SIN AUXILIAR,Ver Restricciones,840,940,2036,PRACTICAS INTERMEDIAS,['Martes']
2036 PRACTICAS INTERMEDIAS,Clase normal,N,PRESENCIAL,T-3,212,14:00,15:40,"[None, 'X', None, None, None, None, None]",JUAN MERCK COS,SIN AUXILIAR,Ver Restricciones,840,940,2036,PRACTICAS INTERMEDIAS,['Martes']
2036 PRACTICAS INTERMEDIAS,Clase normal,P,PRESENCIAL,T-3,113,14:00,15:40,"[None, 'X', None, None, None, None, None]",MANUEL ALFREDO ARRIVILLAGA OCHAETA,SIN AUXILIAR,Ver Restricciones,840,940,2036,PRACTICAS INTERMEDIAS,['Martes']
2036 PRACTICAS INTERMEDIAS,Clase normal,Q,PRESENCIAL,T-3,305,15:40,17:20,"[None, None, None, 'X', None, None, None]",NATANAEL JONATHAN REQUENA GOMEZ,SIN AUXILIAR,Ver Restricciones,940,1040,2036,PRACTICAS INTERMEDIAS,['Jueves']
2036 PRACTICAS INTERMEDIAS,Clase normal,R,PRESENCIAL,T-3,316,17:20,19:00,"[None, None, None, 'X', None, None, None]",LORENA VICTORIA PINEDA CABRERA,SIN AUXILIAR,Ver Restricciones,1040,1140,2036,PRACTICAS INTERMEDIAS,['Jueves']
2036 PRACTICAS INTERMEDIAS,Clase normal,S,PRESENCIAL,T-3,312,18:10,19:50,"[None, 'X', None, None, None, None, None]",DIEGO ISRAEL NAVARRO GODINEZ,SIN AUXILIAR,Ver Restricciones,1090,1190,2036,PRACTICAS INTERMEDIAS,['Martes']
2036 PRACTICAS INTERMEDIAS,Clase normal,T,PRESENCIAL,T-3,113,18:10,19:50,"[None, 'X', None, None, None, None, None]",EDWIN JOSUE IXPATA REYES,SIN AUXILIAR,Ver Restricciones,1090,1190,2036,PRACTICAS INTERMEDIAS,['Martes']
3022 PSICOLOGIA INDUSTRIAL (DIPLOMADO),Clase normal,A,VIRTUAL,MEET,VIRTUAL,08:00,08:50,"[None, 'X', None, 'X', None, None, None]",OTTO LEONEL SUÁREZ MOTA,SIN AUXILIAR,Sin restricciones,480,530,3022,PSICOLOGIA INDUSTRIAL (DIPLOMADO),"['Martes', 'Jueves']"
3022 PSICOLOGIA INDUSTRIAL (DIPLOMADO),Clase normal,B,HÍBRIDA,HIBR,VIRTUAL,08:00,08:50,"[None, 'X', None, 'X', None, None, None]",MIRIAM PATRICIA RUBIO CONTRERAS DE AKU,SIN AUXILIAR,Sin restricciones,480,530,3022,PSICOLOGIA INDUSTRIAL (DIPLOMADO),"['Martes', 'Jueves']"
3022 PSICOLOGIA INDUSTRIAL (DIPLOMADO),Clase normal,D,HÍBRIDA,HIBR,VIRTUAL,09:00,09:50,"[None, 'X', None, 'X', None, None, None]",MIRIAM PATRICIA RUBIO CONTRERAS DE AKU,SIN AUXILIAR,Sin restricciones,540,590,3022,PSICOLOGIA INDUSTRIAL (DIPLOMADO),"['Martes', 'Jueves']"
3022 PSICOLOGIA INDUSTRIAL (DIPLOMADO),Clase normal,N+,PRESENCIAL,T-3,114,17:20,18:10,"[None, 'X', None, 'X', None, None, None]",ERWIN DANILO GONZALEZ TREJO,SIN AUXILIAR,Sin restricciones,1040,1090,3022,PSICOLOGIA INDUSTRIAL (DIPLOMADO),"['Martes', 'Jueves']"
3022 PSICOLOGIA INDUSTRIAL (DIPLOMADO),Clase normal,N-,PRESENCIAL,T-3,112,17:20,18:10,"[None, 'X', None, 'X', None, None, None]",KARLA LIZBETH MARTÍNEZ VARGAS,SIN AUXILIAR,Sin restricciones,1040,1090,3022,PSICOLOGIA INDUSTRIAL (DIPLOMADO),"['Martes', 'Jueves']"
3022 PSICOLOGIA INDUSTRIAL (DIPLOMADO),Clase normal,P,PRESENCIAL,T-3,112,18:10,19:00,"[None, 'X', None, 'X', None, None, None]",KARLA LIZBETH MARTÍNEZ VARGAS,SIN AUXILIAR,Sin restricciones,1090,1140,3022,PSICOLOGIA INDUSTRIAL (DIPLOMADO),"['Martes', 'Jueves']"
3116 MATEMATICA APLICADA 3 (DIPLOMADO),Clase normal,A,PRESENCIAL,T-3,113,09:00,09:50,"['X', None, 'X', None, 'X', None, None]",EDER KEITH PAZ TIGUILA,SIN AUXILIAR,Sin restricciones,540,590,3116,MATEMATICA APLICADA 3 (DIPLOMADO),"['Lunes', 'Miercoles', 'Viernes']"
3116 MATEMATICA APLICADA 3 (DIPLOMADO),Clase normal,B,PRESENCIAL,T-3,109,09:00,09:50,"['X', None, 'X', None, 'X', None, None]",RENALDO GIRON ALVARADO,SIN AUXILIAR,Sin restricciones,540,590,3116,MATEMATICA APLICADA 3 (DIPLOMADO),"['Lunes', 'Miercoles', 'Viernes']"
3116 MATEMATICA APLICADA 3 (DIPLOMADO),Clase normal,C,PRESENCIAL,T-3,105,11:30,12:20,"['X', None, 'X', None, 'X', None, None]",RENATO GIOVANNI PONCIANO SANDOVAL,SIN AUXILIAR,Sin restricciones,690,740,3116,MATEMATICA APLICADA 3 (DIPLOMADO),"['Lunes', 'Miercoles', 'Viernes']"
3116 MATEMATICA APLICADA 3 (DIPLOMADO),Clase normal,N,PRESENCIAL,T-3,109,14:00,14:50,"['X', None, 'X', None, 'X', None, None]",RENALDO GIRON ALVARADO,SIN AUXILIAR,Sin restricciones,840,890,3116,MATEMATICA APLICADA 3 (DIPLOMADO),"['Lunes', 'Miercoles', 'Viernes']"
3116 MATEMATICA APLICADA 3 (DIPLOMADO),Clase normal,P,PRESENCIAL,T-3,113,14:50,15:40,"['X', None, 'X', None, 'X', None, None]",EDER KEITH PAZ TIGUILA,SIN AUXILIAR,Sin restricciones,890,940,3116,MATEMATICA APLICADA 3 (DIPLOMADO),"['Lunes', 'Miercoles', 'Viernes']"
3116 MATEMATICA APLICADA 3 (DIPLOMADO),Clase normal,Q,PRESENCIAL,T-3,112,16:30,17:20,"['X', None, 'X', None, 'X', None, None]",CARLOS ALBERTO GARRIDO LOPEZ,SIN AUXILIAR,Sin restricciones,990,1040,3116,MATEMATICA APLICADA 3 (DIPLOMADO),"['Lunes', 'Miercoles', 'Viernes']"
3116 MATEMATICA APLICADA 3 (DIPLOMADO),Clase normal,R,PRESENCIAL,T-3,210,17:20,18:10,"['X', None, 'X', None, 'X', None, None]",MARIO GUSTAVO LOPEZ HERNANDEZ,SIN AUXILIAR,Sin restricciones,1040,1090,3116,MATEMATICA APLICADA 3 (DIPLOMADO),"['Lunes', 'Miercoles', 'Viernes']"
3118 MATEMATICA APLICADA 1 (DIPLOMADO),Clase normal,A,PRESENCIAL,T-3,113,09:50,10:40,"['X', None, 'X', None, 'X', None, None]",ERICK GEOVANI AGUSTIN MARROQUIN,SIN AUXILIAR,Sin restricciones,590,640,3118,MATEMATICA APLICADA 1 (DIPLOMADO),"['Lunes', 'Miercoles', 'Viernes']"
3118 MATEMATICA APLICADA 1 (DIPLOMADO),Clase normal,B,PRESENCIAL,T-3,109,09:50,10:40,"['X', None, 'X', None, 'X', None, None]",RENALDO GIRON ALVARADO,SIN AUXILIAR,Sin restricciones,590,640,3118,MATEMATICA APLICADA 1 (DIPLOMADO),"['Lunes', 'Miercoles', 'Viernes']"
3118 MATEMATICA APLICADA 1 (DIPLOMADO),Clase normal,C,PRESENCIAL,T-3,305,10:40,11:30,"['X', None, 'X', None, 'X', None, None]",GERSON JONATAN RAMIREZ BACH,SIN AUXILIAR,Sin restricciones,640,690,3118,MATEMATICA APLICADA 1 (DIPLOMADO),"['Lunes', 'Miercoles', 'Viernes']"
3118 MATEMATICA APLICADA 1 (DIPLOMADO),Clase normal,N,PRESENCIAL,T-3,213,16:30,17:20,"['X', None, 'X', None, 'X', None, None]",DOUGLAS KENEDY ROMAN AVILA,SIN AUXILIAR,Sin restricciones,990,1040,3118,MATEMATICA APLICADA 1 (DIPLOMADO),"['Lunes', 'Miercoles', 'Viernes']"
3118 MATEMATICA APLICADA 1 (DIPLOMADO),Clase normal,O,PRESENCIAL,T-3,402,15:40,16:30,"['X', None, 'X', None, 'X', None, None]",JUAN ORLANDO LOPEZ OROZCO,SIN AUXILIAR,Sin restricciones,940,990,3118,MATEMATICA APLICADA 1 (DIPLOMADO),"['Lunes', 'Miercoles', 'Viernes']"
3118 MATEMATICA APLICADA 1 (DIPLOMADO),Clase normal,Q,PRESENCIAL,T-3,401,18:10,19:00,"['X', None, 'X', None, 'X', None, None]",JUAN ORLANDO LOPEZ OROZCO,SIN AUXILIAR,Sin restricciones,1090,1140,3118,MATEMATICA APLICADA 1 (DIPLOMADO),"['Lunes', 'Miercoles', 'Viernes']"
3118 MATEMATICA APLICADA 1 (DIPLOMADO),Clase normal,R,PRESENCIAL,T-3,213,17:20,18:10,"['X', None, 'X', None, 'X', None, None]",DOUGLAS KENEDY ROMAN AVILA,SIN AUXILIAR,Sin restricciones,1040,1090,3118,MATEMATICA APLICADA 1 (DIPLOMADO),"['Lunes', 'Miercoles', 'Viernes']"
3120 MATEMATICA APLICADA 2 (DIPLOMADO),Clase normal,N,PRESENCIAL,T-3,312,15:40,16:30,"['X', None, 'X', None, 'X', None, None]",JOSE MARIA SAQUIMUX CANASTUJ,SIN AUXILIAR,Sin restricciones,940,990,3120,MATEMATICA APLICADA 2 (DIPLOMADO),"['Lunes', 'Miercoles', 'Viernes']"
3123 MATEMATICA APLICADA 5 (DIPLOMADO),Clase normal,A,PRESENCIAL,T-3,309,07:10,08:00,"['X', None, 'X', None, 'X', None, None]",LUIS CARLOS BOLANOS MENDEZ,SIN AUXILIAR,Sin restricciones,430,480,3123,MATEMATICA APLICADA 5 (DIPLOMADO),"['Lunes', 'Miercoles', 'Viernes']"
3123 MATEMATICA APLICADA 5 (DIPLOMADO),Clase normal,N,PRESENCIAL,T-3,312,16:30,17:20,"['X', None, 'X', None, 'X', None, None]",JOSE MARIA SAQUIMUX CANASTUJ,SIN AUXILIAR,Sin restricciones,990,1040,3123,MATEMATICA APLICADA 5 (DIPLOMADO),"['Lunes', 'Miercoles', 'Viernes']"
3606 ANALISIS DE SISTEMAS INDUSTRIALES (DIPLOMADO),Clase normal,N,PRESENCIAL,T-3,402,18:10,19:00,"['X', None, 'X', None, 'X', None, None]",JULIO OSWALDO ROJAS ARGUETA,SIN AUXILIAR,Sin restricciones,1090,1140,3606,ANALISIS DE SISTEMAS INDUSTRIALES (DIPLOMADO),"['Lunes', 'Miercoles', 'Viernes']"
3656 ADMINISTRACION DE EMPRESAS 1 (DIPLOMADO),Clase normal,A,PRESENCIAL,T-3,105,07:10,08:00,"['X', None, 'X', None, 'X', None, None]",JOSE ANTONIO CAMBARA GODOY,SIN AUXILIAR,Sin restricciones,430,480,3656,ADMINISTRACION DE EMPRESAS 1 (DIPLOMADO),"['Lunes', 'Miercoles', 'Viernes']"
3656 ADMINISTRACION DE EMPRESAS 1 (DIPLOMADO),Clase normal,O,PRESENCIAL,T-3,113,17:20,18:10,"['X', None, 'X', None, 'X', None, None]",BYRON GERARDO CHOCOOJ BARRIENTOS,SIN AUXILIAR,Sin restricciones,1040,1090,3656,ADMINISTRACION DE EMPRESAS 1 (DIPLOMADO),"['Lunes', 'Miercoles', 'Viernes']"
3656 ADMINISTRACION DE EMPRESAS 1 (DIPLOMADO),Clase normal,P,PRESENCIAL,T-3,109,19:00,19:50,"['X', None, 'X', None, 'X', None, None]",BYRON GERARDO CHOCOOJ BARRIENTOS,SIN AUXILIAR,Sin restricciones,1140,1190,3656,ADMINISTRACION DE EMPRESAS 1 (DIPLOMADO),"['Lunes', 'Miercoles', 'Viernes']"
3656 ADMINISTRACION DE EMPRESAS 1 (DIPLOMADO),Clase normal,Q,PRESENCIAL,T-3,109,19:50,20:40,"['X', None, 'X', None, 'X', None, None]",BYRON GERARDO CHOCOOJ BARRIENTOS,SIN AUXILIAR,Sin restricciones,1190,1240,3656,ADMINISTRACION DE EMPRESAS 1 (DIPLOMADO),"['Lunes', 'Miercoles', 'Viernes']"
3657 ADMINISTRACION DE EMPRESAS 2 (DIPLOMADO),Clase normal,N,PRESENCIAL,T-3,411,18:10,19:00,"[None, 'X', None, 'X', None, None, None]",ISMAEL HOMERO JEREZ GONZALEZ,SIN AUXILIAR,Sin restricciones,1090,1140,3657,ADMINISTRACION DE EMPRESAS 2 (DIPLOMADO),"['Martes', 'Jueves']"
3658 ADMINISTRACION DE PERSONAL (DIPLOMADO),Clase normal,M,HÍBRIDA,HIBR,VIRTUAL,19:00,19:50,"['X', None, 'X', None, 'X', None, None]",MIRIAM PATRICIA RUBIO CONTRERAS DE AKU,SIN AUXILIAR,Sin restricciones,1140,1190,3658,ADMINISTRACION DE PERSONAL (DIPLOMADO),"['Lunes', 'Miercoles', 'Viernes']"
3658 ADMINISTRACION DE PERSONAL (DIPLOMADO),Clase normal,N,VIRTUAL,MEET,VIRTUAL,17:20,18:10,"['X', None, 'X', None, 'X', None, None]",OTTO LEONEL SUÁREZ MOTA,SIN AUXILIAR,Sin restricciones,1040,1090,3658,ADMINISTRACION DE PERSONAL (DIPLOMADO),"['Lunes', 'Miercoles', 'Viernes']"
3658 ADMINISTRACION DE PERSONAL (DIPLOMADO),Clase normal,P,VIRTUAL,MEET,VIRTUAL,18:10,19:00,"['X', None, 'X', None, 'X', None, None]",OTTO LEONEL SUÁREZ MOTA,SIN AUXILIAR,Sin restricciones,1090,1140,3658,ADMINISTRACION DE PERSONAL (DIPLOMADO),"['Lunes', 'Miercoles', 'Viernes']"
3658 ADMINISTRACION DE PERSONAL (DIPLOMADO),Clase normal,S,PRESENCIAL,T-3,305,19:50,20:40,"['X', None, 'X', None, 'X', None, None]",HUGO LEONEL ALVARADO DE LEON,SIN AUXILIAR,Sin restricciones,1190,1240,3658,ADMINISTRACION DE PERSONAL (DIPLOMADO),"['Lunes', 'Miercoles', 'Viernes']"
3658 ADMINISTRACION DE PERSONAL (DIPLOMADO),practica,M,PRESENCIAL,T-3,110,13:50,15:30,"[None, None, None, None, None, 'X', None]",YESSICA ROSMERY CHAMALE NIÑOS,SIN AUXILIAR,Sin restricciones,830,930,3658,ADMINISTRACION DE PERSONAL (DIPLOMADO),['Sabado']
3658 ADMINISTRACION DE PERSONAL (DIPLOMADO),practica,N,PRESENCIAL,T-3,110,15:30,17:10,"[None, None, None, None, None, 'X', None]",YESSICA ROSMERY CHAMALE NIÑOS,SIN AUXILIAR,Sin restricciones,930,1030,3658,ADMINISTRACION DE PERSONAL (DIPLOMADO),['Sabado']
3658 ADMINISTRACION DE PERSONAL (DIPLOMADO),practica,P,PRESENCIAL,T-3,110,15:30,17:10,"[None, None, None, None, None, 'X', None]",YESSICA ROSMERY CHAMALE NIÑOS,SIN AUXILIAR,Sin restricciones,930,1030,3658,ADMINISTRACION DE PERSONAL (DIPLOMADO),['Sabado']
3658 ADMINISTRACION DE PERSONAL (DIPLOMADO),practica,S,PRESENCIAL,T-3,110,13:50,15:30,"[None, None, None, None, None, 'X', None]",YESSICA ROSMERY CHAMALE NIÑOS,SIN AUXILIAR,Sin restricciones,830,930,3658,ADMINISTRACION DE PERSONAL (DIPLOMADO),['Sabado']
3662 LEGISLACION 1 (DIPLOMADO),Clase normal,A+,PRESENCIAL,T-3,215,09:00,09:50,"[None, 'X', None, 'X', None, None, None]",ELSA MARIA ALVARADO JURADO,SIN AUXILIAR,Ver Restricciones,540,590,3662,LEGISLACION 1 (DIPLOMADO),"['Martes', 'Jueves']"
3662 LEGISLACION 1 (DIPLOMADO),Clase normal,A-,PRESENCIAL,T-1,L-II-2,09:00,09:50,"[None, 'X', None, 'X', None, None, None]",OSCAR APARICIO SEGURA MONZON,SIN AUXILIAR,Sin restricciones,540,590,3662,LEGISLACION 1 (DIPLOMADO),"['Martes', 'Jueves']"
3662 LEGISLACION 1 (DIPLOMADO),Clase normal,B,PRESENCIAL,T-1,L-II-2,09:50,10:40,"[None, 'X', None, 'X', None, None, None]",OSCAR APARICIO SEGURA MONZON,SIN AUXILIAR,Sin restricciones,590,640,3662,LEGISLACION 1 (DIPLOMADO),"['Martes', 'Jueves']"
3662 LEGISLACION 1 (DIPLOMADO),Clase normal,B+,PRESENCIAL,T-3,215,09:50,10:40,"[None, 'X', None, 'X', None, None, None]",ELSA MARIA ALVARADO JURADO,SIN AUXILIAR,Ver Restricciones,590,640,3662,LEGISLACION 1 (DIPLOMADO),"['Martes', 'Jueves']"
3662 LEGISLACION 1 (DIPLOMADO),Clase normal,C,PRESENCIAL,T-3,214,09:00,09:50,"[None, 'X', None, 'X', None, None, None]",JOSE ROLANDO CHAVEZ SALAZAR,SIN AUXILIAR,Sin restricciones,540,590,3662,LEGISLACION 1 (DIPLOMADO),"['Martes', 'Jueves']"
3662 LEGISLACION 1 (DIPLOMADO),Clase normal,M+,PRESENCIAL,T-3,209,15:40,16:30,"[None, 'X', None, 'X', None, None, None]",YOCASTA IVANOBLA ORTIZ DEL CID,SIN AUXILIAR,Sin restricciones,940,990,3662,LEGISLACION 1 (DIPLOMADO),"['Martes', 'Jueves']"
3662 LEGISLACION 1 (DIPLOMADO),Clase normal,M-,PRESENCIAL,T-3,109,15:40,16:30,"[None, 'X', None, 'X', None, None, None]",NANCY MARIA GUTIERREZ SAMAYOA,SIN AUXILIAR,Sin restricciones,940,990,3662,LEGISLACION 1 (DIPLOMADO),"['Martes', 'Jueves']"
3662 LEGISLACION 1 (DIPLOMADO),Clase normal,N+,PRESENCIAL,T-3,111,18:10,19:00,"[None, 'X', None, 'X', None, None, None]",ALDO OZAETA SANTIAGO,SIN AUXILIAR,Sin restricciones,1090,1140,3662,LEGISLACION 1 (DIPLOMADO),"['Martes', 'Jueves']"
3662 LEGISLACION 1 (DIPLOMADO),Clase normal,N-,PRESENCIAL,T-3,114,18:10,19:00,"[None, 'X', None, 'X', None, None, None]",NANCY MARIA GUTIERREZ SAMAYOA,SIN AUXILIAR,Sin restricciones,1090,1140,3662,LEGISLACION 1 (DIPLOMADO),"['Martes', 'Jueves']"
3662 LEGISLACION 1 (DIPLOMADO),Clase normal,P+,PRESENCIAL,T-3,112,19:00,19:50,"[None, 'X', None, 'X', None, None, None]",KARLA LIZBETH MARTÍNEZ VARGAS,SIN AUXILIAR,Sin restricciones,1140,1190,3662,LEGISLACION 1 (DIPLOMADO),"['Martes', 'Jueves']"
3662 LEGISLACION 1 (DIPLOMADO),Clase normal,P-,PRESENCIAL,T-3,114,19:00,19:50,"[None, 'X', None, 'X', None, None, None]",ALDO OZAETA SANTIAGO,SIN AUXILIAR,Sin restricciones,1140,1190,3662,LEGISLACION 1 (DIPLOMADO),"['Martes', 'Jueves']"
3662 LEGISLACION 1 (DIPLOMADO),Clase normal,Q,PRESENCIAL,T-3,112,19:50,20:40,"[None, 'X', None, 'X', None, None, None]",KARLA LIZBETH MARTÍNEZ VARGAS,SIN AUXILIAR,Sin restricciones,1190,1240,3662,LEGISLACION 1 (DIPLOMADO),"['Martes', 'Jueves']"
3664 LEGISLACION 2 (DIPLOMADO),Clase normal,A+,PRESENCIAL,T-1,L-II-2,08:00,08:50,"[None, 'X', None, 'X', None, None, None]",OSCAR APARICIO SEGURA MONZON,SIN AUXILIAR,Sin restricciones,480,530,3664,LEGISLACION 2 (DIPLOMADO),"['Martes', 'Jueves']"
3664 LEGISLACION 2 (DIPLOMADO),Clase normal,A-,PRESENCIAL,T-3,111,08:00,08:50,"[None, 'X', None, 'X', None, None, None]",JULIO CÉSAR VILLATORO SANABRIA,SIN AUXILIAR,Sin restricciones,480,530,3664,LEGISLACION 2 (DIPLOMADO),"['Martes', 'Jueves']"
3664 LEGISLACION 2 (DIPLOMADO),Clase normal,M,PRESENCIAL,T-3,111,16:30,17:20,"[None, 'X', None, 'X', None, None, None]",NANCY MARIA GUTIERREZ SAMAYOA,SIN AUXILIAR,Sin restricciones,990,1040,3664,LEGISLACION 2 (DIPLOMADO),"['Martes', 'Jueves']"
3664 LEGISLACION 2 (DIPLOMADO),Clase normal,N+,PRESENCIAL,T-3,113,17:20,18:10,"[None, 'X', None, 'X', None, None, None]",NANCY MARIA GUTIERREZ SAMAYOA,SIN AUXILIAR,Sin restricciones,1040,1090,3664,LEGISLACION 2 (DIPLOMADO),"['Martes', 'Jueves']"
3664 LEGISLACION 2 (DIPLOMADO),Clase normal,N-,PRESENCIAL,T-3,111,17:20,18:10,"[None, 'X', None, 'X', None, None, None]",ALDO OZAETA SANTIAGO,SIN AUXILIAR,Sin restricciones,1040,1090,3664,LEGISLACION 2 (DIPLOMADO),"['Martes', 'Jueves']"
3664 LEGISLACION 2 (DIPLOMADO),Clase normal,P,PRESENCIAL,T-3,412,18:10,19:00,"[None, 'X', None, 'X', None, None, None]",ALEX EVELIO CASTAÑEDA SALAZAR,SIN AUXILIAR,Sin restricciones,1090,1140,3664,LEGISLACION 2 (DIPLOMADO),"['Martes', 'Jueves']"
3664 LEGISLACION 2 (DIPLOMADO),Clase normal,Q,PRESENCIAL,T-3,109,19:00,19:50,"[None, 'X', None, 'X', None, None, None]",NANCY MARIA GUTIERREZ SAMAYOA,SIN AUXILIAR,Sin restricciones,1140,1190,3664,LEGISLACION 2 (DIPLOMADO),"['Martes', 'Jueves']"
3664 LEGISLACION 2 (DIPLOMADO),Clase normal,R,PRESENCIAL,T-3,110,19:50,20:40,"[None, 'X', None, 'X', None, None, None]",NANCY MARIA GUTIERREZ SAMAYOA,SIN AUXILIAR,Sin restricciones,1190,1240,3664,LEGISLACION 2 (DIPLOMADO),"['Martes', 'Jueves']"
3669 ECONOMIA INDUSTRIAL (DIPLOMADO,Clase normal,N,PRESENCIAL,T-3,402,19:00,19:50,"[None, 'X', None, 'X', None, None, None]",JULIO OSWALDO ROJAS ARGUETA,SIN AUXILIAR,Sin restricciones,1140,1190,3669,ECONOMIA INDUSTRIAL (DIPLOMADO,"['Martes', 'Jueves']"
3710 PLANEAMIENTO (DIPLOMADO),Clase normal,N,HÍBRIDA,HIBR,VIRTUAL,18:10,19:00,"['X', None, 'X', None, 'X', None, None]",ALEJANDRO CASTAÑON LOPEZ,SIN AUXILIAR,Sin restricciones,1090,1140,3710,PLANEAMIENTO (DIPLOMADO),"['Lunes', 'Miercoles', 'Viernes']"
3710 PLANEAMIENTO (DIPLOMADO),Clase normal,P,HÍBRIDA,HIBR,VIRTUAL,19:50,20:40,"['X', None, 'X', None, 'X', None, None]",ALEJANDRO CASTAÑON LOPEZ,SIN AUXILIAR,Sin restricciones,1190,1240,3710,PLANEAMIENTO (DIPLOMADO),"['Lunes', 'Miercoles', 'Viernes']"
7902 SEMINARIO DE INVESTIGACION QUIMICA,Clase normal,N1,VIRTUAL,MEET,VIRTUAL,17:20,18:10,"[None, 'X', None, 'X', None, None, None]",CESAR ALFONSO GARCIA GUERRA,SIN AUXILIAR,Sin restricciones,1040,1090,7902,SEMINARIO DE INVESTIGACION QUIMICA,"['Martes', 'Jueves']"
7902 SEMINARIO DE INVESTIGACION QUIMICA,Clase normal,N2,VIRTUAL,MEET,VIRTUAL,17:20,18:10,"[None, 'X', None, 'X', None, None, None]",MARIO JOSE MERIDA MERE,SIN AUXILIAR,Sin restricciones,1040,1090,7902,SEMINARIO DE INVESTIGACION QUIMICA,"['Martes', 'Jueves']"
7902 SEMINARIO DE INVESTIGACION QUIMICA,Clase normal,N3,VIRTUAL,MEET,VIRTUAL,17:20,18:10,"[None, 'X', None, 'X', None, None, None]",EDWIN JOSÉ SARAVIA CANO,SIN AUXILIAR,Sin restricciones,1040,1090,7902,SEMINARIO DE INVESTIGACION QUIMICA,"['Martes', 'Jueves']"
7904 SEMINARIO DE INVESTIGACION ELECTRICA,Clase normal,R,HÍBRIDA,HIBR,VIRTUAL,19:00,19:50,"['X', None, 'X', None, None, None, None]",ARMANDO ALONSO RIVERA CARRILLO,SIN AUXILIAR,Sin restricciones,1140,1190,7904,SEMINARIO DE INVESTIGACION ELECTRICA,"['Lunes', 'Miercoles']"
7905 SEMINARIO DE INVESTIGACION INDUSTRIAL,Clase normal,N+,PRESENCIAL,T-3,211,14:50,15:40,"[None, 'X', None, 'X', None, None, None]",HUGO LEONEL ALVARADO DE LEON,SIN AUXILIAR,Sin restricciones,890,940,7905,SEMINARIO DE INVESTIGACION INDUSTRIAL,"['Martes', 'Jueves']"
7905 SEMINARIO DE INVESTIGACION INDUSTRIAL,Clase normal,N-,PRESENCIAL,T-3,213,14:50,15:40,"[None, 'X', None, 'X', None, None, None]",EDWIN JOSUE IXPATA REYES,SIN AUXILIAR,Sin restricciones,890,940,7905,SEMINARIO DE INVESTIGACION INDUSTRIAL,"['Martes', 'Jueves']"
7905 SEMINARIO DE INVESTIGACION INDUSTRIAL,Clase normal,O,PRESENCIAL,T-3,314,16:30,17:20,"[None, 'X', None, 'X', None, None, None]",ERWIN DANILO GONZALEZ TREJO,SIN AUXILIAR,Sin restricciones,990,1040,7905,SEMINARIO DE INVESTIGACION INDUSTRIAL,"['Martes', 'Jueves']"
7905 SEMINARIO DE INVESTIGACION INDUSTRIAL,Clase normal,P,PRESENCIAL,T-3,402,15:40,16:30,"[None, 'X', None, 'X', None, None, None]",HUGO LEONEL ALVARADO DE LEON,SIN AUXILIAR,Sin restricciones,940,990,7905,SEMINARIO DE INVESTIGACION INDUSTRIAL,"['Martes', 'Jueves']"
7905 SEMINARIO DE INVESTIGACION INDUSTRIAL,Clase normal,R,PRESENCIAL,T-1,L-II-2,18:10,19:00,"[None, 'X', None, 'X', None, None, None]",ALEX SUNTECUN CASTELLANOS,SIN AUXILIAR,Sin restricciones,1090,1140,7905,SEMINARIO DE INVESTIGACION INDUSTRIAL,"['Martes', 'Jueves']"
7905 SEMINARIO DE INVESTIGACION INDUSTRIAL,Clase normal,S,PRESENCIAL,T-1,L-II-2,19:00,19:50,"[None, 'X', None, 'X', None, None, None]",ALEX SUNTECUN CASTELLANOS,SIN AUXILIAR,Sin restricciones,1140,1190,7905,SEMINARIO DE INVESTIGACION INDUSTRIAL,"['Martes', 'Jueves']"
7905 SEMINARIO DE INVESTIGACION INDUSTRIAL,Clase normal,U,PRESENCIAL,T-1,L-II-2,19:50,20:40,"[None, 'X', None, 'X', None, None, None]",ALEX SUNTECUN CASTELLANOS,SIN AUXILIAR,Sin restricciones,1190,1240,7905,SEMINARIO DE INVESTIGACION INDUSTRIAL,"['Martes', 'Jueves']"
7905 SEMINARIO DE INVESTIGACION INDUSTRIAL,practica,N+,PRESENCIAL,T-3,216,19:00,19:50,"[None, None, None, 'X', None, None, None]",DIANA ORALIA SALGUERO ESPANA,SIN AUXILIAR,Sin restricciones,1140,1190,7905,SEMINARIO DE INVESTIGACION INDUSTRIAL,['Jueves']
7905 SEMINARIO DE INVESTIGACION INDUSTRIAL,practica,N-,PRESENCIAL,T-3,216,19:00,19:50,"[None, None, None, 'X', None, None, None]",DIANA ORALIA SALGUERO ESPANA,SIN AUXILIAR,Sin restricciones,1140,1190,7905,SEMINARIO DE INVESTIGACION INDUSTRIAL,['Jueves']
7905 SEMINARIO DE INVESTIGACION INDUSTRIAL,practica,O,PRESENCIAL,T-3,216,17:20,18:10,"[None, None, None, 'X', None, None, None]",DIANA ORALIA SALGUERO ESPANA,SIN AUXILIAR,Sin restricciones,1040,1090,7905,SEMINARIO DE INVESTIGACION INDUSTRIAL,['Jueves']
7905 SEMINARIO DE INVESTIGACION INDUSTRIAL,practica,P,PRESENCIAL,T-3,110,17:20,18:10,"[None, None, None, 'X', None, None, None]",DIANA ORALIA SALGUERO ESPANA,SIN AUXILIAR,Sin restricciones,1040,1090,7905,SEMINARIO DE INVESTIGACION INDUSTRIAL,['Jueves']
7905 SEMINARIO DE INVESTIGACION INDUSTRIAL,practica,Q,PRESENCIAL,T-3,110,18:10,19:00,"[None, None, None, 'X', None, None, None]",DIANA ORALIA SALGUERO ESPANA,SIN AUXILIAR,Sin restricciones,1090,1140,7905,SEMINARIO DE INVESTIGACION INDUSTRIAL,['Jueves']
7905 SEMINARIO DE INVESTIGACION INDUSTRIAL,practica,R,PRESENCIAL,T-3,110,19:00,19:50,"[None, None, None, 'X', None, None, None]",DIANA ORALIA SALGUERO ESPANA,SIN AUXILIAR,Sin restricciones,1140,1190,7905,SEMINARIO DE INVESTIGACION INDUSTRIAL,['Jueves']
7905 SEMINARIO DE INVESTIGACION INDUSTRIAL,practica,S,PRESENCIAL,T-3,110,18:10,19:00,"[None, None, None, 'X', None, None, None]",DIANA ORALIA SALGUERO ESPANA,SIN AUXILIAR,Sin restricciones,1090,1140,7905,SEMINARIO DE INVESTIGACION INDUSTRIAL,['Jueves']
7905 SEMINARIO DE INVESTIGACION INDUSTRIAL,practica,U,PRESENCIAL,T-3,110,19:00,19:50,"[None, None, None, 'X', None, None, None]",DIANA ORALIA SALGUERO ESPANA,SIN AUXILIAR,Sin restricciones,1140,1190,7905,SEMINARIO DE INVESTIGACION INDUSTRIAL,['Jueves']
7913 SEMINARIO DE INVESTIGACION ELECTRONICA,Clase normal,N,PRESENCIAL,T-3,216,18:10,19:00,"[None, 'X', None, 'X', None, None, None]",CARLOS EDUARDO GUZMAN SALAZAR,SIN AUXILIAR,Sin restricciones,1090,1140,7913,SEMINARIO DE INVESTIGACION ELECTRONICA,"['Martes', 'Jueves']"
7980 INVESTIGACION 1,Clase normal,N,HÍBRIDA,HIBR,VIRTUAL,19:50,20:40,"['X', None, 'X', None, 'X', None, None]",JUAN CARLOS LINARES CRUZ,SIN AUXILIAR,Sin restricciones,1190,1240,7980,INVESTIGACION 1,"['Lunes', 'Miercoles', 'Viernes']"
7981 SEMINARIO DE INVESTIGACION E.P.S. CIVIL,Clase normal,Q,PRESENCIAL,T-3,214,14:00,15:40,"['X', None, None, None, None, None, None]",MANUEL ALFREDO ARRIVILLAGA OCHAETA,SIN AUXILIAR,Sin restricciones,840,940,7981,SEMINARIO DE INVESTIGACION E.P.S. CIVIL,['Lunes']
7982 SEMINARIO DE INVESTIGACION E.P.S. QUIMICA,Clase normal,T,PRESENCIAL,T-3,216,17:20,18:10,"[None, 'X', None, None, None, None, None]",SERGIO ALEJANDRO RECINOS,SIN AUXILIAR,Sin restricciones,1040,1090,7982,SEMINARIO DE INVESTIGACION E.P.S. QUIMICA,['Martes']
7983 SEMINARIO DE INVESTIGACION E.P.S. MECANICA,Clase normal,M,PRESENCIAL,T-3,313,16:30,17:20,"['X', None, 'X', None, None, None, None]",EDWIN ESTUARDO SARCEÑO ZEPEDA,SIN AUXILIAR,Sin restricciones,990,1040,7983,SEMINARIO DE INVESTIGACION E.P.S. MECANICA,"['Lunes', 'Miercoles']"
7984 SEMINARIO DE INVESTIGACION E.P.S. ELECTRICA,Clase normal,N,PRESENCIAL,T-3,305,17:20,19:00,"['X', None, None, None, None, None, None]",CHRISTIAN DAVID POCOL FRANCO,SIN AUXILIAR,Sin restricciones,1040,1140,7984,SEMINARIO DE INVESTIGACION E.P.S. ELECTRICA,['Lunes']
7985 SEMINARIO DE INVESTIGACION E.P.S. INDUSTRIAL,Clase normal,S+,PRESENCIAL,T-3,213,15:40,17:20,"[None, 'X', None, None, None, None, None]",SINDY MASSIEL GODINEZ BAUTISTA,SIN AUXILIAR,Sin restricciones,940,1040,7985,SEMINARIO DE INVESTIGACION E.P.S. INDUSTRIAL,['Martes']
7985 SEMINARIO DE INVESTIGACION E.P.S. INDUSTRIAL,Clase normal,S-,PRESENCIAL,T-3,214,15:40,17:20,"[None, 'X', None, None, None, None, None]",ROCIO CAROLINA MEDINA GALINDO,SIN AUXILIAR,Sin restricciones,940,1040,7985,SEMINARIO DE INVESTIGACION E.P.S. INDUSTRIAL,['Martes']
7986 SEMINARIO DE INVESTIGACION E.P.S. MECANICA ELECTRICA,Clase normal,W,PRESENCIAL,T-3,314,17:20,19:00,"[None, None, 'X', None, None, None, None]",CHRISTIAN DAVID POCOL FRANCO,SIN AUXILIAR,Sin restricciones,1040,1140,7986,SEMINARIO DE INVESTIGACION E.P.S. MECANICA ELECTRICA,['Miercoles']
7987 SEMINARIO DE INVESTIGACION E.P.S. MECANICA INDUSTRIAL,Clase normal,U,PRESENCIAL,T-3,311,17:20,18:10,"[None, 'X', None, 'X', None, None, None]",DIEGO ISRAEL NAVARRO GODINEZ,SIN AUXILIAR,Sin restricciones,1040,1090,7987,SEMINARIO DE INVESTIGACION E.P.S. MECANICA INDUSTRIAL,"['Martes', 'Jueves']"
7988 SEMINARIO DE INVESTIGACION E.P.S. ELECTRONICA,Clase normal,X,PRESENCIAL,T-3,312,19:00,20:40,"[None, None, 'X', None, None, None, None]",CHRISTIAN DAVID POCOL FRANCO,SIN AUXILIAR,Sin restricciones,1140,1240,7988,SEMINARIO DE INVESTIGACION E.P.S. ELECTRONICA,['Miercoles']
7989 SEMINARIO DE INVESTIGACION E.P.S. AMBIENTAL,Clase normal,V,PRESENCIAL,T-3,412,17:20,18:10,"[None, None, None, 'X', None, None, None]",SERGIO ALEJANDRO RECINOS,SIN AUXILIAR,Sin restricciones,1040,1090,7989,SEMINARIO DE INVESTIGACION E.P.S. AMBIENTAL,['Jueves']
7991 SEMINARIO DE INVESTIGACION CIVIL,Clase normal,N,HÍBRIDA,HIBR,VIRTUAL,18:10,19:00,"[None, 'X', None, 'X', None, None, None]",JUAN CARLOS LINARES CRUZ,SIN AUXILIAR,Sin restricciones,1090,1140,7991,SEMINARIO DE INVESTIGACION CIVIL,"['Martes', 'Jueves']"
7991 SEMINARIO DE INVESTIGACION CIVIL,Clase normal,P,HÍBRIDA,HIBR,VIRTUAL,19:00,19:50,"[None, 'X', None, 'X', None, None, None]",JUAN CARLOS LINARES CRUZ,SIN AUXILIAR,Sin restricciones,1140,1190,7991,SEMINARIO DE INVESTIGACION CIVIL,"['Martes', 'Jueves']"
7993 SEMINARIO DE INVESTIGACION MECANICA,Clase normal,N,PRESENCIAL,T-7,201,15:40,16:30,"[None, 'X', None, 'X', None, None, None]",CARLOS HUMBERTO PEREZ RODRIGUEZ,SIN AUXILIAR,Sin restricciones,940,990,7993,SEMINARIO DE INVESTIGACION MECANICA,"['Martes', 'Jueves']"
7994 SEMINARIO DE INVESTIGACION MECANICA ELECTRICA,Clase normal,P,PRESENCIAL,T-3,110,19:50,20:40,"['X', None, 'X', None, None, None, None]",FRANCISCO JAVIER GONZALEZ LOPEZ,SIN AUXILIAR,Sin restricciones,1190,1240,7994,SEMINARIO DE INVESTIGACION MECANICA ELECTRICA,"['Lunes', 'Miercoles']"
7995 SEMINARIO DE INVESTIGACION MECANICA INDUSTRIAL,Clase normal,Q,PRESENCIAL,T-3,402,17:20,18:10,"[None, 'X', None, 'X', None, None, None]",EDWIN JOSUE IXPATA REYES,SIN AUXILIAR,Sin restricciones,1040,1090,7995,SEMINARIO DE INVESTIGACION MECANICA INDUSTRIAL,"['Martes', 'Jueves']"
7995 SEMINARIO DE INVESTIGACION MECANICA INDUSTRIAL,practica,Q,PRESENCIAL,T-3,109,18:10,19:00,"[None, None, None, 'X', None, None, None]",DIANA ORALIA SALGUERO ESPANA,SIN AUXILIAR,Sin restricciones,1090,1140,7995,SEMINARIO DE INVESTIGACION MECANICA INDUSTRIAL,['Jueves']
7999 SEMINARIO DE INVESTIGACION E.P.S. SISTEMAS,Clase normal,R,PRESENCIAL,T-3,114,09:50,11:30,"[None, 'X', None, None, None, None, None]",FLORIZA FELIPA AVILA PESQUERA DE MEDINILLA,SIN AUXILIAR,Sin restricciones,590,690,7999,SEMINARIO DE INVESTIGACION E.P.S. SISTEMAS,['Martes']